make,model,body_style,transmission_clean,drivetrain_clean,seller_type_clean,year,mileage_clean,bids_clean,is_manual,is_rwd,is_private_seller,is_high_mileage,sale_price,sold_status,title,auction_date,location,car_age
Toyota,MR2 Spyder,Convertible,Manual,RWD,Private Party,2000.0,36400.0,20.0,1,1,1,0,10200.0,sold,2000 Toyota MR2 Spyder,"Ended October 31st, 2025 at 2:16 AM","Grand Rapids, MI 49508",26.0
BMW,E46 M3,Coupe,Manual,RWD,Private Party,2004.0,52100.0,17.0,1,1,1,0,36900.0,sold,2004 BMW M3 Coupe,"Ended October 25th, 2025 at 2:38 AM","Hollywood, FL 33021",22.0
Smart,Fortwo,Hatchback,Automatic,RWD,Private Party,2014.0,45000.0,18.0,0,1,1,0,2900.0,sold,2014 Smart ForTwo Electric Drive Passion,"Ended December 17th, 2025 at 3:12 AM","Hereford, AZ 85615",12.0
Porsche,Macan,SUV/Crossover,Automatic,4WD/AWD,Dealer,2017.0,66600.0,52.0,0,0,0,0,24500.0,sold,2017 Porsche Macan S,"Ended October 24th, 2025 at 2:46 AM","Ronkonkoma, NY 11779",9.0
BMW,E46 M3,Coupe,Manual,RWD,Private Party,2004.0,137100.0,22.0,1,1,1,1,15250.0,sold,2004 BMW M3 Coupe,"Ended November 1st, 2025 at 4:03 AM","Madison, WI 53703",22.0
Porsche,987 Boxster,Convertible,Manual,RWD,Private Party,2007.0,103900.0,39.0,1,1,1,1,15850.0,sold,2007 Porsche Boxster,Ended January 10th at 2:50 AM,"Atlanta, GA 30345",19.0
Mercedes-Benz,CLS AMG,Sedan,Automatic,RWD,Private Party,2007.0,86100.0,40.0,0,1,1,0,13700.0,sold,2007 Mercedes-Benz CLS63 AMG,Ended January 15th at 4:46 AM,"Villa Park, CA 92861",19.0
BMW,i3,Hatchback,Automatic,RWD,Private Party,2019.0,42900.0,10.0,0,1,1,0,9500.0,sold,2019 BMW i3 Range Extender,Ended February 14th at 2:58 AM,"Reno, NV 89521",7.0
Ford,Mustang,Convertible,Manual,RWD,Private Party,1992.0,51800.0,45.0,1,1,1,0,17250.0,sold,1992 Ford Mustang LX 5.0 Convertible Summer Edition,Ended February 13th at 4:21 AM,"Nolensville, TN 37135",34.0
Toyota,FJ Cruiser,SUV/Crossover,Automatic,4WD/AWD,Private Party,2008.0,178100.0,33.0,0,0,1,1,10400.0,sold,2008 Toyota FJ Cruiser,"Ended November 14th, 2025 at 4:30 AM","Dover, PA 17315",18.0
Audi,C5 RS6,Sedan,Automatic,4WD/AWD,Private Party,2003.0,110200.0,32.0,0,0,1,1,6700.0,sold,2003 Audi RS6,"Ended November 22nd, 2025 at 4:46 AM","Red Lodge, MT 59068",23.0
Audi,RS7,Sedan,Automatic,4WD/AWD,Private Party,2017.0,46800.0,31.0,0,0,1,0,45500.0,sold,2017 Audi RS7 Performance,Ended March 3rd at 4:02 AM,"Sacramento, CA 95864",9.0
Chevrolet,C8 Corvette,Coupe,Automatic,RWD,Private Party,2023.0,35000.0,25.0,0,1,1,0,48500.0,sold,2023 Chevrolet Corvette Stingray Coupe,Ended February 26th at 4:15 AM,"Detroit, MI 48226",3.0
BMW,3 Series,Convertible,Automatic,RWD,Private Party,2013.0,38300.0,5.0,0,1,1,0,16000.0,sold,2013 BMW 335i Convertible,Ended February 25th at 4:38 AM,"Sudbury, MA 01776",13.0
BMW,E39 M5,Sedan,Manual,RWD,Private Party,2001.0,44600.0,3.0,1,1,1,0,50039.0,sold,2001 BMW M5,"Ended November 25th, 2025 at 3:22 AM","Naples, FL 34119",25.0
BMW,X5,SUV/Crossover,Automatic,4WD/AWD,Dealer,2013.0,42500.0,48.0,0,0,0,0,14350.0,sold,2013 BMW X5 xDrive35i,"Ended October 22nd, 2025 at 2:18 AM","Lathrop, CA 95330",13.0
Mitsubishi,Eclipse,Coupe,Automatic,FWD,Private Party,1999.0,70000.0,21.0,0,0,1,0,7850.0,sold,1999 Mitsubishi Eclipse GS Coupe,"Ended November 26th, 2025 at 3:38 AM","Salem, OR 97304",27.0
Chevrolet,C3 Corvette,Coupe,Automatic,RWD,Dealer,1980.0,35200.0,26.0,0,1,0,0,10600.0,sold,1980 Chevrolet Corvette,Ended February 21st at 4:06 AM,"Anaheim, CA 92807",46.0
Ford,Super Duty,Truck,Automatic,RWD,Dealer,2000.0,135900.0,28.0,0,1,0,1,10300.0,sold,2000 Ford F-350 Super Duty XLT,Ended February 12th at 4:34 AM,"Bakersfield, CA 93313",26.0
BMW,F06/F12/F13 M6,Sedan,Automatic,RWD,Private Party,2015.0,12100.0,39.0,0,1,1,0,39250.0,sold,2015 BMW M6 Gran Coupe,"Ended December 6th, 2025 at 4:36 AM","Bloomington, IN 47401",11.0
Lincoln,Town Car,Sedan,Automatic,RWD,Private Party,2006.0,15700.0,59.0,0,1,1,0,18001.0,sold,2006 Lincoln Town Car Executive L,"Ended November 19th, 2025 at 4:35 AM","Vermilion, OH 44089",20.0
BMW,02 Series,Coupe,Manual,RWD,Private Party,1974.0,18300.0,24.0,1,1,1,0,19255.0,sold,1974 BMW 2002tii,Ended January 21st at 5:00 AM,"Studio City, CA 91604",52.0
Toyota,4Runner,SUV/Crossover,Automatic,4WD/AWD,Private Party,2000.0,198500.0,32.0,0,0,1,1,13000.0,sold,2000 Toyota 4Runner Limited 4x4,"Ended October 29th, 2025 at 3:57 AM","Folsom, CA 95630",26.0
Jeep,Wrangler,SUV/Crossover,Automatic,4WD/AWD,Private Party,2024.0,4600.0,34.0,0,0,1,0,75500.0,sold,2024 Jeep Wrangler Rubicon 392 Final Edition 4x4,"Ended November 6th, 2025 at 4:20 AM","Highland, MD 20777",2.0
Hyundai,Equus,Sedan,Automatic,RWD,Dealer,2016.0,35600.0,51.0,0,1,0,0,21249.0,sold,2016 Hyundai Equus Ultimate,Ended January 1st at 4:34 AM,"Jacksonville, OR 97530",10.0
Hyundai,Equus,Sedan,Automatic,RWD,Private Party,2015.0,128400.0,32.0,0,1,1,1,7800.0,sold,2015 Hyundai Equus Ultimate,"Ended October 16th, 2025 at 2:26 AM","Cudahy, WI 53110",11.0
BMW,i8,Coupe,Automatic,4WD/AWD,Private Party,2019.0,17000.0,48.0,0,0,1,0,71500.0,sold,2019 BMW i8 Coupe,"Ended October 31st, 2025 at 3:33 AM","Pacifica, CA 94044",7.0
Toyota,Tundra,Truck,Automatic,4WD/AWD,Dealer,2004.0,163600.0,57.0,0,0,0,1,12600.0,sold,2004 Toyota Tundra Limited Access Cab V8 4x4,Ended February 10th at 3:30 AM,"Hortonville, WI 54944",22.0
BMW,M2,Coupe,Manual,RWD,Private Party,2021.0,28900.0,49.0,1,1,1,0,56000.0,sold,2021 BMW M2 Competition,"Ended November 26th, 2025 at 2:36 AM","San Jose, CA 95125",5.0
Porsche,997 911,Convertible,Manual,RWD,Private Party,2005.0,154400.0,21.0,1,1,1,1,21000.0,sold,2005 Porsche 911 Carrera Cabriolet,"Ended October 16th, 2025 at 3:11 AM","San Mateo, CA 94404",21.0
Volkswagen,Golf,Wagon,Automatic,FWD,Dealer,2016.0,87400.0,54.0,0,0,0,0,11500.0,sold,2016 Volkswagen Golf SportWagen S,Ended January 27th at 3:31 AM,"Pompano Beach, FL 33064",10.0
Chevrolet,Blazer,SUV/Crossover,Automatic,4WD/AWD,Private Party,2004.0,29400.0,43.0,0,0,1,0,12000.0,sold,2004 Chevrolet Blazer ZR2 4x4,"Ended October 28th, 2025 at 2:54 AM","Montgomery Village, MD 20886",22.0
Volvo,C30,Hatchback,Automatic,FWD,Dealer,2011.0,138100.0,6.0,0,0,0,1,4400.0,sold,2011 Volvo C30 T5,Ended February 20th at 3:30 AM,"Marietta, GA 30062",15.0
Audi,A6,Sedan,Automatic,4WD/AWD,Private Party,2013.0,43900.0,43.0,0,0,1,0,13100.0,sold,2013 Audi A6 3.0T Quattro Prestige,"Ended December 17th, 2025 at 5:14 AM","Boynton Beach, FL 33473",13.0
Alfa Romeo,Stelvio,SUV/Crossover,Automatic,4WD/AWD,Private Party,2022.0,44800.0,39.0,0,0,1,0,40000.0,sold,2022 Alfa Romeo Stelvio Quadrifoglio,Ended February 28th at 3:23 AM,"Charlotte, NC 28217",4.0
Acura,TL,Sedan,Automatic,FWD,Private Party,2007.0,141500.0,29.0,0,0,1,1,7600.0,sold,2007 Acura TL Type-S,"Ended October 18th, 2025 at 2:38 AM","Matthews, NC 28104",19.0
Volvo,C70,Convertible,Automatic,FWD,Dealer,2007.0,58000.0,38.0,0,0,0,0,9198.0,sold,2007 Volvo C70 T5,"Ended December 17th, 2025 at 3:48 AM","King Of Prussia, PA 19406",19.0
BMW,F10 M5,Sedan,Manual,RWD,Private Party,2013.0,89100.0,13.0,1,1,1,0,32250.0,sold,2013 BMW M5,"Ended December 5th, 2025 at 3:54 AM","Haverhill, MA 01830",13.0
BMW,3 Series,Sedan,Manual,RWD,Private Party,2007.0,128800.0,32.0,1,1,1,1,5100.0,sold,2007 BMW 328i Sedan,"Ended December 3rd, 2025 at 3:32 AM","Wheeling, IL 60090",19.0
BMW,6 Series,Coupe,Manual,RWD,Private Party,1986.0,120400.0,17.0,1,1,1,1,7500.0,sold,1986 BMW 635CSi,"Ended November 15th, 2025 at 4:06 AM","Scarborough, ME 04074",40.0
BMW,E9X M3,Coupe,Automatic,RWD,Private Party,2011.0,83000.0,78.0,0,1,1,0,37750.0,sold,2011 BMW M3 Coupe Competition Package,Ended February 10th at 3:43 AM,"Redwood City, CA 94065",15.0
BMW,F80 M3,Sedan,Automatic,RWD,Private Party,2018.0,62300.0,78.0,0,1,1,0,60500.0,sold,2018 BMW M3 CS,Ended January 27th at 4:41 AM,"Glendale, CA 91206",8.0
Porsche,Cayenne,SUV/Crossover,Automatic,4WD/AWD,Private Party,2008.0,97300.0,46.0,0,0,1,0,8116.0,sold,2008 Porsche Cayenne S,"Ended October 16th, 2025 at 2:27 AM","Rochester, NY 14624",18.0
Acura,TSX,Sedan,Manual,FWD,Private Party,2008.0,86300.0,40.0,1,0,1,0,12500.0,sold,2008 Acura TSX,Ended January 8th at 4:38 AM,"Orlando, FL 32819",18.0
Volkswagen,Eurovan,Van/Minivan,Automatic,FWD,Private Party,2003.0,202200.0,17.0,0,0,1,1,4815.0,sold,2003 Volkswagen EuroVan GLS,"Ended October 30th, 2025 at 1:46 AM","Mountlake Terrace, WA 98043",23.0
Porsche,Macan,SUV/Crossover,Automatic,4WD/AWD,Private Party,2015.0,65100.0,35.0,0,0,1,0,22269.0,sold,2015 Porsche Macan Turbo,"Ended December 4th, 2025 at 4:33 AM","Ponder, TX 76259",11.0
Maserati,Quattroporte,Sedan,Automatic,4WD/AWD,Private Party,2017.0,41500.0,24.0,0,0,1,0,25500.0,sold,2017 Maserati Quattroporte S Q4 GranLusso,"Ended November 26th, 2025 at 3:03 AM","Chester Springs, PA 19425",9.0
Bentley,Eight,Sedan,Automatic,RWD,Private Party,1988.0,64300.0,35.0,0,1,1,0,6100.0,sold,1988 Bentley Eight,Ended February 25th at 2:35 AM,"Seattle, WA 98109",38.0
Porsche,981 Boxster,Convertible,Manual,RWD,Private Party,2016.0,12800.0,30.0,1,1,1,0,103000.0,sold,2016 Porsche Boxster Spyder,Ended March 3rd at 4:56 AM,"San Jose, CA 95111",10.0
Honda,S2000,Convertible,Manual,RWD,Dealer,2007.0,19400.0,31.0,1,1,0,0,36638.0,sold,2007 Honda S2000,Ended February 28th at 3:13 AM,"Houston, TX 77074",19.0
Jaguar,F-Type,Coupe,Automatic,4WD/AWD,Private Party,2017.0,19500.0,26.0,0,0,1,0,52420.0,sold,2017 Jaguar F-Type SVR Coupe,"Ended December 17th, 2025 at 5:30 AM","Tucson, AZ 85742",9.0
Mazda,ND Miata,Convertible,Automatic,RWD,Dealer,2018.0,6500.0,36.0,0,1,0,0,20000.0,sold,2018 Mazda MX-5 Miata RF Grand Touring,Ended February 11th at 3:08 AM,"Burlington, NC 27215",8.0
Chevrolet,Silverado,Truck,Automatic,4WD/AWD,Private Party,2011.0,152350.0,9.0,0,0,1,1,16250.0,sold,2011 Chevrolet Silverado 2500HD LTZ 4x4,"Ended November 14th, 2025 at 3:50 AM","Santa Cruz, CA 95060",15.0
Saab,9-5,Sedan,Automatic,FWD,Private Party,2005.0,163500.0,11.0,0,0,1,1,2805.0,sold,2005 Saab 9-5 Aero Sedan,"Ended December 2nd, 2025 at 3:52 AM","Vancouver, WA 98665",21.0
Porsche,996 911,Convertible,Manual,4WD/AWD,Private Party,2004.0,64400.0,29.0,1,0,1,0,59000.0,sold,2004 Porsche 911 Turbo Cabriolet,Ended January 7th at 4:01 AM,"Miami, FL 33146",22.0
BMW,F8X M4,Convertible,Automatic,RWD,Private Party,2015.0,50800.0,38.0,0,1,1,0,24750.0,sold,2015 BMW M4 Convertible,"Ended December 11th, 2025 at 3:52 AM","Cumming, GA 30041",11.0
Audi,A4,Wagon,Manual,4WD/AWD,Private Party,2008.0,92800.0,51.0,1,0,1,0,12000.0,sold,2008 Audi A4 Avant 2.0T Quattro,Ended February 27th at 2:49 AM,"Portland, OR 97215",18.0
Porsche,Cayenne,SUV/Crossover,Automatic,4WD/AWD,Dealer,2013.0,101900.0,17.0,0,0,0,1,13350.0,sold,2013 Porsche Cayenne S,"Ended November 22nd, 2025 at 4:50 AM","Pompano Beach, FL 33060",13.0
Porsche,991 911,Coupe,Automatic,RWD,Private Party,2015.0,169100.0,44.0,0,1,1,1,39750.0,sold,2015 Porsche 911 Carrera S Coupe,"Ended December 2nd, 2025 at 3:42 AM","Carlsbad, CA 92009",11.0
Land Rover,LR4,SUV/Crossover,Automatic,4WD/AWD,Private Party,2013.0,186900.0,35.0,0,0,1,1,9500.0,sold,2013 Land Rover LR4 HSE LUX,"Ended December 17th, 2025 at 4:45 AM","Melbourne, FL 32934",13.0
Land Rover,Range Rover,SUV/Crossover,Automatic,4WD/AWD,Private Party,2012.0,123600.0,28.0,0,0,1,1,10199.0,sold,2012 Range Rover Supercharged,"Ended December 17th, 2025 at 4:06 AM","Hinsdale, IL 60521",14.0
Volvo,XC70,Wagon,Automatic,4WD/AWD,Dealer,2010.0,151100.0,30.0,0,0,0,1,6900.0,sold,2010 Volvo XC70 3.2 AWD,Ended February 14th at 3:47 AM,"Darby, PA 19023",16.0
BMW,M2,Coupe,Automatic,RWD,Private Party,2020.0,30600.0,27.0,0,1,1,0,44000.0,sold,2020 BMW M2 Competition,Ended January 15th at 2:38 AM,"Medfield, MA 02052",6.0
Jaguar,X-Type,Wagon,Automatic,4WD/AWD,Private Party,2006.0,26600.0,27.0,0,0,1,0,10000.0,sold,2006 Jaguar X-Type Sportwagon,Ended February 7th at 4:18 AM,"Vancouver, WA 98682",20.0
Jaguar,XJS,Coupe,Automatic,RWD,Private Party,1995.0,84500.0,36.0,0,1,1,0,10800.0,sold,1995 Jaguar XJS Coupe,Ended February 19th at 4:30 AM,"Pasadena, CA 91105",31.0
BMW,Z4,Convertible,Automatic,RWD,Private Party,2019.0,51600.0,21.0,0,1,1,0,26666.0,sold,2019 BMW Z4 sDrive30i,"Ended October 31st, 2025 at 2:18 AM","Highwood, IL 60040",7.0
Subaru,WRX STI,Sedan,Manual,4WD/AWD,Private Party,2016.0,94900.0,24.0,1,0,1,0,15000.0,sold,2016 Subaru Impreza WRX STI,Ended January 16th at 4:30 AM,"Indianapolis, IN 46280",10.0
BMW,F80 M3,Sedan,Manual,RWD,Private Party,2015.0,62800.0,31.0,1,1,1,0,41551.0,sold,2015 BMW M3,"Ended October 29th, 2025 at 3:06 AM","Carlsbad, CA 92009",11.0
Jaguar,XJR,Sedan,Automatic,RWD,Private Party,2003.0,122400.0,14.0,0,1,1,1,6100.0,sold,2003 Jaguar XJR-R1,"Ended November 21st, 2025 at 3:09 AM","Lawrenceville, GA 30043",23.0
Subaru,WRX STI,Sedan,Manual,4WD/AWD,Private Party,2021.0,21400.0,37.0,1,0,1,0,35000.0,sold,2021 Subaru WRX STI Limited,"Ended December 11th, 2025 at 4:48 AM","Cheshire, CT 06410",5.0
Toyota,Supra,Coupe,Automatic,RWD,Private Party,2022.0,67500.0,37.0,0,1,1,0,42000.0,sold,2022 Toyota Supra 3.0 Premium,"Ended November 15th, 2025 at 2:44 AM","Moyock, NC 27958",4.0
BMW,1 Series,Coupe,Automatic,RWD,Private Party,2013.0,196300.0,28.0,0,1,1,1,11250.0,sold,2013 BMW 128i Coupe,Ended March 3rd at 3:35 AM,"Beamsville, Ontario, Canada",13.0
Daihatsu,Hijet,Truck,Manual,4WD/AWD,Private Party,1999.0,10400.0,9.0,1,0,1,0,8781.0,sold,1999 Daihatsu Hijet Truck 4WD,Ended February 21st at 3:34 AM,"Quincy, MA 02170",27.0
MG,F,Convertible,Manual,RWD,Private Party,1996.0,14900.0,56.0,1,1,1,0,8650.0,sold,1996 MG F,Ended February 6th at 3:16 AM,"Miami, FL 33155",30.0
BMW,3 Series,Sedan,Manual,4WD/AWD,Private Party,2016.0,70900.0,26.0,1,0,1,0,27250.0,sold,2016 BMW 340i xDrive Sedan,"Ended November 29th, 2025 at 5:11 AM","Alpine, NJ 07620",10.0
Buick,Regal,Coupe,Automatic,RWD,Private Party,1987.0,99400.0,39.0,0,1,1,0,9700.0,sold,1987 Buick Regal Limited,"Ended November 29th, 2025 at 4:15 AM","Long Valley, NJ 07853",39.0
BMW,5 Series,Wagon,Manual,RWD,Private Party,1992.0,120600.0,38.0,1,1,1,1,14750.0,sold,1992 BMW 525i Touring,"Ended November 25th, 2025 at 3:16 AM","North Plains, OR 97133",34.0
BMW,X5,SUV/Crossover,Automatic,4WD/AWD,Dealer,2012.0,99200.0,21.0,0,0,0,0,10305.0,sold,2012 BMW X5 xDrive35d,"Ended December 6th, 2025 at 3:18 AM","Lathrop, CA 95330",14.0
Volvo,C30,Hatchback,Manual,FWD,Private Party,2013.0,99500.0,46.0,1,0,1,0,9400.0,sold,2013 Volvo C30 T5 R-Design,"Ended October 24th, 2025 at 3:40 AM","Belen, NM 87002",13.0
McLaren,570S,Coupe,Automatic,RWD,Private Party,2017.0,60500.0,14.0,0,1,1,0,89000.0,sold,2017 McLaren 570S,Ended February 5th at 4:46 AM,"Chula Vista, CA 91913",9.0
Toyota,Land Cruiser,SUV/Crossover,Automatic,4WD/AWD,Dealer,2001.0,191800.0,12.0,0,0,0,1,11000.0,sold,2001 Toyota Land Cruiser,"Ended October 21st, 2025 at 3:46 AM","Lincoln, RI 02865",25.0
Chevrolet,Monte Carlo,Coupe,Automatic,RWD,Private Party,1972.0,44700.0,25.0,0,1,1,0,16000.0,sold,1972 Chevrolet Monte Carlo,"Ended November 29th, 2025 at 3:54 AM","Oklahoma City, OK 73160",54.0
Honda,Accord,Sedan,Automatic,FWD,Private Party,1988.0,106000.0,15.0,0,0,1,1,6000.0,sold,1988 Honda Accord LX-i Sedan,"Ended October 31st, 2025 at 2:26 AM","Orlando, FL 32825",38.0
Mercedes-Benz,S-Class,Sedan,Automatic,RWD,Private Party,2007.0,123500.0,49.0,0,1,1,1,10999.0,sold,2007 Mercedes-Benz S600,"Ended October 16th, 2025 at 4:02 AM","Chandler, AZ 85225",19.0
BMW,F8X M4,Coupe,Manual,RWD,Private Party,2018.0,16200.0,10.0,1,1,1,0,53500.0,sold,2018 BMW M4 Coupe Competition Package,Ended January 21st at 5:39 AM,"Suwanee, GA 30024",8.0
Ford,Mustang,Coupe,Manual,RWD,Private Party,2005.0,54000.0,23.0,1,1,1,0,26005.0,sold,2005 Ford Mustang GT Ultimate AutoSports Eleanor Tribute Coupe,Ended January 24th at 4:48 AM,"Euless, TX 76039",21.0
Porsche,Panamera,Sedan,Automatic,4WD/AWD,Private Party,2014.0,34500.0,27.0,0,0,1,0,41888.0,sold,2014 Porsche Panamera Turbo,Ended February 3rd at 4:39 AM,"Barrington, IL 60010",12.0
Lexus,LX,SUV/Crossover,Automatic,4WD/AWD,Private Party,2003.0,600.0,34.0,0,0,1,0,67000.0,sold,2003 Lexus LX 470,Ended January 6th at 2:40 AM,"Phoenix, AZ 85020",23.0
Porsche,992 911,Convertible,Automatic,RWD,Private Party,2022.0,17200.0,56.0,0,1,1,0,115000.0,sold,2022 Porsche 911 Carrera Cabriolet,Ended January 16th at 4:48 AM,"Edgewater, MD 21037",4.0
Ford,Expedition,SUV/Crossover,Automatic,4WD/AWD,Private Party,2023.0,17900.0,34.0,0,0,1,0,51250.0,sold,2023 Ford Expedition Limited 4x4,"Ended November 18th, 2025 at 3:22 AM","Denver, CO 80249",3.0
Acura,RL,Sedan,Automatic,FWD,Private Party,2002.0,29700.0,17.0,0,0,1,0,7450.0,sold,2002 Acura 3.5RL,"Ended October 23rd, 2025 at 2:22 AM","Wilmington, DE 19807",24.0
Dodge,Dakota,Truck,Automatic,RWD,Private Party,1989.0,93300.0,17.0,0,1,1,0,8888.0,sold,1989 Dodge Dakota Sport Convertible,"Ended October 21st, 2025 at 1:49 AM","Strafford, MO 65757",37.0
Rover,P4,Sedan,Manual,RWD,Private Party,1958.0,90500.0,26.0,1,1,1,0,6000.0,sold,1958 Rover P4 105S,Ended February 3rd at 2:38 AM,"Daly City, CA 94015",68.0
BMW,Z3,Coupe,Manual,RWD,Private Party,1999.0,67300.0,13.0,1,1,1,0,18750.0,sold,1999 BMW Z3 2.8i Coupe,"Ended November 1st, 2025 at 1:34 AM","Sterling Heights, MI 48314",27.0
Land Rover,Range Rover,SUV/Crossover,Automatic,4WD/AWD,Private Party,2015.0,87400.0,55.0,0,0,1,0,19250.0,sold,2015 Range Rover Supercharged,"Ended November 5th, 2025 at 4:10 AM","Elk Grove Village, IL 60007",11.0
BMW,i8,Coupe,Automatic,4WD/AWD,Private Party,2017.0,15500.0,39.0,0,0,1,0,51500.0,sold,2017 BMW i8 Coupe Protonic Red Edition,"Ended November 15th, 2025 at 5:03 AM","Chesterfield, MO 63017",9.0
Ford,F-150 Raptor,Truck,Automatic,4WD/AWD,Private Party,2014.0,140100.0,29.0,0,0,1,1,22250.0,sold,2014 Ford F-150 SVT Raptor Special Edition,Ended February 28th at 4:06 AM,"Spring Hill, TN 37174",12.0
BMW,3 Series,Convertible,Automatic,RWD,Dealer,2006.0,81000.0,25.0,0,1,0,0,9200.0,sold,2006 BMW 330Ci ZHP Convertible,"Ended October 23rd, 2025 at 2:34 AM","Kenosha, WI 53142",20.0
Jeep,Wrangler,SUV/Crossover,Manual,4WD/AWD,Dealer,2010.0,85700.0,25.0,1,0,0,0,10250.0,sold,2010 Jeep Wrangler Rubicon 4x4,"Ended December 20th, 2025 at 2:53 AM","Pompano Beach, FL 33060",16.0
Smart,Fortwo,Hatchback,Manual,RWD,Private Party,2016.0,92400.0,32.0,1,1,1,0,7900.0,sold,2016 Smart Fortwo Passion,Ended January 28th at 3:31 AM,"Beverly Hills, CA 90212",10.0
Porsche,Cayenne,SUV/Crossover,Automatic,4WD/AWD,Dealer,2015.0,120500.0,42.0,0,0,0,1,20500.0,sold,2015 Porsche Cayenne Turbo,Ended January 22nd at 4:38 AM,"Saint Louis, MO 63132",11.0
BMW,1 Series,Convertible,Automatic,RWD,Private Party,2008.0,132300.0,26.0,0,1,1,1,7500.0,sold,2008 BMW 128i Convertible,"Ended November 7th, 2025 at 4:39 AM","Oak View, CA 93022",18.0
Audi,S5,Coupe,Automatic,4WD/AWD,Private Party,2014.0,46700.0,46.0,0,0,1,0,15600.0,sold,2014 Audi S5 Coupe Premium Plus,"Ended December 16th, 2025 at 5:24 AM","Valley Village, CA 91607",12.0
Mercedes-Benz,S-Class,Sedan,Automatic,RWD,Private Party,1987.0,145600.0,35.0,0,1,1,1,6500.0,sold,1987 Mercedes-Benz 420SEL,"Ended November 19th, 2025 at 3:03 AM","Purchase, NY 10577",39.0
Mercedes-Benz,S-Class AMG,Coupe,Automatic,RWD,Dealer,2015.0,17700.0,17.0,0,1,0,0,75000.0,sold,2015 Mercedes-AMG S65 Coupe,Ended March 3rd at 4:10 AM,"Saint George, UT 84770",11.0
Chevrolet,Tahoe,SUV/Crossover,Automatic,4WD/AWD,Private Party,2003.0,190900.0,31.0,0,0,1,1,8800.0,sold,2003 Chevrolet Tahoe Z71 4x4,Ended February 7th at 2:50 AM,"Dallas, TX 75238",23.0
Porsche,987 Boxster,Convertible,Manual,RWD,Private Party,2006.0,102100.0,37.0,1,1,1,1,15672.0,sold,2006 Porsche Boxster,"Ended December 4th, 2025 at 2:49 AM","Eden Prairie, MN 55347",20.0
Audi,A7,Sedan,Automatic,4WD/AWD,Private Party,2016.0,62400.0,26.0,0,0,1,0,17500.0,sold,2016 Audi A7,"Ended October 31st, 2025 at 2:24 AM","Oceanside, CA 92057",10.0
BMW,Z4,Convertible,Manual,RWD,Private Party,2025.0,13300.0,30.0,1,1,1,0,67000.0,sold,2025 BMW Z4 M40i Handschalter,Ended February 4th at 4:49 AM,"Phoenix, AZ 85003",1.0
Toyota,Tacoma,Truck,Manual,4WD/AWD,Private Party,1998.0,187400.0,35.0,1,0,1,1,10100.0,sold,1998 Toyota Tacoma Xtracab 4x4,"Ended December 18th, 2025 at 3:34 AM","North Las Vegas, NV 89031",28.0
Porsche,Panamera,Sedan,Automatic,4WD/AWD,Private Party,2012.0,101700.0,17.0,0,0,1,1,13000.0,sold,2012 Porsche Panamera 4S,Ended January 10th at 3:12 AM,"Crete, IL 60417",14.0
Porsche,986 Boxster,Convertible,Manual,RWD,Private Party,2003.0,128600.0,31.0,1,1,1,1,8500.0,sold,2003 Porsche Boxster,Ended January 28th at 4:46 AM,"Pacoima, CA 91331",23.0
Dodge,Viper,Convertible,Manual,RWD,Private Party,1996.0,25800.0,19.0,1,1,1,0,40250.0,sold,1996 Dodge Viper RT/10 Roadster,Ended February 6th at 2:24 AM,"San Diego, CA 92103",30.0
Porsche,992 911,Convertible,Automatic,RWD,Private Party,2023.0,4700.0,40.0,0,1,1,0,126000.0,sold,2023 Porsche 911 Carrera Cabriolet,Ended January 9th at 2:36 AM,"Bellevue, WA 98005",3.0
Aston Martin,Vantage,Coupe,Automatic,RWD,Dealer,2009.0,34700.0,52.0,0,1,0,0,32800.0,sold,2009 Aston Martin V8 Vantage,Ended January 30th at 3:05 AM,"Albertson, NY 11507",17.0
BMW,Alpina B7,Sedan,Automatic,4WD/AWD,Dealer,2018.0,58800.0,37.0,0,0,0,0,45000.0,sold,2018 BMW Alpina B7 xDrive,Ended February 4th at 4:20 AM,"Pompano Beach, FL 33064",8.0
GMC,Jimmy,SUV/Crossover,Automatic,4WD/AWD,Private Party,1990.0,75000.0,39.0,0,0,1,0,10100.0,sold,1990 GMC S-15 Jimmy 4x4,Ended January 22nd at 3:20 AM,"Willis, TX 77318",36.0
Volvo,S60,Sedan,Automatic,4WD/AWD,Private Party,2007.0,183600.0,17.0,0,0,1,1,4500.0,sold,2007 Volvo S60R,"Ended October 24th, 2025 at 3:46 AM","Minneapolis, MN 55401",19.0
Mazda,NA Miata,Convertible,Manual,RWD,Private Party,1990.0,144100.0,17.0,1,1,1,1,8100.0,sold,1990 Mazda MX-5 Miata,"Ended November 26th, 2025 at 4:15 AM","Tucson, AZ 85704",36.0
BMW,E9X M3,Sedan,Manual,RWD,Private Party,2008.0,104900.0,28.0,1,1,1,1,26000.0,sold,2008 BMW M3 Sedan,Ended January 24th at 3:42 AM,"Issaquah, WA 98027",18.0
Mercedes-Benz,G Wagen,SUV/Crossover,Manual,4WD/AWD,Private Party,1992.0,28700.0,33.0,1,0,1,0,41600.0,sold,1992 Mercedes-Benz 250GD Wolf,Ended January 16th at 4:31 AM,"Gilbert, AZ 85296",34.0
BMW,E46 M3,Coupe,Manual,RWD,Private Party,2005.0,139000.0,46.0,1,1,1,1,29000.0,sold,2005 BMW M3 Coupe Competition Package,Ended February 3rd at 4:13 AM,"Boca Raton, FL 33486",21.0
Toyota,Land Cruiser,SUV/Crossover,Automatic,4WD/AWD,Dealer,2007.0,297500.0,24.0,0,0,0,1,14100.0,sold,2007 Toyota Land Cruiser,Ended January 1st at 4:06 AM,"Boyds, MD 20841",19.0
Audi,R8,Coupe,Manual,4WD/AWD,Dealer,2015.0,13800.0,44.0,1,0,0,0,261000.0,sold,2015 Audi R8 V10 Plus Coupe,Ended January 13th at 2:29 AM,"Rockville, MD 20850",11.0
BMW,Z3,Convertible,Automatic,RWD,Private Party,2002.0,109600.0,13.0,0,1,1,1,4400.0,sold,2002 BMW Z3 2.5i Roadster,"Ended November 21st, 2025 at 4:34 AM","Los Angeles, CA 90068",24.0
Subaru,WRX,Sedan,Manual,4WD/AWD,Private Party,2019.0,92400.0,26.0,1,0,1,0,14300.0,sold,2019 Subaru WRX,Ended February 21st at 4:25 AM,"Ramona, CA 92065",7.0
Porsche,997 911,Coupe,Automatic,4WD/AWD,Dealer,2007.0,226600.0,30.0,0,0,0,1,27777.0,sold,2007 Porsche 911 Carrera 4S Coupe,"Ended December 12th, 2025 at 4:02 AM","Pelham, NH 03076",19.0
Infiniti,FX35,SUV/Crossover,Automatic,RWD,Private Party,2007.0,212500.0,44.0,0,1,1,1,12500.0,sold,2007 Infiniti FX35,Ended January 14th at 3:24 AM,"Morristown, NJ 07960",19.0
BMW,3 Series,Sedan,Manual,RWD,Private Party,1998.0,98200.0,47.0,1,1,1,0,7800.0,sold,1998 BMW 328i Sedan,Ended January 24th at 4:31 AM,"Chicago, IL 60653",28.0
Lexus,LS,Sedan,Automatic,RWD,Dealer,2002.0,134000.0,16.0,0,1,0,1,6008.0,sold,2002 Lexus LS 430,"Ended December 30th, 2025 at 5:09 AM","Pompano Beach, FL 33060",24.0
Ford,Mustang,Coupe,Automatic,RWD,Private Party,1966.0,7700.0,33.0,0,1,1,0,16000.0,sold,1966 Ford Mustang Coupe,"Ended October 29th, 2025 at 1:39 AM","Heber City, UT 84032",60.0
Porsche,Cayenne,SUV/Crossover,Automatic,4WD/AWD,Private Party,2015.0,59600.0,43.0,0,0,1,0,39000.0,sold,2015 Porsche Cayenne Turbo,Ended March 3rd at 4:05 AM,"San Diego, CA 92127",11.0
Lexus,GX,SUV/Crossover,Automatic,4WD/AWD,Private Party,2010.0,204600.0,38.0,0,0,1,1,13900.0,sold,2010 Lexus GX 460,Ended February 4th at 3:07 AM,"Richmond, CA 94804",16.0
BMW,E9X M3,Coupe,Manual,RWD,Private Party,2010.0,92600.0,48.0,1,1,1,0,29450.0,sold,2010 BMW M3 Coupe,Ended February 27th at 2:34 AM,"Tujunga, CA 91042",16.0
Tesla,Model X,SUV/Crossover,Automatic,4WD/AWD,Private Party,2017.0,120600.0,35.0,0,0,1,1,27000.0,sold,2017 Tesla Model X P100D,Ended February 5th at 4:25 AM,"Hollywood, FL 33025",9.0
Porsche,996 911,Coupe,Manual,4WD/AWD,Private Party,2001.0,16200.0,17.0,1,0,1,0,83000.0,sold,2001 Porsche 911 Turbo Coupe,"Ended November 8th, 2025 at 4:50 AM","Columbia, LA 71418",25.0
Ford,Mustang,Coupe,Manual,RWD,Dealer,1965.0,1200.0,60.0,1,1,0,0,58000.0,sold,1965 Ford Mustang Fastback,"Ended November 13th, 2025 at 3:48 AM","Wichita, KS 67202",61.0
BMW,X7,SUV/Crossover,Automatic,4WD/AWD,Private Party,2020.0,52100.0,26.0,0,0,1,0,35250.0,sold,2020 BMW X7 xDrive40i,Ended February 7th at 4:20 AM,"Leander, TX 78641",6.0
Audi,TTS,Coupe,Automatic,4WD/AWD,Private Party,2020.0,48900.0,62.0,0,0,1,0,31600.0,sold,2020 Audi TTS Coupe,Ended February 4th at 2:54 AM,"Long Beach, CA 90807",6.0
BMW,5 Series,Sedan,Manual,RWD,Private Party,1995.0,105000.0,19.0,1,1,1,1,9700.0,sold,1995 BMW 540i Sedan,Ended January 8th at 2:39 AM,"Bristol, CT 06010",31.0
Toyota,Tacoma,Truck,Automatic,RWD,Private Party,2013.0,106100.0,34.0,0,1,1,1,19000.0,sold,2013 Toyota Tacoma Limited Double Cab PreRunner,Ended January 7th at 3:46 AM,"Simi Valley, CA 93063",13.0
Jaguar,XKR,Convertible,Automatic,RWD,Private Party,2001.0,27100.0,38.0,0,1,1,0,16000.0,sold,2001 Jaguar XKR Convertible,"Ended December 2nd, 2025 at 3:14 AM","Reno, NV 89511",25.0
Mazda,NA Miata,Convertible,Manual,RWD,Private Party,1991.0,24700.0,29.0,1,1,1,0,13350.0,sold,1991 Mazda MX-5 Miata Special Edition,"Ended December 30th, 2025 at 3:52 AM","Berthoud, CO 80513",35.0
Dodge,Challenger,Coupe,Manual,RWD,Private Party,2019.0,55600.0,9.0,1,1,1,0,21250.0,sold,2019 Dodge Challenger R/T Scat Pack,"Ended December 11th, 2025 at 3:01 AM","Jamestown, NC 27282",7.0
Toyota,4Runner,SUV/Crossover,Automatic,4WD/AWD,Dealer,2001.0,202200.0,42.0,0,0,0,1,7300.0,sold,2001 Toyota 4Runner SR5 4x4,Ended February 5th at 4:44 AM,"Orlando, FL 32820",25.0
Hummer,H1,SUV/Crossover,Automatic,4WD/AWD,Private Party,1999.0,85200.0,26.0,0,0,1,0,63500.0,sold,1999 Hummer H1 Wagon,"Ended December 23rd, 2025 at 2:39 AM","Fulshear, TX 77441",27.0
BMW,Z3,Coupe,Automatic,RWD,Private Party,1999.0,123700.0,34.0,0,1,1,1,17000.0,sold,1999 BMW Z3 2.8i Coupe,"Ended November 8th, 2025 at 4:18 AM","Salem, OR 97302",27.0
BMW,X5,SUV/Crossover,Automatic,4WD/AWD,Dealer,2013.0,111300.0,28.0,0,0,0,1,11500.0,sold,2013 BMW X5 xDrive35d,"Ended November 29th, 2025 at 3:42 AM","Lathrop, CA 95330",13.0
Lexus,RX,SUV/Crossover,Automatic,FWD,Dealer,2004.0,82500.0,64.0,0,0,0,0,13000.0,sold,2004 Lexus RX 330,Ended February 13th at 2:55 AM,"Panorama City, CA 91402",22.0
Mercedes-Benz,GL AMG,SUV/Crossover,Automatic,4WD/AWD,Private Party,2014.0,133700.0,55.0,0,0,1,1,12222.0,sold,2014 Mercedes-Benz GL63 AMG,Ended February 7th at 3:42 AM,"Spring Valley, CA 91977",12.0
BMW,7 Series,Sedan,Automatic,RWD,Private Party,2000.0,143100.0,38.0,0,1,1,1,10100.0,sold,2000 BMW 750iL,Ended January 7th at 4:28 AM,"Lake Forest, CA 92630",26.0
Volvo,V60,Wagon,Automatic,4WD/AWD,Private Party,2021.0,22800.0,30.0,0,0,1,0,60500.0,sold,2021 Volvo V60 Recharge T8 Polestar Engineered,Ended January 31st at 4:18 AM,"San Diego, CA 92131",5.0
BMW,F06/F12/F13 M6,Sedan,Manual,RWD,Private Party,2015.0,78700.0,38.0,1,1,1,0,41250.0,sold,2015 BMW M6 Gran Coupe,Ended January 14th at 3:36 AM,"West Chester, OH 45069",11.0
Chevrolet,El Camino,Truck,Manual,RWD,Private Party,1979.0,2700.0,19.0,1,1,1,0,18450.0,sold,1979 Chevrolet El Camino,"Ended October 28th, 2025 at 1:55 AM","Machesney Park, IL 61115",47.0
Nissan,Stagea,Wagon,Manual,RWD,Private Party,1998.0,67900.0,46.0,1,1,1,0,23000.0,sold,1998 Nissan Stagea 25T RS-V,"Ended November 11th, 2025 at 2:51 AM","Milford, DE 19963",28.0
Porsche,996 911,Coupe,Manual,RWD,Private Party,2002.0,68600.0,43.0,1,1,1,0,37540.0,sold,2002 Porsche 911 Carrera Coupe,Ended February 13th at 3:44 AM,"Berkey, OH 43504",24.0
Tesla,Model X,SUV/Crossover,Automatic,4WD/AWD,Private Party,2020.0,44000.0,19.0,0,0,1,0,35500.0,sold,2020 Tesla Model X Long Range Plus,"Ended November 5th, 2025 at 4:47 AM","Anaheim, CA 92804",6.0
Volkswagen,Passat,Wagon,Automatic,4WD/AWD,Private Party,2003.0,125300.0,12.0,0,0,1,1,6200.0,sold,2003 Volkswagen Passat W8 Wagon,"Ended October 15th, 2025 at 2:58 AM","Easley, SC 29640",23.0
Porsche,Cayenne,SUV/Crossover,Automatic,4WD/AWD,Private Party,2011.0,62600.0,30.0,0,0,1,0,21100.0,sold,2011 Porsche Cayenne Turbo,Ended February 24th at 3:08 AM,"Encinitas, CA 92024",15.0
Lexus,GS,Sedan,Automatic,RWD,Dealer,2000.0,150000.0,23.0,0,1,0,1,5300.0,sold,2000 Lexus GS 300,Ended March 3rd at 4:10 AM,"Orlando, FL 32820",26.0
Toyota,FJ Cruiser,SUV/Crossover,Manual,4WD/AWD,Dealer,2013.0,204500.0,24.0,1,0,0,1,13300.0,sold,2013 Toyota FJ Cruiser Trail Teams Special Edition,Ended January 7th at 3:02 AM,"Port Washington, NY 11050",13.0
Porsche,997 911,Coupe,Manual,RWD,Private Party,2009.0,84000.0,46.0,1,1,1,0,50250.0,sold,2009 Porsche 911 Carrera Coupe,Ended January 22nd at 4:06 AM,"Shawnee Mission, KS 66226",17.0
Chevrolet,C4 Corvette,Coupe,Manual,RWD,Private Party,1991.0,31700.0,31.0,1,1,1,0,25250.0,sold,1991 Chevrolet Corvette ZR-1,"Ended October 23rd, 2025 at 3:57 AM","Clarkston, MI 48346",35.0
Toyota,FJ Cruiser,SUV/Crossover,Automatic,4WD/AWD,Private Party,2007.0,113700.0,8.0,0,0,1,1,12603.0,sold,2007 Toyota FJ Cruiser,Ended February 21st at 3:50 AM,"Philadelphia, PA 19115",19.0
Porsche,996 911,Convertible,Manual,RWD,Private Party,2002.0,75000.0,47.0,1,1,1,0,23500.0,sold,2002 Porsche 911 Carrera Cabriolet,Ended January 3rd at 3:09 AM,"Coos Bay, OR 97420",24.0
Mercedes-Benz,R230 SL,Convertible,Automatic,RWD,Private Party,2003.0,40900.0,21.0,0,1,1,0,9100.0,sold,2003 Mercedes-Benz SL500,"Ended October 21st, 2025 at 3:38 AM","Carlsbad, CA 92011",23.0
Land Rover,Range Rover,SUV/Crossover,Automatic,4WD/AWD,Private Party,1998.0,132100.0,9.0,0,0,1,1,2650.0,sold,1998 Range Rover 4.6 HSE,"Ended December 17th, 2025 at 3:25 AM","Boise, ID 83702",28.0
BMW,E9X M3,Sedan,Manual,RWD,Private Party,2010.0,43000.0,42.0,1,1,1,0,45000.0,sold,2010 BMW M3 Sedan,"Ended November 15th, 2025 at 3:40 AM","Brooklyn, NY 11205",16.0
Land Rover,Range Rover Sport,SUV/Crossover,Automatic,4WD/AWD,Dealer,2013.0,114600.0,50.0,0,0,0,1,14250.0,sold,2013 Range Rover Sport HSE LUX,Ended January 6th at 3:03 AM,"Lathrop, CA 95330",13.0
Mercury,Marauder,Sedan,Automatic,RWD,Private Party,2004.0,57200.0,30.0,0,1,1,0,18500.0,sold,2004 Mercury Marauder,"Ended November 22nd, 2025 at 3:07 AM","West Bloomfield, MI 48322",22.0
Ford,Focus,Hatchback,Manual,FWD,Private Party,2015.0,102900.0,32.0,1,0,1,1,7000.0,sold,2015 Ford Focus ST,Ended January 8th at 2:55 AM,"Keller, TX 76248",11.0
Porsche,G Series/930 911,Coupe,Manual,RWD,Dealer,1988.0,46400.0,31.0,1,1,0,0,140000.0,sold,1988 Porsche 911 Turbo Coupe,Ended February 13th at 2:34 AM,"Seattle, WA 98199",38.0
Fiat,500 Abarth,Convertible,Manual,FWD,Private Party,2013.0,55300.0,35.0,1,0,1,0,8192.0,sold,2013 Fiat 500C Abarth Cabriolet,Ended February 14th at 2:34 AM,"San Diego, CA 92103",13.0
Chevrolet,Camaro,Coupe,Manual,RWD,Private Party,2020.0,27900.0,23.0,1,1,1,0,56500.0,sold,2020 Chevrolet Camaro ZL1 Coupe,"Ended December 11th, 2025 at 4:42 AM","Carthage, NC 28327",6.0
BMW,Z3,Convertible,Manual,RWD,Private Party,1997.0,71100.0,11.0,1,1,1,0,6200.0,sold,1997 BMW Z3 1.9i Roadster,Ended February 14th at 3:13 AM,"Rye, NY 10580",29.0
Chevrolet,C7 Corvette,Convertible,Manual,RWD,Private Party,2014.0,44700.0,41.0,1,1,1,0,30250.0,sold,2014 Chevrolet Corvette Stingray Convertible,Ended January 8th at 4:19 AM,"Louisville, KY 40202",12.0
Subaru,WRX STI,Sedan,Manual,4WD/AWD,Private Party,2005.0,61700.0,36.0,1,0,1,0,22500.0,sold,2005 Subaru Impreza WRX STI,"Ended October 22nd, 2025 at 1:56 AM","Columbus, OH 43201",21.0
BMW,02 Series,Coupe,Automatic,RWD,Private Party,1976.0,70800.0,45.0,0,1,1,0,11212.0,sold,1976 BMW 2002,Ended March 3rd at 2:45 AM,"Las Vegas, NV 89102",50.0
Land Rover,Range Rover,SUV/Crossover,Automatic,4WD/AWD,Private Party,2014.0,57900.0,19.0,0,0,1,0,24750.0,sold,2014 Range Rover Supercharged LWB,"Ended December 5th, 2025 at 3:42 AM","Fort Pierce, FL 34951",12.0
Honda,S2000,Convertible,Manual,RWD,Private Party,2000.0,198800.0,38.0,1,1,1,1,13200.0,sold,2000 Honda S2000,"Ended November 22nd, 2025 at 4:01 AM","Hickory, NC 28602",26.0
Toyota,Land Cruiser,SUV/Crossover,Automatic,4WD/AWD,Private Party,1998.0,139000.0,25.0,0,0,1,1,13231.0,sold,1998 Toyota Land Cruiser Prado TZ,"Ended December 5th, 2025 at 3:32 AM","Norwalk, CT 06850",28.0
Nissan,350Z,Coupe,Manual,RWD,Private Party,2006.0,75200.0,58.0,1,1,1,0,10000.0,sold,2006 Nissan 350Z Coupe,Ended January 6th at 4:01 AM,"Rockford, IL 61107",20.0
Volkswagen,Golf,Wagon,Automatic,4WD/AWD,Private Party,2017.0,131700.0,50.0,0,0,1,1,9000.0,sold,2017 Volkswagen Golf Alltrack SE,"Ended December 10th, 2025 at 3:16 AM","Colchester, CT 06415",9.0
Aston Martin,Virage,Coupe,Automatic,RWD,Dealer,2012.0,16200.0,26.0,0,1,0,0,60007.0,sold,2012 Aston Martin Virage,"Ended October 30th, 2025 at 1:32 AM","Marietta, GA 30062",14.0
BMW,Z4,Convertible,Manual,RWD,Private Party,2003.0,110100.0,27.0,1,1,1,1,4200.0,sold,2003 BMW Z4 2.5i Roadster,Ended January 16th at 2:56 AM,"Herndon, VA 20170",23.0
Chevrolet,Camaro,Coupe,Manual,RWD,Private Party,2021.0,25700.0,30.0,1,1,1,0,53000.0,sold,2021 Chevrolet Camaro ZL1 Coupe,Ended January 3rd at 2:34 AM,"Covington, LA 70435",5.0
Porsche,987 Boxster,Convertible,Manual,RWD,Private Party,2005.0,86500.0,38.0,1,1,1,0,15000.0,sold,2005 Porsche Boxster,"Ended December 30th, 2025 at 2:58 AM","W Hartford, CT 06119",21.0
Aston Martin,Vantage,Coupe,Automatic,RWD,Private Party,2015.0,29800.0,15.0,0,1,1,0,97500.0,sold,2015 Aston Martin V12 Vantage S,"Ended December 2nd, 2025 at 5:13 AM","Franklin, TN 37064",11.0
BMW,7 Series,Sedan,Manual,RWD,Private Party,1995.0,104100.0,19.0,1,1,1,1,6500.0,sold,1995 BMW 728i,"Ended November 26th, 2025 at 3:06 AM","Jacksonville, FL 32258",31.0
Mercedes-Benz,W212 E63 AMG,Wagon,Automatic,4WD/AWD,Private Party,2014.0,71200.0,41.0,0,0,1,0,40500.0,sold,2014 Mercedes-Benz E63 S AMG Wagon,"Ended October 25th, 2025 at 1:32 AM","Hilton, NY 14468",12.0
Porsche,997 911,Coupe,Automatic,4WD/AWD,Private Party,2009.0,124700.0,54.0,0,0,1,1,49000.0,sold,2009 Porsche 911 Targa 4S,Ended February 27th at 4:38 AM,"Johns Island, SC 29455",17.0
Honda,S2000,Convertible,Manual,RWD,Private Party,2002.0,28600.0,17.0,1,1,1,0,38500.0,sold,2002 Honda S2000,"Ended December 30th, 2025 at 4:12 AM","Fort Myers, FL 33913",24.0
Audi,e-Tron,SUV/Crossover,Automatic,4WD/AWD,Private Party,2022.0,16700.0,28.0,0,0,1,0,36000.0,sold,2022 Audi e-tron Quattro Chronos Edition,Ended January 22nd at 3:51 AM,"Monrovia, CA 91016",4.0
Nissan,Stagea,Wagon,Automatic,4WD/AWD,Private Party,1997.0,119500.0,47.0,0,0,1,1,13400.0,sold,1997 Nissan Stagea RS Four,Ended January 13th at 3:02 AM,"Lake Oswego, OR 97034",29.0
Volvo,V70,Wagon,Manual,4WD/AWD,Private Party,2004.0,148500.0,44.0,1,0,1,1,20000.0,sold,2004 Volvo V70R,"Ended November 19th, 2025 at 2:34 AM","Milwaukee, WI 53211",22.0
Jeep,Wagoneer,SUV/Crossover,Automatic,4WD/AWD,Private Party,1987.0,92800.0,32.0,0,0,1,0,15500.0,sold,1987 Jeep Grand Wagoneer,Ended January 14th at 2:36 AM,"Lexington, KY 40503",39.0
Porsche,996 911,Convertible,Manual,4WD/AWD,Private Party,2000.0,66500.0,21.0,1,0,1,0,18246.0,sold,2000 Porsche 911 Carrera 4 Cabriolet,"Ended December 31st, 2025 at 4:08 AM","Tampa, FL 33611",26.0
Mercedes-Benz,ML-Class,SUV/Crossover,Automatic,4WD/AWD,Dealer,2006.0,66900.0,39.0,0,0,0,0,7300.0,sold,2006 Mercedes-Benz ML350,Ended January 3rd at 3:25 AM,"Ottsville, PA 18942",20.0
Audi,RS7,Sedan,Automatic,4WD/AWD,Private Party,2021.0,26200.0,30.0,0,0,1,0,76000.0,sold,2021 Audi RS7,Ended February 27th at 3:40 AM,"Austin, TX 78731",5.0
Jeep,Wrangler,SUV/Crossover,Automatic,4WD/AWD,Private Party,2004.0,128400.0,17.0,0,0,1,1,8200.0,sold,2004 Jeep Wrangler Unlimited 4x4,"Ended October 22nd, 2025 at 1:53 AM","Kitty Hawk, NC 27949",22.0
Mercedes-Benz,ML AMG,SUV/Crossover,Automatic,4WD/AWD,Dealer,2009.0,52300.0,33.0,0,0,0,0,17250.0,sold,2009 Mercedes-Benz ML63 AMG,"Ended November 5th, 2025 at 4:43 AM","Lincoln Park, MI 48146",17.0
TVR,Tuscan,Coupe,Manual,RWD,Private Party,2000.0,51000.0,13.0,1,1,1,0,50000.0,sold,2000 TVR Tuscan Speed Six,Ended January 1st at 2:30 AM,"Williamsport, PA 17701",26.0
GMC,Syclone,Truck,Automatic,4WD/AWD,Private Party,1991.0,37200.0,43.0,0,0,1,0,43888.0,sold,1991 GMC Syclone,"Ended October 25th, 2025 at 4:10 AM","Castleton On Hudson, NY 12033",35.0
McLaren,570S,Coupe,Automatic,RWD,Private Party,2017.0,60500.0,30.0,0,1,1,0,89000.0,sold,2017 McLaren 570S,Ended February 24th at 4:53 AM,"Chula Vista, CA 91913",9.0
Chevrolet,C4 Corvette,Convertible,Automatic,RWD,Private Party,1991.0,96700.0,23.0,0,1,1,0,5600.0,sold,1991 Chevrolet Corvette Convertible,"Ended November 8th, 2025 at 4:56 AM","Kenner, LA 70065",35.0
BMW,Z3,Convertible,Manual,RWD,Private Party,1998.0,74300.0,18.0,1,1,1,0,4800.0,sold,1998 BMW Z3 2.8i Roadster,"Ended December 3rd, 2025 at 4:01 AM","Saint Petersburg, FL 33705",28.0
Mercedes-Benz,S-Class,Sedan,Automatic,RWD,Private Party,1987.0,90100.0,54.0,0,1,1,0,15000.0,sold,1987 Mercedes-Benz 560SEL,"Ended October 25th, 2025 at 2:24 AM","Water Mill, NY 11976",39.0
Audi,S3,Sedan,Automatic,4WD/AWD,Private Party,2015.0,82800.0,51.0,0,0,1,0,12100.0,sold,2015 Audi S3,"Ended October 21st, 2025 at 3:51 AM","Falls Church, VA 22042",11.0
Jeep,Wrangler,SUV/Crossover,Automatic,4WD/AWD,Private Party,2004.0,91800.0,48.0,0,0,1,0,10100.0,sold,2004 Jeep Wrangler Unlimited Sport 4x4,"Ended November 29th, 2025 at 3:05 AM","Wading River, NY 11792",22.0
Ford,Mustang,Coupe,Manual,RWD,Private Party,1984.0,0.0,16.0,1,1,1,0,9000.0,sold,1984 Ford Mustang GT Coupe 20th Anniversary Edition,"Ended November 22nd, 2025 at 4:18 AM","Green Cove Springs, FL 32043",42.0
Maserati,Spyder,Convertible,Manual,RWD,Private Party,2002.0,48500.0,19.0,1,1,1,0,26500.0,sold,2002 Maserati Spyder GT,"Ended October 17th, 2025 at 1:50 AM","Orlando, FL 32805",24.0
Volvo,S60,Sedan,Automatic,4WD/AWD,Private Party,2004.0,129000.0,16.0,0,0,1,1,4200.0,sold,2004 Volvo S60R,"Ended October 15th, 2025 at 4:00 AM","Frisco, TX 75071",22.0
BMW,02 Series,Coupe,Manual,RWD,Private Party,1970.0,0.0,26.0,1,1,1,0,23250.0,sold,1970 BMW 2002,"Ended December 24th, 2025 at 2:47 AM","Studio City, CA 91604",56.0
Mercedes-Benz,R107 SL,Convertible,Automatic,RWD,Private Party,1979.0,112200.0,44.0,0,1,1,1,15000.0,sold,1979 Mercedes-Benz 450SL,Ended February 3rd at 3:54 AM,"Bluffton, SC 29910",47.0
BMW,3 Series,Wagon,Automatic,4WD/AWD,Private Party,2014.0,98200.0,27.0,0,0,1,0,9500.0,sold,2014 BMW 328i xDrive Sports Wagon,"Ended October 23rd, 2025 at 4:00 AM","Beverly, MA 01915",12.0
BMW,X5,SUV/Crossover,Automatic,4WD/AWD,Dealer,2013.0,77400.0,35.0,0,0,0,0,24500.0,sold,2013 BMW X5 M,"Ended November 7th, 2025 at 4:42 AM","Inglewood, CA 90304",13.0
Ford,Mustang,Coupe,Manual,RWD,Private Party,2007.0,42700.0,32.0,1,1,1,0,25800.0,sold,2007 Ford Mustang Shelby GT500 Coupe,Ended January 17th at 2:43 AM,"West Harrison, IN 47060",19.0
Porsche,987 Cayman,Coupe,Manual,RWD,Private Party,2007.0,38500.0,49.0,1,1,1,0,40000.0,sold,2007 Porsche Cayman,Ended February 11th at 3:51 AM,"Austin, TX 78717",19.0
Mercedes-Benz,190,Sedan,Manual,RWD,Private Party,1990.0,122400.0,31.0,1,1,1,1,24444.0,sold,1990 Mercedes-Benz 190E 2.5-16,Ended January 10th at 2:44 AM,"Boston, MA 02118",36.0
Mitsubishi,3000GT,Coupe,Manual,FWD,Private Party,1992.0,49000.0,22.0,1,0,1,0,12000.0,sold,1992 Mitsubishi 3000GT SL,Ended January 15th at 3:49 AM,"Stuart, FL 34997",34.0
Mercedes-Benz,S-Class AMG,Sedan,Automatic,RWD,Private Party,2007.0,87400.0,30.0,0,1,1,0,21000.0,sold,2007 Mercedes-Benz S65 AMG,"Ended October 28th, 2025 at 2:02 AM","Los Angeles, CA 90016",19.0
Hyundai,Veloster,Hatchback,Automatic,FWD,Private Party,2021.0,16200.0,22.0,0,0,1,0,19765.0,sold,2021 Hyundai Veloster N,"Ended October 15th, 2025 at 3:56 AM","Fort Myers, FL 33913",5.0
Mazda,ND Miata,Convertible,Manual,RWD,Private Party,2020.0,3500.0,26.0,1,1,1,0,26000.0,sold,2020 Mazda MX-5 Miata RF Grand Touring,Ended February 13th at 2:54 AM,"Star, ID 83669",6.0
BMW,2 Series,Coupe,Automatic,RWD,Private Party,2024.0,23000.0,33.0,0,1,1,0,55000.0,sold,2024 BMW M2,Ended February 13th at 2:36 AM,"Raleigh, NC 27603",2.0
BMW,Z4,Convertible,Manual,RWD,Private Party,2011.0,77300.0,10.0,1,1,1,0,17150.0,sold,2011 BMW Z4 sDrive35i,"Ended October 25th, 2025 at 2:22 AM","Walnut Creek, CA 94598",15.0
Toyota,4Runner,SUV/Crossover,Automatic,4WD/AWD,Private Party,2014.0,119500.0,29.0,0,0,1,1,24250.0,sold,2014 Toyota 4Runner Trail 4x4,Ended February 11th at 3:11 AM,"Austin, TX 78729",12.0
Audi,A4,Sedan,Automatic,4WD/AWD,Private Party,2018.0,39400.0,22.0,0,0,1,0,19250.0,sold,2018 Audi A4 2.0T Quattro Premium Plus Sedan,Ended January 9th at 4:11 AM,"Salem, UT 84653",8.0
Audi,Q7,SUV/Crossover,Automatic,4WD/AWD,Private Party,2017.0,87400.0,36.0,0,0,1,0,14800.0,sold,2017 Audi Q7 Premium Plus,Ended February 14th at 3:04 AM,"W Hartford, CT 06117",9.0
Porsche,Taycan,Sedan,Automatic,4WD/AWD,Private Party,2020.0,33200.0,66.0,0,0,1,0,50087.0,sold,2020 Porsche Taycan 4S,Ended February 20th at 3:37 AM,"Long Beach, CA 90808",6.0
Mercedes-Benz,S-Class,Sedan,Automatic,RWD,Dealer,2010.0,55000.0,21.0,0,1,0,0,14300.0,sold,2010 Mercedes-Benz S550,"Ended November 29th, 2025 at 5:22 AM","Central Valley, NY 10917",16.0
Land Rover,LR4,SUV/Crossover,Automatic,4WD/AWD,Private Party,2015.0,120300.0,32.0,0,0,1,1,9100.0,sold,2015 Land Rover LR4 HSE,"Ended November 6th, 2025 at 3:35 AM","Locke Mills, ME 04255",11.0
BMW,3 Series,Sedan,Manual,RWD,Private Party,2003.0,117300.0,44.0,1,1,1,1,14700.0,sold,2003 BMW 330i ZHP Sedan,"Ended October 25th, 2025 at 1:44 AM","Tomball, TX 77375",23.0
BMW,5 Series,Sedan,Automatic,RWD,Dealer,2015.0,112400.0,29.0,0,1,0,1,9800.0,sold,2015 BMW 535i,Ended February 3rd at 2:52 AM,"Orlando, FL 32833",11.0
BMW,3 Series,Convertible,Automatic,RWD,Private Party,1989.0,56000.0,48.0,0,1,1,0,10600.0,sold,1989 BMW 325i Convertible,"Ended November 13th, 2025 at 3:42 AM","Vero Beach, FL 32960",37.0
Ford,Mustang,Coupe,Manual,RWD,Private Party,2010.0,24100.0,45.0,1,1,1,0,15250.0,sold,2010 Ford Mustang GT Premium Coupe,"Ended November 21st, 2025 at 4:31 AM","Las Vegas, NV 89147",16.0
Pontiac,Firebird,Coupe,Automatic,RWD,Private Party,1987.0,41700.0,68.0,0,1,1,0,14600.0,sold,1987 Pontiac Firebird Trans Am GTA,"Ended November 18th, 2025 at 4:00 AM","Mascouche, QC, Canada",39.0
Audi,B7 RS4,Sedan,Manual,4WD/AWD,Private Party,2007.0,63600.0,49.0,1,0,1,0,16300.0,sold,2007 Audi RS4 Sedan,"Ended November 5th, 2025 at 3:51 AM","Chicago, IL",19.0
Ford,F-150 Raptor,Truck,Automatic,4WD/AWD,Private Party,2018.0,117900.0,28.0,0,0,1,1,29250.0,sold,2018 Ford F-150 Raptor SuperCab,Ended February 10th at 3:14 AM,"New Orleans, LA 70114",8.0
Jeep,Gladiator,Truck,Automatic,4WD/AWD,Private Party,2021.0,42600.0,50.0,0,0,1,0,28800.0,sold,2021 Jeep Gladiator Rubicon 4x4,"Ended December 4th, 2025 at 4:19 AM","Montclair, NJ 07043",5.0
Cadillac,XLR,Convertible,Automatic,RWD,Dealer,2004.0,9700.0,22.0,0,1,0,0,26500.0,sold,2004 Cadillac XLR,"Ended December 30th, 2025 at 3:54 AM","New Orleans, LA 70115",22.0
Honda,S2000,Convertible,Manual,RWD,Private Party,2002.0,74200.0,5.0,1,1,1,0,20500.0,sold,2002 Honda S2000,Ended February 7th at 5:02 AM,"Pittsburgh, PA 15237",24.0
Mazda,ND Miata,Convertible,Manual,RWD,Private Party,2016.0,61400.0,23.0,1,1,1,0,16000.0,sold,2016 Mazda MX-5 Miata Grand Touring,"Ended December 30th, 2025 at 4:23 AM","Phoenix, AZ 85027",10.0
Honda,S2000,Convertible,Manual,RWD,Private Party,2003.0,33500.0,24.0,1,1,1,0,34255.0,sold,2003 Honda S2000,"Ended December 20th, 2025 at 4:57 AM","San Diego, CA 92130",23.0
Alfa Romeo,Stelvio,SUV/Crossover,Automatic,4WD/AWD,Private Party,2018.0,60900.0,18.0,0,0,1,0,13500.0,sold,2018 Alfa Romeo Stelvio Ti Sport Q4,Ended February 26th at 4:14 AM,"Palm Springs, CA 92264",8.0
Jaguar,XK,Coupe,Automatic,RWD,Private Party,2003.0,28700.0,54.0,0,1,1,0,19500.0,sold,2003 Jaguar XK8 Coupe,Ended February 18th at 2:56 AM,"Irvine, CA 92618",23.0
Lexus,LX,SUV/Crossover,Automatic,4WD/AWD,Private Party,2013.0,157500.0,20.0,0,0,1,1,20250.0,sold,2013 Lexus LX 570,Ended January 15th at 4:31 AM,"Highland Mills, NY 10930",13.0
Porsche,992 911,Coupe,Manual,RWD,Private Party,2026.0,160.0,30.0,1,1,1,0,315000.0,sold,2026 Porsche 911 GT3 Touring,Ended March 3rd at 2:37 AM,"La Grange, IL 60525",0.0
BMW,X5,SUV/Crossover,Automatic,4WD/AWD,Dealer,2013.0,44700.0,49.0,0,0,0,0,14650.0,sold,2013 BMW X5 xDrive35i,"Ended December 16th, 2025 at 4:14 AM","Lathrop, CA 95330",13.0
Porsche,986 Boxster,Convertible,Manual,RWD,Private Party,1998.0,69300.0,54.0,1,1,1,0,11600.0,sold,1998 Porsche Boxster,"Ended December 30th, 2025 at 3:12 AM","Miami, FL 33156",28.0
BMW,5 Series,Sedan,Manual,RWD,Private Party,2001.0,100900.0,22.0,1,1,1,1,11400.0,sold,2001 BMW 540i Sedan,"Ended December 3rd, 2025 at 2:37 AM","Renton, WA 98058",25.0
Mazda,NB Miata,Convertible,Automatic,RWD,Private Party,1999.0,26600.0,11.0,0,1,1,0,7000.0,sold,1999 Mazda Roadster Special Edition,"Ended November 6th, 2025 at 5:02 AM","Murphy, NC 28906",27.0
Porsche,996 911,Coupe,Manual,RWD,Private Party,2002.0,136800.0,29.0,1,1,1,1,17996.0,sold,2002 Porsche 911 Carrera Coupe,"Ended December 2nd, 2025 at 5:05 AM","Monterey Park, CA 91755",24.0
Jaguar,XJR,Sedan,Automatic,RWD,Dealer,2014.0,106800.0,40.0,0,1,0,1,14200.0,sold,2014 Jaguar XJR L,Ended January 24th at 3:48 AM,"Gun Barrel City, TX 75156",12.0
Porsche,997 911,Coupe,Automatic,4WD/AWD,Dealer,2007.0,226800.0,31.0,0,0,0,1,28161.0,sold,2007 Porsche 911 Carrera 4S Coupe,Ended January 10th at 3:57 AM,"Pelham, NH 03076",19.0
Honda,S2000,Convertible,Manual,RWD,Private Party,2004.0,81600.0,10.0,1,1,1,0,20250.0,sold,2004 Honda S2000,Ended February 20th at 3:58 AM,"Austin, TX 78727",22.0
Chevrolet,C/K Series,Truck,Automatic,RWD,Dealer,1996.0,129900.0,28.0,0,1,0,1,12103.0,sold,1996 Chevrolet C3500HD Ramp Truck,Ended February 21st at 2:50 AM,"Watsonville, CA 95076",30.0
Mercedes-Benz,E-Class,Coupe,Automatic,RWD,Private Party,1978.0,150500.0,9.0,0,1,1,1,7531.0,sold,1978 Mercedes-Benz 300CD,Ended January 29th at 2:42 AM,"Port Orchard, WA 98367",48.0
Mercedes-Benz,Sprinter,Van/Minivan,Automatic,4WD/AWD,Private Party,2023.0,7700.0,47.0,0,0,1,0,132555.0,sold,2023 Mercedes-Benz Sprinter 2500 Storyteller Overland Mode 4x4,"Ended December 4th, 2025 at 5:07 AM","North Dartmouth, MA 02747",3.0
Lotus,Exige,Coupe,Manual,RWD,Dealer,2006.0,33300.0,42.0,1,1,0,0,47500.0,sold,2006 Lotus Exige,"Ended November 8th, 2025 at 2:46 AM","Danbury, CT 06811",20.0
BMW,X1,SUV/Crossover,Automatic,4WD/AWD,Dealer,2013.0,126000.0,44.0,0,0,0,1,9900.0,sold,2013 BMW X1 xDrive35i,"Ended November 7th, 2025 at 2:30 AM","San Diego, CA 92103",13.0
Nissan,Xterra,SUV/Crossover,Automatic,4WD/AWD,Dealer,2003.0,78900.0,16.0,0,0,0,0,7200.0,sold,2003 Nissan Xterra SE 4x4,Ended January 27th at 3:58 AM,"Great Neck, NY 11023",23.0
Chrysler,300M,Sedan,Automatic,FWD,Private Party,2004.0,68000.0,19.0,0,0,1,0,7501.0,sold,2004 Chrysler 300M Special,"Ended December 2nd, 2025 at 2:37 AM","Reading, PA 19605",22.0
BMW,5 Series,Sedan,Automatic,4WD/AWD,Private Party,2021.0,20300.0,34.0,0,0,1,0,50000.0,sold,2021 BMW M550i xDrive,"Ended November 20th, 2025 at 4:31 AM","Scarsdale, NY 10583",5.0
Chevrolet,Silverado,Truck,Automatic,4WD/AWD,Private Party,2001.0,79300.0,51.0,0,0,1,0,11900.0,sold,2001 Chevrolet Silverado 1500 4x4,"Ended December 2nd, 2025 at 2:52 AM","Van Nuys, CA 91406",25.0
Pontiac,Firebird,Coupe,Automatic,RWD,Private Party,1978.0,7900.0,87.0,0,1,1,0,26750.0,sold,1978 Pontiac Firebird Trans Am,"Ended October 16th, 2025 at 1:55 AM","San Rafael, CA 94903",48.0
Mercedes-Benz,S-Class,Sedan,Automatic,RWD,Dealer,2008.0,46200.0,24.0,0,1,0,0,9100.0,sold,2008 Mercedes-Benz S550,"Ended October 17th, 2025 at 2:54 AM","Banta, CA 95304",18.0
BMW,3 Series,Sedan,Manual,RWD,Private Party,2013.0,92600.0,55.0,1,1,1,0,17250.0,sold,2013 BMW 335i Sedan,"Ended December 13th, 2025 at 3:50 AM","Fuquay Varina, NC 27526",13.0
Audi,B6 S4,Wagon,Automatic,4WD/AWD,Private Party,2005.0,100200.0,9.0,0,0,1,1,8100.0,sold,2005 Audi S4 Avant,"Ended October 21st, 2025 at 2:38 AM","Washington, DC 20001",21.0
Aston Martin,Vantage,Coupe,Manual,RWD,Dealer,2007.0,32000.0,26.0,1,1,0,0,39750.0,sold,2007 Aston Martin V8 Vantage,Ended January 3rd at 3:33 AM,"Devon, PA 19333",19.0
Audi,S5,Coupe,Automatic,4WD/AWD,Private Party,2009.0,145400.0,41.0,0,0,1,1,11100.0,sold,2009 Audi S5 Coupe,"Ended November 5th, 2025 at 4:32 AM","Beaufort, SC 29906",17.0
Honda,Odyssey,Van/Minivan,Automatic,FWD,Private Party,1997.0,62200.0,25.0,0,0,1,0,5700.0,sold,1997 Honda Odyssey Prestige,Ended February 6th at 2:55 AM,"Orlando, FL 32825",29.0
Jeep,Gladiator,Truck,Automatic,4WD/AWD,Private Party,2020.0,81100.0,31.0,0,0,1,0,29400.0,sold,2020 Jeep Gladiator Sport 4x4,"Ended December 24th, 2025 at 2:58 AM","Punta Gorda, FL 33955",6.0
Nissan,R32 Skyline,Sedan,Manual,4WD/AWD,Private Party,1991.0,37600.0,18.0,1,0,1,0,12500.0,sold,1991 Nissan Skyline GTS-4 Sedan,"Ended December 30th, 2025 at 2:42 AM","Portland, OR 97225",35.0
BMW,X5,SUV/Crossover,Automatic,4WD/AWD,Private Party,2004.0,136600.0,26.0,0,0,1,1,6100.0,sold,2004 BMW X5 4.8is,"Ended November 19th, 2025 at 3:34 AM","Willow Grove, PA 19090",22.0
Mercedes-Benz,R107 SL,Convertible,Automatic,RWD,Dealer,1978.0,73300.0,40.0,0,1,0,0,13550.0,sold,1978 Mercedez-Benz 450SL,Ended January 17th at 3:04 AM,"Laguna Niguel, CA 92677",48.0
Volkswagen,Mk6 GTI,Hatchback,Automatic,FWD,Dealer,2012.0,58900.0,36.0,0,0,0,0,6900.0,sold,2012 Volkswagen GTI,Ended February 7th at 3:53 AM,"Orlando, FL 32820",14.0
BMW,3 Series,Wagon,Manual,RWD,Private Party,2002.0,196000.0,33.0,1,1,1,1,14000.0,sold,2002 BMW 325i Touring,"Ended November 18th, 2025 at 2:41 AM","Centreville, VA 20120",24.0
Porsche,996 911,Convertible,Manual,4WD/AWD,Dealer,2000.0,84000.0,59.0,1,0,0,0,21250.0,sold,2000 Porsche 911 Carrera 4 Cabriolet,Ended February 4th at 3:26 AM,"Windsor, CO 80550",26.0
Aston Martin,DB9,Convertible,Automatic,RWD,Private Party,2007.0,22900.0,14.0,0,1,1,0,35000.0,sold,2007 Aston Martin DB9 Volante,"Ended November 19th, 2025 at 2:39 AM","Boca Raton, FL 33431",19.0
Toyota,Supra,Coupe,Manual,RWD,Private Party,1994.0,96000.0,30.0,1,1,1,0,30750.0,sold,1994 Toyota Supra,Ended January 3rd at 2:50 AM,"Albuquerque, NM 87108",32.0
BMW,Z4,Coupe,Manual,RWD,Private Party,2008.0,38300.0,11.0,1,1,1,0,34650.0,sold,2008 BMW Z4 M Coupe,"Ended November 15th, 2025 at 3:49 AM","West Linn, OR 97068",18.0
Dodge,Challenger,Coupe,Manual,RWD,Dealer,2011.0,19900.0,45.0,1,1,0,0,25000.0,sold,2011 Dodge Challenger SRT8,"Ended December 2nd, 2025 at 4:14 AM","Hollywood, FL 33021",15.0
Land Rover,Range Rover,SUV/Crossover,Automatic,4WD/AWD,Dealer,2019.0,11100.0,60.0,0,0,0,0,58900.0,sold,2019 Range Rover Supercharged LWB,"Ended November 14th, 2025 at 4:43 AM","San Antonio, TX 78216",7.0
Ferrari,458,Convertible,Automatic,RWD,Private Party,2015.0,7600.0,24.0,0,1,1,0,335000.0,sold,2015 Ferrari 458 Spider,Ended February 27th at 4:47 AM,"Great Falls, VA 22066",11.0
Ford,Bronco,SUV/Crossover,Automatic,4WD/AWD,Private Party,2022.0,11200.0,45.0,0,0,1,0,40000.0,sold,2022 Ford Bronco Wildtrak RTR,Ended January 24th at 4:02 AM,"Astoria, NY 11105",4.0
Nissan,240SX,Coupe,Automatic,RWD,Private Party,1998.0,108200.0,12.0,0,1,1,1,9420.0,sold,1998 Nissan 240SX,"Ended October 23rd, 2025 at 1:39 AM","Lakeville, MN 55044",28.0
Ford,Bronco,SUV/Crossover,Automatic,4WD/AWD,Private Party,2022.0,45100.0,43.0,0,0,1,0,31000.0,sold,2022 Ford Bronco Black Diamond,"Ended December 30th, 2025 at 4:53 AM","Wayne, NJ 07470",4.0
Porsche,Cayenne,SUV/Crossover,Automatic,4WD/AWD,Dealer,2013.0,105400.0,21.0,0,0,0,1,17208.0,sold,2013 Porsche Cayenne GTS,Ended January 28th at 3:42 AM,"Layton, UT 84041",13.0
Jeep,Gladiator,Truck,Automatic,4WD/AWD,Private Party,2023.0,14900.0,42.0,0,0,1,0,25750.0,sold,2023 Jeep Gladiator Sport 4x4,"Ended October 31st, 2025 at 3:38 AM","Madison, AL 35758",3.0
Porsche,Cayenne,SUV/Crossover,Automatic,4WD/AWD,Dealer,2009.0,136200.0,3.0,0,0,0,1,13450.0,sold,2009 Porsche Cayenne GTS,"Ended December 4th, 2025 at 3:25 AM","Lathrop, CA 95330",17.0
Mazda,Mazdaspeed 3,Hatchback,Manual,FWD,Private Party,2011.0,83700.0,36.0,1,0,1,0,14250.0,sold,2011 Mazdaspeed3,"Ended October 25th, 2025 at 2:53 AM","Miami, FL 33137",15.0
Audi,A7,Sedan,Automatic,4WD/AWD,Private Party,2014.0,127700.0,21.0,0,0,1,1,13700.0,sold,2014 Audi A7 TDI Prestige,"Ended October 22nd, 2025 at 2:43 AM","Clovis, CA 93611",12.0
Ford,Super Duty,Truck,Automatic,4WD/AWD,Private Party,1997.0,100900.0,65.0,0,0,1,1,14000.0,sold,1997 Ford F-250 4x4,"Ended November 7th, 2025 at 3:51 AM","Martinez, CA 94553",29.0
Audi,TT,Convertible,Manual,4WD/AWD,Private Party,2002.0,42100.0,51.0,1,0,1,0,15500.0,sold,2002 Audi TT Quattro Roadster,"Ended November 1st, 2025 at 1:59 AM","Dahlonega, GA 30533",24.0
Pontiac,GTO,Coupe,Manual,RWD,Private Party,2005.0,78200.0,34.0,1,1,1,0,15251.0,sold,2005 Pontiac GTO,Ended February 24th at 2:54 AM,"Denver, CO 80260",21.0
Lotus,Elan,Convertible,Manual,FWD,Private Party,1991.0,114400.0,17.0,1,0,1,1,7250.0,sold,1991 Lotus Elan SE,Ended February 17th at 2:34 AM,"Newport Beach, CA 92661",35.0
BMW,F8X M4,Coupe,Automatic,RWD,Private Party,2015.0,76800.0,56.0,0,1,1,0,28850.0,sold,2015 BMW M4 Coupe,Ended February 7th at 4:09 AM,"Danville, CA 94526",11.0
BMW,5 Series,Sedan,Automatic,RWD,Dealer,2015.0,112400.0,17.0,0,1,0,1,9800.0,sold,2015 BMW 535i,Ended February 25th at 4:06 AM,"Orlando, FL 32833",11.0
Audi,B8 S4,Sedan,Automatic,4WD/AWD,Private Party,2016.0,111700.0,57.0,0,0,1,1,15561.0,sold,2016 Audi S4 Premium Plus,"Ended November 18th, 2025 at 3:43 AM","Ardmore, OK 73401",10.0
Land Rover,Range Rover,SUV/Crossover,Automatic,4WD/AWD,Dealer,2016.0,69400.0,29.0,0,0,0,0,17750.0,sold,2016 Range Rover HSE,"Ended November 1st, 2025 at 3:38 AM","San Diego, CA 92119",10.0
Audi,RS5,Coupe,Automatic,4WD/AWD,Dealer,2021.0,65000.0,77.0,0,0,0,0,42500.0,sold,2021 Audi RS5 Coupe,"Ended December 31st, 2025 at 3:14 AM","West Chester, PA 19382",5.0
Jeep,Comanche,Truck,Manual,4WD/AWD,Private Party,1988.0,69700.0,45.0,1,0,1,0,12100.0,sold,1988 Jeep Comanche 4x4,"Ended December 23rd, 2025 at 4:35 AM","Scarsdale, NY 10583",38.0
Nissan,R35 GT-R,Coupe,Automatic,4WD/AWD,Private Party,2021.0,7900.0,33.0,0,0,1,0,163000.0,sold,2021 Nissan GT-R T-Spec,"Ended December 10th, 2025 at 4:51 AM","Rye, NY 10580",5.0
Ford,Bronco,SUV/Crossover,Automatic,4WD/AWD,Dealer,2023.0,1200.0,12.0,0,0,0,0,40803.0,sold,2023 Ford Bronco Big Bend,Ended February 7th at 4:58 AM,"South River, NJ 08882",3.0
Lexus,LX,Sedan,Automatic,4WD/AWD,Private Party,2002.0,179300.0,47.0,0,0,1,1,9200.0,sold,2002 Lexus LX 470,Ended February 26th at 4:39 AM,"Rockwall, TX 75087",24.0
Dodge,Viper,Convertible,Manual,RWD,Private Party,2005.0,38100.0,29.0,1,1,1,0,49000.0,sold,2005 Dodge Viper SRT-10 Convertible,"Ended October 17th, 2025 at 1:29 AM","San Diego, CA 92103",21.0
Lexus,IS,Sedan,Automatic,RWD,Private Party,2002.0,228900.0,19.0,0,1,1,1,6100.0,sold,2002 Lexus IS 300,"Ended December 9th, 2025 at 2:54 AM","Martinez, CA 94553",24.0
Mercedes-Benz,CLK AMG,Convertible,Automatic,RWD,Dealer,2005.0,122300.0,21.0,0,1,0,1,6850.0,sold,2005 Mercedes-Benz CLK55 AMG Cabriolet,"Ended November 25th, 2025 at 3:53 AM","Miami, FL 33181",21.0
GMC,Savana,Van/Minivan,Automatic,RWD,Private Party,2023.0,39900.0,59.0,0,1,1,0,47000.0,sold,2023 GMC Savana G2500 Explorer Conversion Van,Ended February 24th at 4:15 AM,"Locust Grove, GA 30248",3.0
Lexus,LC 500,Convertible,Automatic,RWD,Dealer,2021.0,21500.0,36.0,0,1,0,0,74000.0,sold,2021 Lexus LC 500 Convertible,"Ended October 28th, 2025 at 2:58 AM","New Orleans, LA 70115",5.0
Porsche,Macan,SUV/Crossover,Automatic,4WD/AWD,Private Party,2022.0,20700.0,43.0,0,0,1,0,42100.0,sold,2022 Porsche Macan,"Ended December 6th, 2025 at 3:33 AM","Round Rock, TX 78681",4.0
Porsche,996 911,Coupe,Automatic,4WD/AWD,Private Party,2001.0,98400.0,52.0,0,0,1,0,50000.0,sold,2001 Porsche 911 Turbo Coupe,"Ended November 13th, 2025 at 2:35 AM","Royal Oak, MI 48067",25.0
Honda,CRX,Hatchback,Automatic,FWD,Private Party,1991.0,114200.0,14.0,0,0,1,1,6700.0,sold,1991 Honda CRX,"Ended December 17th, 2025 at 2:48 AM","Pasadena, MD 21122",35.0
Toyota,Camry,Wagon,Automatic,FWD,Private Party,1995.0,103400.0,25.0,0,0,1,1,7500.0,sold,1995 Toyota Camry LE V6 Wagon,Ended January 30th at 3:02 AM,"Crandall, TX 75114",31.0
Chevrolet,SS,Sedan,Automatic,RWD,Private Party,2016.0,80100.0,15.0,0,1,1,0,37500.0,sold,2016 Chevrolet SS,"Ended November 6th, 2025 at 3:34 AM","San Diego, CA 92110",10.0
Mazda,ND Miata,Convertible,Manual,RWD,Private Party,2024.0,4900.0,21.0,1,1,1,0,32000.0,sold,2024 Mazda MX-5 Miata Grand Touring,Ended January 30th at 3:10 AM,"Chapel Hill, NC 27516",2.0
Pontiac,Aztek,SUV/Crossover,Automatic,FWD,Private Party,2002.0,74100.0,25.0,0,0,1,0,4900.0,sold,2002 Pontiac Aztek,"Ended December 11th, 2025 at 2:36 AM","Edison, NJ 08817",24.0
Nissan,200SX,Coupe,Manual,FWD,Private Party,1998.0,78800.0,16.0,1,0,1,0,5100.0,sold,1998 Nissan 200SX SE,"Ended November 29th, 2025 at 3:16 AM","Fountain Hills, AZ 85268",28.0
Toyota,4Runner,SUV/Crossover,Automatic,4WD/AWD,Private Party,2003.0,328000.0,40.0,0,0,1,1,8888.0,sold,2003 Toyota 4Runner Limited 4x4,"Ended December 5th, 2025 at 4:10 AM","Ogden, UT 84401",23.0
Mitsubishi,3000GT,Coupe,Manual,4WD/AWD,Dealer,1993.0,54200.0,51.0,1,0,0,0,25000.0,sold,1993 Mitsubishi 3000GT VR-4,"Ended December 2nd, 2025 at 4:00 AM","Cedar Rapids, IA 52404",33.0
Mercedes-Benz,G Wagen,SUV/Crossover,Automatic,4WD/AWD,Private Party,2011.0,85200.0,29.0,0,0,1,0,35250.0,sold,2011 Mercedes-Benz G550,"Ended October 24th, 2025 at 2:56 AM","Kansas City, MO 64113",15.0
Porsche,968,Coupe,Automatic,RWD,Private Party,1994.0,148500.0,28.0,0,1,1,1,9800.0,sold,1994 Porsche 968 Coupe,"Ended October 28th, 2025 at 4:07 AM","Salt Lake City, UT 84117",32.0
Land Rover,Range Rover,SUV/Crossover,Automatic,4WD/AWD,Dealer,2016.0,96800.0,44.0,0,0,0,0,19750.0,sold,2016 Range Rover Supercharged,"Ended October 22nd, 2025 at 3:16 AM","Swampscott, MA 01907",10.0
Porsche,Macan,SUV/Crossover,Automatic,4WD/AWD,Dealer,2016.0,139800.0,17.0,0,0,0,1,13000.0,sold,2016 Porsche Macan S,Ended February 26th at 4:02 AM,"Savannah, GA 31405",10.0
Mercedes-Benz,CLS-Class,Sedan,Automatic,RWD,Private Party,2012.0,49200.0,34.0,0,1,1,0,17250.0,sold,2012 Mercedes-Benz CLS550,"Ended November 18th, 2025 at 3:13 AM","Visalia, CA 93291",14.0
Mazda,Mazdaspeed MX-5,Convertible,Manual,RWD,Private Party,2004.0,96000.0,18.0,1,1,1,0,13200.0,sold,2004 Mazda Mazdaspeed MX-5 Miata,Ended February 20th at 4:15 AM,"Alcoa, TN 37701",22.0
Honda,Torneo,Sedan,Automatic,FWD,Private Party,2000.0,75200.0,32.0,0,0,1,0,5251.0,sold,2000 Honda Torneo,"Ended November 8th, 2025 at 3:57 AM","Paterson, NJ 07501",26.0
Volkswagen,Passat,Wagon,Manual,4WD/AWD,Private Party,2003.0,160400.0,43.0,1,0,1,1,10200.0,sold,2003 Volkswagen Passat W8 Wagon,"Ended October 22nd, 2025 at 4:11 AM","Pleasant Valley, NY 12569",23.0
BMW,Z4,Coupe,Manual,RWD,Private Party,2008.0,46400.0,21.0,1,1,1,0,15500.0,sold,2008 BMW Z4 3.0si Coupe,"Ended October 30th, 2025 at 3:18 AM","Jacksonville, FL 32224",18.0
BMW,i4,Sedan,Automatic,4WD/AWD,Private Party,2022.0,33000.0,22.0,0,0,1,0,33600.0,sold,2022 BMW i4 M50 Gran Coupe,"Ended November 13th, 2025 at 4:06 AM","Wonder Lake, IL 60097",4.0
Land Rover,Discovery,SUV/Crossover,Automatic,4WD/AWD,Private Party,2004.0,116600.0,29.0,0,0,1,1,13500.0,sold,2004 Land Rover Discovery II S G4 Limited Edition,"Ended December 4th, 2025 at 3:36 AM","Scarsdale, NY 10583",22.0
BMW,7 Series,Sedan,Automatic,RWD,Dealer,2013.0,119600.0,34.0,0,1,0,1,14500.0,sold,2013 BMW 760Li V12 25 Years Anniversary Edition,"Ended November 7th, 2025 at 4:50 AM","Junction City, KS 66441",13.0
Bentley,Continental,Coupe,Automatic,4WD/AWD,Private Party,2007.0,50400.0,17.0,0,0,1,0,31000.0,sold,2007 Bentley Continental GT Diamond Series,"Ended November 6th, 2025 at 4:50 AM","Bella Vista, AR 72714",19.0
Toyota,Mega Cruiser,SUV/Crossover,Automatic,4WD/AWD,Private Party,1996.0,28100.0,28.0,0,0,1,0,115000.0,sold,1996 Toyota Mega Cruiser,"Ended December 9th, 2025 at 4:38 AM","Sisters, OR 97759",30.0
Infiniti,G20,Sedan,Automatic,FWD,Private Party,1994.0,78100.0,29.0,0,0,1,0,5700.0,sold,1994 Infiniti G20t,Ended February 11th at 4:05 AM,"Henderson, NV 89074",32.0
BMW,Z3,Convertible,Manual,RWD,Dealer,2001.0,31400.0,43.0,1,1,0,0,16258.0,sold,2001 BMW Z3 3.0i Roadster,Ended March 3rd at 3:11 AM,"Apple Valley, CA 92307",25.0
Ford,Focus,Hatchback,Manual,FWD,Private Party,2014.0,33700.0,36.0,1,0,1,0,15250.0,sold,2014 Ford Focus ST,Ended January 29th at 3:08 AM,"Harleysville, PA 19438",12.0
Chevrolet,C6 Corvette,Coupe,Manual,RWD,Private Party,2006.0,73100.0,42.0,1,1,1,0,20000.0,sold,2006 Chevrolet Corvette Coupe,Ended January 15th at 4:25 AM,"Santa Ana, CA 92705",20.0
Cadillac,CTS-V,Sedan,Manual,RWD,Private Party,2005.0,137700.0,26.0,1,1,1,1,12800.0,sold,2005 Cadillac CTS-V,"Ended December 6th, 2025 at 3:37 AM","Katy, TX 77493",21.0
Chevrolet,C7 Corvette,Coupe,Manual,RWD,Private Party,2014.0,17900.0,38.0,1,1,1,0,41750.0,sold,2014 Chevrolet Corvette Stingray Z51 Coupe,"Ended November 25th, 2025 at 2:43 AM","Palm Bay, FL 32909",12.0
Land Rover,Discovery,SUV/Crossover,Automatic,4WD/AWD,Private Party,2004.0,134500.0,38.0,0,0,1,1,10000.0,sold,2004 Land Rover Discovery II SE7 Trail Edition,Ended February 27th at 3:09 AM,"Miami, FL 33143",22.0
Porsche,981 Boxster,Convertible,Manual,RWD,Private Party,2016.0,6300.0,24.0,1,1,1,0,106888.0,sold,2016 Porsche Boxster Spyder,"Ended November 8th, 2025 at 2:38 AM","Burlingame, CA 94010",10.0
Ford,F-150,Truck,Automatic,4WD/AWD,Private Party,2016.0,23500.0,65.0,0,0,1,0,50000.0,sold,2016 Ford Shelby F-150 4x4,"Ended December 12th, 2025 at 3:48 AM","Gainesville, FL 32653",10.0
BMW,E36 M3,Sedan,Manual,RWD,Private Party,1998.0,127700.0,46.0,1,1,1,1,23000.0,sold,1998 BMW M3 Sedan,"Ended November 25th, 2025 at 3:54 AM","Scottsdale, AZ 85257",28.0
Dodge,Viper,Convertible,Manual,RWD,Private Party,2004.0,29000.0,11.0,1,1,1,0,45000.0,sold,2004 Dodge Viper SRT-10 Convertible Mamba Edition,Ended February 21st at 2:38 AM,"San Diego, CA 92106",22.0
Land Rover,Defender,SUV/Crossover,Manual,4WD/AWD,Private Party,2000.0,156400.0,59.0,1,0,1,1,26751.0,sold,2000 Land Rover Defender 110,"Ended October 16th, 2025 at 3:01 AM","Vineyard Haven, MA 02568",26.0
Mercedes-Benz,E-Class,Wagon,Automatic,4WD/AWD,Private Party,2004.0,127000.0,41.0,0,0,1,1,6700.0,sold,2004 Mercedes-Benz E320 4Matic Wagon,"Ended November 1st, 2025 at 2:52 AM","Southfield, MI 48075",22.0
Dodge,Viper,Convertible,Manual,RWD,Private Party,1993.0,49800.0,36.0,1,1,1,0,33000.0,sold,1993 Dodge Viper RT/10,"Ended November 5th, 2025 at 4:49 AM","Delaware, OH 43015",33.0
MINI,Cooper,Hatchback,Manual,FWD,Private Party,2006.0,91000.0,17.0,1,0,1,0,7100.0,sold,2006 Mini Cooper S,"Ended October 21st, 2025 at 2:22 AM","Akron, OH 44303",20.0
BMW,X5,SUV/Crossover,Automatic,4WD/AWD,Private Party,2022.0,25700.0,43.0,0,0,1,0,54250.0,sold,2022 BMW X5 M50i,"Ended December 23rd, 2025 at 3:25 AM","Burbank, CA 91501",4.0
Land Rover,LR4,SUV/Crossover,Automatic,4WD/AWD,Dealer,2016.0,103000.0,60.0,0,0,0,1,14500.0,sold,2016 Land Rover LR4 Landmark Edition,Ended February 28th at 4:03 AM,"Lathrop, CA 95330",10.0
Lexus,LS,Sedan,Automatic,RWD,Private Party,1990.0,130400.0,20.0,0,1,1,1,5900.0,sold,1990 Lexus LS 400,"Ended December 17th, 2025 at 3:00 AM","Clermont, FL 34711",36.0
Mazda,NB Miata,Convertible,Manual,RWD,Dealer,2000.0,42200.0,19.0,1,1,0,0,19255.0,sold,2000 Mazda MX-5 Miata Special Edition,"Ended November 1st, 2025 at 1:38 AM","Buford, GA 30518",26.0
Cadillac,CTS,Wagon,Automatic,4WD/AWD,Private Party,2012.0,96900.0,34.0,0,0,1,0,11900.0,sold,2012 Cadillac CTS Sport Wagon,"Ended October 22nd, 2025 at 2:38 AM","Lees Summit, MO 64081",14.0
Land Rover,Range Rover Sport,SUV/Crossover,Automatic,4WD/AWD,Private Party,2016.0,82600.0,26.0,0,0,1,0,13000.0,sold,2016 Range Rover Sport HSE Td6,Ended January 24th at 5:15 AM,"Richboro, PA 18954",10.0
Ram,1500,Truck,Automatic,4WD/AWD,Private Party,2025.0,3500.0,42.0,0,0,1,0,53000.0,sold,2025 Ram 1500 Rebel X Crew Cab 4x4,"Ended November 15th, 2025 at 3:01 AM","Las Vegas, NV 89113",1.0
Volvo,V60,Wagon,Automatic,4WD/AWD,Private Party,2023.0,9000.0,25.0,0,0,1,0,63000.0,sold,2023 Volvo V60 Recharge T8 Polestar Engineered,"Ended October 23rd, 2025 at 1:36 AM","Westerville, OH 43081",3.0
Volkswagen,Golf,Wagon,Automatic,FWD,Dealer,2015.0,135500.0,34.0,0,0,0,1,8500.0,sold,2015 Volkswagen Golf SportWagen SE TDI,"Ended October 18th, 2025 at 2:02 AM","Orlando, FL 32820",11.0
Mercedes-Benz,E-Class,Convertible,Automatic,RWD,Private Party,2013.0,84600.0,3.0,0,1,1,0,11000.0,sold,2013 Mercedes-Benz E350 Cabriolet,Ended February 12th at 3:58 AM,"San Mateo, CA 94403",13.0
Mercedes-Benz,S-Class,Sedan,Automatic,4WD/AWD,Private Party,2018.0,114100.0,18.0,0,0,1,1,23750.0,sold,2018 Mercedes-Benz S560 4Matic Sedan,Ended January 7th at 3:50 AM,"Burlington, MA 01803",8.0
Ford,Mustang,Convertible,Automatic,RWD,Private Party,2020.0,14200.0,48.0,0,1,1,0,33750.0,sold,2020 Ford Mustang GT Premium Convertible,Ended February 17th at 3:49 AM,"Glendale, AZ 85306",6.0
Mercedes-Benz,S-Class,Sedan,Automatic,RWD,Dealer,2008.0,138600.0,20.0,0,1,0,1,8200.0,sold,2008 Mercedes-Benz S550,Ended January 1st at 3:26 AM,"Glendale, CA 91207",18.0
Fiat,500 Abarth,Hatchback,Manual,FWD,Dealer,2013.0,57600.0,34.0,1,0,0,0,8100.0,sold,2013 Fiat 500 Abarth,"Ended November 15th, 2025 at 4:20 AM","Corte Madera, CA 94925",13.0
BMW,X5,SUV/Crossover,Automatic,4WD/AWD,Private Party,2012.0,75300.0,22.0,0,0,1,0,7100.0,sold,2012 BMW X5 xDrive35i,"Ended November 1st, 2025 at 2:28 AM","Temecula, CA 92596",14.0
Ford,Mustang,Coupe,Manual,RWD,Private Party,2020.0,22000.0,15.0,1,1,1,0,80000.0,sold,2020 Ford Mustang Shelby GT350R,"Ended December 5th, 2025 at 2:30 AM","Fontana, WI 53125",6.0
Mitsubishi,Lancer Evolution,Sedan,Manual,4WD/AWD,Private Party,1995.0,66400.0,41.0,1,0,1,0,23500.0,sold,1995 Mitsubishi Lancer Evolution III GSR,"Ended November 4th, 2025 at 2:39 AM","Kennesaw, GA 30144",31.0
Porsche,718 Cayman,Coupe,Manual,RWD,Dealer,2018.0,47500.0,39.0,1,1,0,0,46250.0,sold,2018 Porsche 718 Cayman,"Ended December 10th, 2025 at 2:47 AM","Newbury Park, CA 91320",8.0
Mercedes-Benz,CLK AMG,Convertible,Automatic,RWD,Private Party,2004.0,150500.0,18.0,0,1,1,1,4900.0,sold,2004 Mercedes-Benz CLK55 AMG Cabriolet,Ended January 3rd at 3:11 AM,"Chatsworth, CA 91311",22.0
Jaguar,F-Pace,SUV/Crossover,Automatic,4WD/AWD,Private Party,2017.0,87400.0,45.0,0,0,1,0,11600.0,sold,2017 Jaguar F-Pace S,Ended January 1st at 4:18 AM,"Ashburn, VA 20148",9.0
Subaru,WRX STI,Sedan,Manual,4WD/AWD,Private Party,2015.0,18200.0,24.0,1,0,1,0,21750.0,sold,2015 Subaru WRX STI Limited,"Ended November 21st, 2025 at 3:41 AM","Cashiers, NC 28717",11.0
Mercedes-Benz,C-Class AMG,Convertible,Automatic,RWD,Private Party,2017.0,44400.0,25.0,0,1,1,0,35000.0,sold,2017 Mercedes-AMG C63 Cabriolet,"Ended October 30th, 2025 at 1:42 AM","Brooklyn, NY 11231",9.0
Mazda,NB Miata,Convertible,Manual,RWD,Private Party,2005.0,18900.0,38.0,1,1,1,0,11500.0,sold,2005 Mazda MX-5 Miata,"Ended October 18th, 2025 at 3:26 AM","Waukesha, WI 53186",21.0
Dodge,Durango,SUV/Crossover,Automatic,4WD/AWD,Private Party,2021.0,52900.0,28.0,0,0,1,0,55000.0,sold,2021 Dodge Durango SRT Hellcat,Ended February 4th at 3:18 AM,"Troy, MI 48098",5.0
Jaguar,S-Type,Sedan,Automatic,RWD,Private Party,2000.0,70500.0,23.0,0,1,1,0,5800.0,sold,2000 Jaguar S-Type 4.0,Ended February 10th at 3:00 AM,"Hertford, NC 27944",26.0
Mazda,Mazdaspeed MX-5,Convertible,Manual,RWD,Private Party,2004.0,142100.0,26.0,1,1,1,1,11800.0,sold,2004 Mazda Mazdaspeed MX-5 Miata,Ended January 10th at 4:43 AM,"Sterling, MA 01564",22.0
BMW,3 Series,Coupe,Manual,RWD,Private Party,1989.0,195000.0,49.0,1,1,1,1,18750.0,sold,1989 BMW 325i Coupe,Ended February 3rd at 3:09 AM,"Studio City, CA 91604",37.0
BMW,F80 M3,Sedan,Manual,RWD,Private Party,2018.0,63200.0,33.0,1,1,1,0,43000.0,sold,2018 BMW M3 Competition Package,Ended February 26th at 3:51 AM,"Tampa, FL 33602",8.0
BMW,G80 M3,Sedan,Manual,RWD,Private Party,2025.0,1900.0,22.0,1,1,1,0,75500.0,sold,2025 BMW M3 Sedan,"Ended December 30th, 2025 at 4:54 AM","Bakersfield, CA 93312",1.0
Land Rover,LR3,SUV/Crossover,Automatic,4WD/AWD,Private Party,2006.0,147700.0,10.0,0,0,1,1,5600.0,sold,2006 Land Rover LR3 SE,"Ended December 4th, 2025 at 4:20 AM","Charlotte, NC 28203",20.0
Jeep,Wrangler,SUV/Crossover,Manual,4WD/AWD,Private Party,2001.0,31800.0,35.0,1,0,1,0,8700.0,sold,2001 Jeep Wrangler SE 4x4,"Ended November 14th, 2025 at 4:04 AM","Rogers, AR 72758",25.0
Mazda,FD RX-7,Coupe,Manual,RWD,Private Party,1992.0,38000.0,25.0,1,1,1,0,27250.0,sold,1992 Mazda ɛ̃fini RX-7 Type R,"Ended November 29th, 2025 at 4:42 AM","Las Vegas, NV 89148",34.0
Jeep,Wrangler,SUV/Crossover,Manual,4WD/AWD,Private Party,2012.0,134300.0,35.0,1,0,1,1,9300.0,sold,2012 Jeep Wrangler Unlimited Sport 4x4,Ended January 27th at 4:13 AM,"Derwood, MD 20855",14.0
Mercedes-Benz,190,Sedan,Manual,RWD,Private Party,1990.0,72600.0,35.0,1,1,1,0,26000.0,sold,1990 Mercedes-Benz 190E 2.6,"Ended December 20th, 2025 at 2:44 AM","Houston, TX 77024",36.0
Dodge,Challenger,Coupe,Manual,RWD,Private Party,2015.0,77000.0,44.0,1,1,1,0,21250.0,sold,2015 Dodge Challenger SRT 392,"Ended October 16th, 2025 at 3:54 AM","Surprise, AZ 85387",11.0
Porsche,Cayenne,SUV/Crossover,Automatic,4WD/AWD,Dealer,2017.0,57000.0,30.0,0,0,0,0,28500.0,sold,2017 Porsche Cayenne S,"Ended November 18th, 2025 at 3:36 AM","Medford, OR 97504",9.0
Audi,A8,Sedan,Automatic,4WD/AWD,Private Party,2006.0,138800.0,30.0,0,0,1,1,9100.0,sold,2006 Audi A8 L,"Ended December 9th, 2025 at 4:09 AM","Fort Lauderdale, FL 33304",20.0
BMW,Z4,Coupe,Manual,RWD,Private Party,2008.0,23500.0,22.0,1,1,1,0,22750.0,sold,2008 BMW Z4 3.0si Coupe,"Ended November 26th, 2025 at 3:20 AM","Goshen, NY 10924",18.0
BMW,F8X M4,Coupe,Automatic,RWD,Private Party,2017.0,32700.0,72.0,0,1,1,0,44500.0,sold,2017 BMW M4 Coupe Competition Package,"Ended October 24th, 2025 at 2:21 AM","Castle Rock, CO 80108",9.0
Volkswagen,Touareg,SUV/Crossover,Automatic,4WD/AWD,Private Party,2015.0,160800.0,26.0,0,0,1,1,10200.0,sold,2015 Volkswagen Touareg TDI Lux,Ended January 24th at 4:47 AM,"Fresno, CA 93720",11.0
Toyota,Camry,Sedan,Automatic,4WD/AWD,Dealer,1990.0,111800.0,35.0,0,0,0,1,5400.0,sold,1990 Toyota Camry Deluxe Sedan All-Trac,Ended February 14th at 4:38 AM,"Bellflower, CA 90706",36.0
Porsche,981 Boxster,Convertible,Manual,RWD,Private Party,2014.0,10200.0,55.0,1,1,1,0,53000.0,sold,2014 Porsche Boxster S,"Ended December 5th, 2025 at 2:46 AM","Fletcher, NC 28732",12.0
Honda,Del Sol,Convertible,Automatic,FWD,Private Party,1993.0,89700.0,33.0,0,0,1,0,6600.0,sold,1993 Honda Civic del Sol S,"Ended October 17th, 2025 at 3:49 AM","West Pittsburg, PA 16160",33.0
Chrysler,LeBaron,Coupe,Automatic,FWD,Private Party,1985.0,76700.0,5.0,0,0,1,0,3500.0,sold,1985 Chrysler LeBaron,"Ended October 17th, 2025 at 2:26 AM","Aurora, CO 80014",41.0
Toyota,Tacoma,Truck,Automatic,4WD/AWD,Private Party,2014.0,48300.0,61.0,0,0,1,0,24950.0,sold,2014 Toyota Tacoma TRD Sport Double Cab 4x4,"Ended November 12th, 2025 at 3:38 AM",Garden Ridge TX 78266,12.0
Mercedes-Benz,G Wagen,SUV/Crossover,Automatic,4WD/AWD,Private Party,2007.0,142000.0,20.0,0,0,1,1,25500.0,sold,2007 Mercedes-Benz G55 AMG,"Ended October 22nd, 2025 at 3:42 AM","Brooklyn, NY 11249",19.0
Toyota,Land Cruiser,SUV/Crossover,Automatic,4WD/AWD,Dealer,2004.0,310800.0,49.0,0,0,0,1,17000.0,sold,2004 Toyota Land Cruiser,Ended February 19th at 4:38 AM,"Boyds, MD 20841",22.0
Chevrolet,C5 Corvette,Convertible,Manual,RWD,Dealer,2004.0,80600.0,12.0,1,1,0,0,17527.0,sold,2004 Chevrolet Corvette Convertible,Ended February 5th at 3:22 AM,"Houston, TX 77042",22.0
Porsche,Panamera,Sedan,Automatic,4WD/AWD,Private Party,2013.0,112200.0,27.0,0,0,1,1,20000.0,sold,2013 Porsche Panamera Turbo S,Ended February 17th at 4:11 AM,"Houston, TX 77084",13.0
Toyota,4Runner,SUV/Crossover,Automatic,4WD/AWD,Private Party,1995.0,97100.0,26.0,0,0,1,0,10700.0,sold,1995 Toyota 4Runner SR5 4x4,Ended January 24th at 4:02 AM,"Castle Rock, CO 80109",31.0
Porsche,Cayenne,SUV/Crossover,Automatic,4WD/AWD,Dealer,2016.0,109300.0,35.0,0,0,0,1,12750.0,sold,2016 Porsche Cayenne,"Ended December 30th, 2025 at 3:09 AM","Pompano Beach, FL 33060",10.0
Honda,Accord,Coupe,Automatic,FWD,Dealer,1994.0,26600.0,20.0,0,0,0,0,7000.0,sold,1994 Honda Accord LX Coupe,Ended January 29th at 2:58 AM,"Peabody, MA 01960",32.0
Rivian,R1T,Truck,Automatic,4WD/AWD,Private Party,2025.0,16300.0,51.0,0,0,1,0,72500.0,sold,2025 Rivian R1T Adventure Edition,Ended February 17th at 3:07 AM,"Holden, ME 04429",1.0
BMW,E46 M3,Coupe,Automatic,RWD,Private Party,2006.0,89000.0,16.0,0,1,1,0,31000.0,sold,2006 BMW M3 Coupe Competition Package,Ended January 30th at 3:34 AM,"Wyckoff, NJ 07481",20.0
Mercedes-Benz,ML-Class,SUV/Crossover,Automatic,4WD/AWD,Dealer,2009.0,141900.0,27.0,0,0,0,1,5200.0,sold,2009 Mercedes-Benz ML320 BlueTEC,Ended February 12th at 4:13 AM,"Orlando, FL 32820",17.0
Ford,Focus,Hatchback,Manual,FWD,Private Party,2005.0,89000.0,10.0,1,0,1,0,7200.0,sold,2005 Ford Focus Saleen N2O,"Ended October 28th, 2025 at 1:34 AM","Anoka, MN 55303",21.0
BMW,X1,SUV/Crossover,Automatic,4WD/AWD,Dealer,2014.0,143600.0,18.0,0,0,0,1,6800.0,sold,2014 BMW X1 xDrive35i,Ended February 28th at 4:13 AM,"Los Angeles, CA 90068",12.0
Mercedes-Benz,ML AMG,SUV/Crossover,Automatic,4WD/AWD,Dealer,2002.0,135900.0,10.0,0,0,0,1,10000.0,sold,2002 Mercedes-Benz ML55 AMG,Ended January 9th at 2:24 AM,"San Diego, CA 92103",24.0
Audi,B5 S4,Sedan,Manual,4WD/AWD,Private Party,2002.0,54400.0,39.0,1,0,1,0,21000.0,sold,2002 Audi S4 Sedan,"Ended December 20th, 2025 at 3:19 AM","Littleton, CO 80129",24.0
Porsche,986 Boxster,Convertible,Manual,RWD,Private Party,2000.0,33600.0,42.0,1,1,1,0,9800.0,sold,2000 Porsche Boxster,Ended February 14th at 4:28 AM,"Flowery Branch, GA 30542",26.0
Mercedes-Benz,SLK-Class,Convertible,Automatic,RWD,Dealer,2012.0,102400.0,20.0,0,1,0,1,6200.0,sold,2012 Mercedes-Benz SLK350,"Ended November 19th, 2025 at 4:18 AM","Hollywood, FL 33023",14.0
Lucid,Gravity,SUV/Crossover,Automatic,4WD/AWD,Private Party,2026.0,400.0,37.0,0,0,1,0,123000.0,sold,2026 Lucid Gravity Dream Edition,"Ended November 22nd, 2025 at 3:28 AM","Brooklyn, NY 11205",0.0
Ferrari,360,Coupe,Automatic,RWD,Private Party,2001.0,38100.0,10.0,0,1,1,0,69536.0,sold,2001 Ferrari 360 Modena,"Ended December 31st, 2025 at 4:19 AM","Cupertino, CA 95014",25.0
Chevrolet,Camaro,Coupe,Automatic,RWD,Dealer,2000.0,59300.0,36.0,0,1,0,0,12500.0,sold,2000 Chevrolet Camaro Z28 SS Coupe,"Ended December 31st, 2025 at 4:50 AM","Cedar Rapids, IA 52404",26.0
Mercedes-Benz,S-Class,Sedan,Automatic,RWD,Dealer,2007.0,107500.0,26.0,0,1,0,1,8100.0,sold,2007 Mercedes-Benz S550,"Ended November 22nd, 2025 at 4:25 AM","Pasadena, CA 91104",19.0
Lexus,LS,Sedan,Automatic,RWD,Private Party,2000.0,120000.0,23.0,0,1,1,1,8100.0,sold,2000 Lexus LS 400 Platinum Series,"Ended October 23rd, 2025 at 1:58 AM","Maryville, TN 37801",26.0
Porsche,997 911,Coupe,Manual,4WD/AWD,Private Party,2007.0,113300.0,26.0,1,0,1,1,51500.0,sold,2007 Porsche 911 Targa 4S,Ended February 6th at 4:44 AM,"Pacifica, CA 94044",19.0
Pontiac,Aztek,SUV/Crossover,Automatic,FWD,Dealer,2002.0,101000.0,24.0,0,0,0,1,4800.0,sold,2002 Pontiac Aztek,"Ended November 25th, 2025 at 4:35 AM","San Diego, CA 92122",24.0
BMW,5 Series,Sedan,Manual,RWD,Private Party,2003.0,144500.0,28.0,1,1,1,1,10500.0,sold,2003 BMW 540i Sedan,"Ended October 22nd, 2025 at 3:19 AM","Wenonah, NJ 08090",23.0
Jeep,Wrangler,SUV/Crossover,Automatic,4WD/AWD,Private Party,2011.0,144400.0,52.0,0,0,1,1,11100.0,sold,2011 Jeep Wrangler Unlimited Sport 4x4,"Ended December 16th, 2025 at 3:52 AM","Sarasota, FL 34233",15.0
Dodge,Viper,Coupe,Manual,RWD,Private Party,2016.0,8800.0,34.0,1,1,1,0,300000.0,sold,2016 Dodge Viper ACR Extreme,"Ended October 21st, 2025 at 1:36 AM","Sanford, FL 32771",10.0
Honda,Accord,Coupe,Manual,FWD,Private Party,2005.0,112400.0,39.0,1,0,1,1,8500.0,sold,2005 Honda Accord EX V6 Coupe,Ended March 3rd at 4:22 AM,"Round Rock, TX 78664",21.0
McLaren,MP4-12C,Convertible,Automatic,RWD,Private Party,2013.0,13200.0,35.0,0,1,1,0,102000.0,sold,2013 McLaren 12C Spider,Ended January 15th at 2:28 AM,"Saint Petersburg, FL 33701",13.0
Porsche,Taycan,Sedan,Automatic,4WD/AWD,Private Party,2024.0,3600.0,18.0,0,0,1,0,131000.0,sold,2024 Porsche Taycan Turbo S,"Ended October 30th, 2025 at 2:06 AM","Collegeville, PA 19426",2.0
Porsche,Cayenne,SUV/Crossover,Automatic,4WD/AWD,Private Party,2008.0,137300.0,21.0,0,0,1,1,22000.0,sold,2008 Porsche Cayenne Turbo,Ended February 10th at 2:35 AM,"Seattle, WA 98117",18.0
Hummer,H1,SUV/Crossover,Automatic,4WD/AWD,Dealer,2002.0,61000.0,24.0,0,0,0,0,55000.0,sold,2002 Hummer H1 Wagon,"Ended December 13th, 2025 at 2:42 AM","Fort Worth, TX 76108",24.0
Porsche,987 Cayman,Coupe,Manual,RWD,Private Party,2011.0,37800.0,44.0,1,1,1,0,60500.0,sold,2011 Porsche Cayman S,Ended February 3rd at 3:47 AM,"Los Angeles, CA 90005",15.0
Mercury,Marauder,Sedan,Automatic,RWD,Private Party,2004.0,68400.0,35.0,0,1,1,0,11500.0,sold,2004 Mercury Marauder,"Ended December 16th, 2025 at 2:53 AM","Amarillo, TX 79103",22.0
Rivian,R1T,Truck,Automatic,4WD/AWD,Private Party,2022.0,51400.0,32.0,0,0,1,0,44250.0,sold,2022 Rivian R1T Adventure Edition,"Ended November 8th, 2025 at 3:07 AM","Colorado Springs, CO 80906",4.0
Chrysler,300,Sedan,Automatic,RWD,Private Party,2006.0,40700.0,33.0,0,1,1,0,17000.0,sold,2006 Chrysler 300C SRT8,Ended February 26th at 3:29 AM,"Chicago, IL 60631",20.0
BMW,6 Series,Coupe,Manual,RWD,Private Party,1988.0,98800.0,37.0,1,1,1,0,21750.0,sold,1988 BMW 635CSi,"Ended November 6th, 2025 at 2:39 AM","Minnetonka, MN 55345",38.0
Volkswagen,Polo,Hatchback,Automatic,FWD,Private Party,1998.0,28600.0,22.0,0,0,1,0,5100.0,sold,1998 Volkswagen Polo,"Ended October 24th, 2025 at 3:10 AM","Germantown, MD 20876",28.0
Ford,Super Duty,Truck,Automatic,4WD/AWD,Private Party,1996.0,258800.0,36.0,0,0,1,1,17000.0,sold,1996 Ford F-250 XLT 4x4,"Ended October 24th, 2025 at 2:59 AM","Houston, TX 77079",30.0
Mercedes-Benz,R230 SL,Convertible,Automatic,RWD,Private Party,2004.0,63000.0,21.0,0,1,1,0,11500.0,sold,2004 Mercedes-Benz SL55 AMG,"Ended November 8th, 2025 at 3:50 AM","Paradise Valley, AZ 85253",22.0
BMW,3 Series,Coupe,Automatic,RWD,Private Party,2006.0,105900.0,19.0,0,1,1,1,5200.0,sold,2006 BMW 325Ci,"Ended November 27th, 2025 at 4:28 AM","Rome, NY 13440",20.0
Toyota,Previa,Van/Minivan,Manual,RWD,Private Party,1991.0,105600.0,28.0,1,1,1,1,7654.0,sold,1991 Toyota Previa Deluxe,"Ended December 12th, 2025 at 3:36 AM","Las Vegas, NV 89139",35.0
Audi,S6,Sedan,Automatic,4WD/AWD,Dealer,2020.0,46500.0,46.0,0,0,0,0,34000.0,sold,2020 Audi S6 Prestige,Ended January 7th at 2:52 AM,"Billerica, MA 01821",6.0
BMW,M2,Coupe,Manual,RWD,Dealer,2025.0,7300.0,35.0,1,1,0,0,62000.0,sold,2025 BMW M2,Ended February 20th at 4:46 AM,"Sonoma, CA 95476",1.0
Porsche,Macan,SUV/Crossover,Automatic,4WD/AWD,Dealer,2016.0,105000.0,36.0,0,0,0,1,17000.0,sold,2016 Porsche Macan S,Ended February 12th at 3:34 AM,"Orlando, FL 32820",10.0
Pontiac,GTO,Coupe,Manual,RWD,Private Party,2004.0,227000.0,29.0,1,1,1,1,10100.0,sold,2004 Pontiac GTO,"Ended November 7th, 2025 at 2:42 AM","Lakewood, WA 98498",22.0
Porsche,Cayenne,SUV/Crossover,Automatic,4WD/AWD,Private Party,2016.0,108300.0,26.0,0,0,1,1,26000.0,sold,2016 Porsche Cayenne Diesel,Ended January 29th at 2:49 AM,"Tallahassee, FL 32308",10.0
Mercedes-Benz,W211 E63 AMG,Sedan,Automatic,RWD,Private Party,2007.0,49300.0,65.0,0,1,1,0,25500.0,sold,2007 Mercedes-Benz E63 AMG Sedan,Ended January 3rd at 4:08 AM,"Saint Louis, MO 63122",19.0
Volvo,V60,Wagon,Automatic,4WD/AWD,Private Party,2020.0,138400.0,46.0,0,0,1,1,40500.0,sold,2020 Volvo V60 T8 Polestar Engineered,"Ended November 21st, 2025 at 3:28 AM","Dunbarton, NH 03046",6.0
Chevrolet,El Camino,Truck,Automatic,RWD,Private Party,1982.0,61700.0,39.0,0,1,1,0,7600.0,sold,1982 Chevrolet El Camino Conquista,Ended February 26th at 2:31 AM,"Tucson, AZ 85704",44.0
Mercedes-Benz,CLS-Class,Sedan,Automatic,RWD,Private Party,2006.0,98400.0,38.0,0,1,1,0,7200.0,sold,2006 Mercedes-Benz CLS500,Ended February 21st at 3:03 AM,"North Miami Beach, FL 33160",20.0
Dodge,Ram,Truck,Automatic,4WD/AWD,Private Party,1991.0,143300.0,28.0,0,0,1,1,20000.0,sold,1991 Dodge Ram 350 4x4,"Ended October 29th, 2025 at 2:31 AM","Santa Rosa, CA 95407",35.0
Audi,B8 S4,Sedan,Automatic,4WD/AWD,Private Party,2014.0,97300.0,51.0,0,0,1,0,13769.0,sold,2014 Audi S4 Premium Plus,"Ended November 15th, 2025 at 3:20 AM","Miami, FL 33176",12.0
BMW,1 Series,Coupe,Automatic,RWD,Private Party,2013.0,155100.0,33.0,0,1,1,1,7100.0,sold,2013 BMW 135is Coupe,Ended February 4th at 3:16 AM,"Staunton, IL 62088",13.0
Volvo,S60,Sedan,Manual,4WD/AWD,Private Party,2005.0,201000.0,39.0,1,0,1,1,11000.0,sold,2005 Volvo S60R,Ended February 10th at 4:07 AM,"Murrieta, CA 92563",21.0
Land Rover,Range Rover,SUV/Crossover,Automatic,4WD/AWD,Dealer,2006.0,99600.0,32.0,0,0,0,0,7000.0,sold,2006 Range Rover HSE,Ended January 8th at 3:46 AM,"Lathrop, CA 95330",20.0
Audi,R8,Coupe,Automatic,4WD/AWD,Private Party,2010.0,89100.0,16.0,0,0,1,0,60502.0,sold,2010 Audi R8 V10 Coupe,Ended February 14th at 4:06 AM,"Scottsdale, AZ 85254",16.0
Audi,Q7,SUV/Crossover,Automatic,4WD/AWD,Dealer,2007.0,23600.0,22.0,0,0,0,0,9300.0,sold,2007 Audi Q7 Premium,Ended February 26th at 3:30 AM,"Dublin, OH 43016",19.0
Porsche,991 911,Coupe,Manual,RWD,Private Party,2019.0,43700.0,32.0,1,1,1,0,102000.0,sold,2019 Porsche 911 Carrera T Coupe,"Ended December 12th, 2025 at 4:56 AM","Las Vegas, NV 89149",7.0
Porsche,986 Boxster,Convertible,Manual,RWD,Private Party,1999.0,83000.0,25.0,1,1,1,0,8950.0,sold,1999 Porsche Boxster,Ended January 14th at 4:23 AM,"Wilmington, DE 19810",27.0
Audi,TT,Convertible,Manual,4WD/AWD,Private Party,2008.0,102000.0,46.0,1,0,1,1,7700.0,sold,2008 Audi TT 3.2 Quattro Roadster,Ended January 1st at 4:00 AM,"Port Saint Lucie, FL 34986",18.0
BMW,G80 M3,Sedan,Manual,RWD,Private Party,2021.0,32100.0,23.0,1,1,1,0,61000.0,sold,2021 BMW M3,"Ended November 8th, 2025 at 3:42 AM","Gladwyne, PA 19035",5.0
Porsche,944,Coupe,Manual,RWD,Private Party,1987.0,155900.0,30.0,1,1,1,1,15500.0,sold,1987 Porsche 944 Turbo,"Ended October 23rd, 2025 at 3:26 AM","Lake Elsinore, CA 92530",39.0
Lexus,GS F,Sedan,Automatic,RWD,Private Party,2016.0,61700.0,17.0,0,1,1,0,45250.0,sold,2016 Lexus GS F,"Ended November 14th, 2025 at 2:46 AM","Irving, TX 75062",10.0
Lotus,Emira,Coupe,Manual,RWD,Private Party,2024.0,1600.0,18.0,1,1,1,0,88000.0,sold,2024 Lotus Emira V6 First Edition,Ended February 17th at 4:50 AM,"Mooresville, NC 28117",2.0
Ford,F-150,Truck,Automatic,4WD/AWD,Private Party,2018.0,130978.0,58.0,0,0,1,1,27750.0,sold,2018 Ford F-150 XLT 4x4 SuperCrew,"Ended October 18th, 2025 at 3:51 AM","Flower Mound, TX 75028",8.0
Volkswagen,Touareg,SUV/Crossover,Automatic,4WD/AWD,Dealer,2014.0,102400.0,49.0,0,0,0,1,11099.0,sold,2014 Volkswagen Touareg TDI Lux,"Ended November 29th, 2025 at 3:56 AM","Pompano Beach, FL 33060",12.0
Mercedes-Benz,C-Class AMG,Coupe,Automatic,RWD,Private Party,2018.0,24100.0,69.0,0,1,1,0,45350.0,sold,2018 Mercedes-AMG C63 S Coupe,Ended January 13th at 3:05 AM,"Dallas, TX 75228",8.0
Jaguar,S-Type,Sedan,Automatic,RWD,Dealer,2003.0,66400.0,17.0,0,1,0,0,5100.0,sold,2003 Jaguar S-Type 4.2,"Ended November 20th, 2025 at 3:54 AM","Tempe, AZ 85282",23.0
Audi,RS7,Sedan,Automatic,4WD/AWD,Private Party,2017.0,39100.0,32.0,0,0,1,0,42250.0,sold,2017 Audi RS7 Prestige,Ended January 6th at 2:54 AM,"Aspen, CO 81611",9.0
BMW,5 Series,Sedan,Automatic,RWD,Dealer,2012.0,91100.0,40.0,0,1,0,0,12350.0,sold,2012 BMW 550i,Ended February 28th at 3:39 AM,"Marietta, GA 30060",14.0
Porsche,Cayenne,SUV/Crossover,Automatic,4WD/AWD,Dealer,2018.0,74300.0,35.0,0,0,0,0,37500.0,sold,2018 Porsche Cayenne Turbo,"Ended November 14th, 2025 at 4:01 AM","Miami Beach, FL 33140",8.0
Think,Neighbor,Convertible,Automatic,RWD,Dealer,2002.0,91.0,26.0,0,1,0,0,13500.0,sold,2002 Think Neighbor,"Ended November 22nd, 2025 at 3:32 AM","Indio, CA 92201",24.0
Lotus,Elise,Convertible,Manual,RWD,Private Party,2005.0,7800.0,20.0,1,1,1,0,31000.0,sold,2005 Lotus Elise,Ended February 20th at 4:12 AM,"Los Angeles, CA 90025",21.0
Volvo,V50,Wagon,Manual,4WD/AWD,Private Party,2005.0,189000.0,28.0,1,0,1,1,10100.0,sold,2005 Volvo V50 T5 AWD,Ended January 29th at 4:34 AM,"Livermore, CA 94550",21.0
Acura,TL,Sedan,Automatic,FWD,Private Party,2007.0,102200.0,19.0,0,0,1,1,8700.0,sold,2007 Acura TL Type-S,"Ended October 25th, 2025 at 2:26 AM","Largo, FL 33770",19.0
Honda,CR-V,SUV/Crossover,Manual,4WD/AWD,Dealer,2005.0,144900.0,47.0,1,0,0,1,11500.0,sold,2005 Honda CR-V AWD,"Ended December 11th, 2025 at 3:16 AM","Fort Myers, FL 33912",21.0
GMC,Sierra,Truck,Automatic,RWD,Private Party,1998.0,125500.0,21.0,0,1,1,1,6050.0,sold,1998 GMC Sierra 1500 SLE,"Ended December 23rd, 2025 at 2:58 AM","Largo, FL 33774",28.0
BMW,Z3,Convertible,Manual,RWD,Dealer,2000.0,35400.0,31.0,1,1,0,0,20500.0,sold,2000 BMW Z3 M Roadster,"Ended October 25th, 2025 at 3:22 AM","Auburn, CA 95602",26.0
Porsche,991 911,Coupe,Automatic,RWD,Private Party,2013.0,50100.0,38.0,0,1,1,0,58500.0,sold,2013 Porsche 911 Carrera Coupe,Ended January 6th at 4:59 AM,"Westminster, CA 92683",13.0
Volkswagen,Golf,Wagon,Automatic,4WD/AWD,Private Party,2017.0,80200.0,23.0,0,0,1,0,10400.0,sold,2017 Volkswagen Golf Alltrack SE,Ended January 3rd at 4:36 AM,"Taylors, SC 29687",9.0
Ferrari,F430,Convertible,Manual,RWD,Dealer,2006.0,36700.0,13.0,1,1,0,0,105000.0,sold,2006 Ferrari F430 Spider,"Ended November 5th, 2025 at 5:06 AM","King Of Prussia, PA 19406",20.0
Ford,GT 40 Replica,Coupe,Manual,RWD,Private Party,2006.0,4400.0,60.0,1,1,1,0,58000.0,sold,2006 Factory Five GTM,"Ended October 28th, 2025 at 3:20 AM","Morgan Hill, CA 95037",20.0
Porsche,Macan,SUV/Crossover,Automatic,4WD/AWD,Private Party,2022.0,5900.0,31.0,0,0,1,0,43250.0,sold,2022 Porsche Macan,Ended January 31st at 3:35 AM,"Denver, CO 80226",4.0
Audi,A4,Sedan,Manual,4WD/AWD,Dealer,2006.0,47100.0,24.0,1,0,0,0,6700.0,sold,2006 Audi A4 2.0T Quattro Sedan,Ended January 21st at 5:25 AM,"San Ramon, CA 94583",20.0
BMW,F8X M4,Coupe,Manual,RWD,Private Party,2016.0,63000.0,13.0,1,1,1,0,28000.0,sold,2016 BMW M4 Coupe,"Ended December 4th, 2025 at 3:46 AM","Ottawa, ON, Canada",10.0
Porsche,986 Boxster,Convertible,Manual,RWD,Dealer,1999.0,68900.0,33.0,1,1,0,0,9986.0,sold,1999 Porsche Boxster,Ended January 30th at 2:35 AM,"Windsor, CO 80550",27.0
Acura,RSX,Coupe,Manual,FWD,Private Party,2006.0,163500.0,59.0,1,0,1,1,10250.0,sold,2006 Acura RSX Type-S,"Ended December 9th, 2025 at 3:17 AM","Berkeley, CA 94708",20.0
BMW,M2,Coupe,Automatic,RWD,Private Party,2018.0,36300.0,28.0,0,1,1,0,33000.0,sold,2018 BMW M2,"Ended December 31st, 2025 at 3:39 AM","San Francisco, CA 94105",8.0
BMW,3 Series,Coupe,Manual,RWD,Private Party,1990.0,221200.0,20.0,1,1,1,1,12850.0,sold,1990 BMW 325i Coupe,"Ended December 20th, 2025 at 2:38 AM","Studio City, CA 91604",36.0
Bentley,Continental,Convertible,Automatic,4WD/AWD,Private Party,2008.0,88100.0,3.0,0,0,1,0,26250.0,sold,2008 Bentley Continental GTC,Ended January 9th at 3:48 AM,"Richmond, VA 23223",18.0
Porsche,914,Convertible,Manual,RWD,Dealer,1974.0,15400.0,31.0,1,1,0,0,24000.0,sold,1974 Porsche 914,Ended January 16th at 2:25 AM,"San Diego, CA 92103",52.0
Tesla,Model Y,SUV/Crossover,Automatic,4WD/AWD,Private Party,2023.0,22400.0,33.0,0,0,1,0,30250.0,sold,2023 Tesla Model Y Long Range AWD,"Ended November 26th, 2025 at 4:31 AM","Plano, TX 75024",3.0
Mercedes-Benz,CL AMG,Coupe,Automatic,RWD,Private Party,2009.0,33800.0,42.0,0,1,1,0,25000.0,sold,2009 Mercedes-Benz CL63 AMG,"Ended October 25th, 2025 at 3:18 AM","Panorama City, CA 91402",17.0
Lexus,LX,SUV/Crossover,Automatic,4WD/AWD,Dealer,2007.0,184800.0,30.0,0,0,0,1,26500.0,sold,2007 Lexus LX 470,"Ended December 6th, 2025 at 4:03 AM","Boyds, MD 20841",19.0
Mercedes-Benz,S-Class,Sedan,Automatic,4WD/AWD,Private Party,2019.0,77000.0,40.0,0,0,1,0,30250.0,sold,2019 Mercedes-Benz S560 4Matic Sedan,"Ended October 29th, 2025 at 2:39 AM","Louisville, CO 80027",7.0
Porsche,997 911,Convertible,Automatic,4WD/AWD,Dealer,2011.0,40600.0,9.0,0,0,0,0,82000.0,sold,2011 Porsche 911 Turbo Cabriolet,"Ended November 22nd, 2025 at 4:30 AM","Alpharetta, GA 30009",15.0
Nissan,Pickup,Truck,Manual,4WD/AWD,Private Party,1990.0,5100.0,36.0,1,0,1,0,8500.0,sold,1990 Nissan Datsun D21 4x4 Fire Truck,Ended February 26th at 4:45 AM,"Frisco, TX 75035",36.0
Daihatsu,Mira,Hatchback,Automatic,FWD,Dealer,2000.0,68500.0,24.0,0,0,0,0,5432.0,sold,2000 Daihatsu Mira Gino,Ended January 16th at 4:18 AM,"Ceres, CA 95307",26.0
Lexus,LS,Sedan,Automatic,RWD,Dealer,2001.0,109800.0,24.0,0,1,0,1,8000.0,sold,2001 Lexus LS 430,"Ended November 6th, 2025 at 3:04 AM","Pompano Beach, FL 33060",25.0
Toyota,Starlet,Hatchback,Automatic,FWD,Private Party,1992.0,32900.0,19.0,0,0,1,0,5600.0,sold,1992 Toyota Starlet GT Turbo,"Ended December 23rd, 2025 at 3:22 AM","Morganville, NJ 07751",34.0
Lincoln,Mark V,Coupe,Automatic,RWD,Private Party,1978.0,18200.0,80.0,0,1,1,0,15250.0,sold,1978 Lincoln Continental Mark V,Ended January 16th at 3:15 AM,"Brooklyn, NY 11224",48.0
Jaguar,F-Pace,SUV/Crossover,Automatic,4WD/AWD,Dealer,2022.0,18500.0,30.0,0,0,0,0,27000.0,sold,2022 Jaguar F-Pace P250 S,Ended January 16th at 2:50 AM,"Loveland, CO 80538",4.0
Oldsmobile,Silhouette,Van/Minivan,Automatic,FWD,Private Party,1994.0,71400.0,27.0,0,0,1,0,7300.0,sold,1994 Oldsmobile Silhouette Special Edition,"Ended October 24th, 2025 at 1:35 AM","Scarsdale, NY 10583",32.0
Rivian,R1T,Truck,Automatic,4WD/AWD,Private Party,2022.0,43500.0,21.0,0,0,1,0,43000.0,sold,2022 Rivian R1T Adventure Edition,"Ended November 21st, 2025 at 4:07 AM","Kirkland, WA 98033",4.0
Land Rover,Defender,SUV/Crossover,Automatic,4WD/AWD,Private Party,2023.0,13600.0,45.0,0,0,1,0,62500.0,sold,2023 Land Rover Defender 110 S TReK Edition,Ended February 17th at 4:07 AM,"Costa Mesa, CA 92626",3.0
Honda,Civic Type R,Hatchback,Manual,FWD,Private Party,2021.0,30.0,11.0,1,0,1,0,52581.0,sold,2021 Honda Civic Type R Limited Edition,"Ended November 6th, 2025 at 2:43 AM","Cathedral City, CA 92234",5.0
Aston Martin,DB9,Coupe,Automatic,RWD,Dealer,2006.0,30900.0,44.0,0,1,0,0,38500.0,sold,2006 Aston Martin DB9 Coupe,Ended January 17th at 3:11 AM,"Saint Louis, MO 63132",20.0
Bentley,Arnage,Sedan,Automatic,RWD,Private Party,2002.0,50700.0,14.0,0,1,1,0,19250.0,sold,2002 Bentley Arnage T,"Ended November 29th, 2025 at 2:24 AM","San Diego, CA 92103",24.0
Jaguar,XE,Sedan,Automatic,4WD/AWD,Dealer,2017.0,102300.0,25.0,0,0,0,1,8200.0,sold,2017 Jaguar XE 20d Prestige,"Ended November 13th, 2025 at 3:06 AM","Ceres, CA 95307",9.0
Porsche,986 Boxster,Convertible,Manual,RWD,Private Party,2001.0,82000.0,33.0,1,1,1,0,12500.0,sold,2001 Porsche Boxster S,"Ended October 17th, 2025 at 1:34 AM","Kansas City, MO 64120",25.0
Ford,F-150 Raptor,Truck,Automatic,4WD/AWD,Private Party,2018.0,146300.0,29.0,0,0,1,1,37250.0,sold,2018 Ford F-150 Raptor,Ended February 12th at 3:12 AM,"Raleigh, NC 27617",8.0
Nissan,350Z,Coupe,Manual,RWD,Dealer,2007.0,42100.0,34.0,1,1,0,0,17500.0,sold,2007 Nissan 350Z Touring Coupe,Ended January 28th at 4:34 AM,"Lees Summit, MO 64086",19.0
Mercedes-Benz,R230 SL,Convertible,Automatic,RWD,Private Party,2007.0,45700.0,22.0,0,1,1,0,11400.0,sold,2007 Mercedes-Benz SL550,"Ended December 31st, 2025 at 4:36 AM","Sherman Oaks, CA 91423",19.0
Mazda,NC Miata,Convertible,Automatic,RWD,Private Party,2015.0,8900.0,36.0,0,1,1,0,24750.0,sold,2015 Mazda MX-5 Miata 25th Anniversary Edition,"Ended October 17th, 2025 at 3:55 AM","Mchenry, IL 60051",11.0
Ferrari,GTC4Lusso,Hatchback,Automatic,RWD,Private Party,2018.0,22900.0,24.0,0,1,1,0,134500.0,sold,2018 Ferrari GTC4Lusso T,Ended January 30th at 2:38 AM,"Austin, TX 78738",8.0
Saab,9000,Sedan,Manual,FWD,Private Party,1989.0,199600.0,15.0,1,0,1,1,4500.0,sold,1989 Saab 9000 Turbo CD,"Ended October 25th, 2025 at 3:50 AM","Montreal, QC, Canada",37.0
BMW,3 Series,Convertible,Automatic,RWD,Private Party,1991.0,103800.0,13.0,0,1,1,1,8550.0,sold,1991 BMW 325i Convertible,Ended February 28th at 3:06 AM,"Fort Myers, FL 33912",35.0
Porsche,987 Cayman,Coupe,Manual,RWD,Dealer,2008.0,40300.0,25.0,1,1,0,0,31987.0,sold,2008 Porsche Cayman,"Ended November 21st, 2025 at 4:02 AM","East Petersburg, PA 17520",18.0
Audi,RS5,Coupe,Automatic,4WD/AWD,Private Party,2014.0,52500.0,30.0,0,0,1,0,33250.0,sold,2014 Audi RS5 Coupe,"Ended November 20th, 2025 at 4:18 AM","Powell, TN 37849",12.0
Jeep,Wrangler,SUV/Crossover,Manual,4WD/AWD,Dealer,2000.0,120100.0,54.0,1,0,0,1,9100.0,sold,2000 Jeep Wrangler Sport 4x4,"Ended November 6th, 2025 at 3:52 AM","Pompano Beach, FL 33060",26.0
Nissan,Stagea,Wagon,Manual,RWD,Private Party,1998.0,67900.0,39.0,1,1,1,0,26250.0,sold,1998 Nissan Stagea 25T RS-V,"Ended November 26th, 2025 at 3:29 AM","Milford, DE 19963",28.0
Volvo,V90,Wagon,Automatic,4WD/AWD,Private Party,2022.0,50200.0,32.0,0,0,1,0,39000.0,sold,2022 Volvo V90 Cross Country B6 AWD,"Ended November 18th, 2025 at 4:30 AM","Indianola, IA 50125",4.0
Alfa Romeo,Giulia,Sedan,Automatic,RWD,Private Party,2018.0,49500.0,27.0,0,1,1,0,35000.0,sold,2018 Alfa Romeo Giulia Quadrifoglio,"Ended November 26th, 2025 at 4:40 AM","Mercer Island, WA 98040",8.0
Toyota,4Runner,SUV/Crossover,Automatic,4WD/AWD,Dealer,2001.0,206300.0,29.0,0,0,0,1,8250.0,sold,2001 Toyota 4Runner Limited 4x4,"Ended November 20th, 2025 at 3:13 AM","Hagerstown, MD 21740",25.0
BMW,M2,Coupe,Manual,RWD,Private Party,2017.0,45900.0,16.0,1,1,1,0,36250.0,sold,2017 BMW M2,"Ended November 21st, 2025 at 2:46 AM","Walnut Creek, CA 94598",9.0
Mercedes-Benz,R129 SL,Convertible,Automatic,RWD,Dealer,1995.0,111300.0,48.0,0,1,0,1,8069.0,sold,1995 Mercedes-Benz SL500,"Ended October 24th, 2025 at 1:52 AM","Roswell, GA 30075",31.0
Rivian,R1S,SUV/Crossover,Automatic,4WD/AWD,Private Party,2026.0,2300.0,20.0,0,0,1,0,66000.0,sold,2026 Rivian R1S Adventure Edition,"Ended December 23rd, 2025 at 3:02 AM","Glenview, IL 60025",0.0
Porsche,944,Coupe,Manual,RWD,Dealer,1986.0,102000.0,55.0,1,1,0,1,30250.0,sold,1986 Porsche 944 Turbo,"Ended December 30th, 2025 at 4:54 AM","Cedar Rapids, IA 52404",40.0
BMW,5 Series,Hatchback,Automatic,RWD,Dealer,2013.0,69100.0,28.0,0,1,0,0,8300.0,sold,2013 BMW 535i Gran Turismo,"Ended November 19th, 2025 at 2:57 AM","New Orleans, LA 70115",13.0
Mercedes-Benz,GLA AMG,SUV/Crossover,Automatic,4WD/AWD,Private Party,2018.0,31400.0,48.0,0,0,1,0,28500.0,sold,2018 Mercedes-AMG GLA45 Yellow Night Edition,"Ended November 8th, 2025 at 3:20 AM","Toronto, ON, Canada",8.0
Mercedes-Benz,G Wagen,SUV/Crossover,Automatic,4WD/AWD,Private Party,2002.0,183600.0,31.0,0,0,1,1,17250.0,sold,2002 Mercedes-Benz G500,"Ended October 24th, 2025 at 3:56 AM","Sewickley, PA 15143",24.0
Ferrari,FF,Coupe,Automatic,4WD/AWD,Dealer,2012.0,14100.0,50.0,0,0,0,0,129500.0,sold,2012 Ferrari FF,"Ended November 29th, 2025 at 5:45 AM","Kissimmee, FL 34758",14.0
BMW,X5,SUV/Crossover,Automatic,4WD/AWD,Dealer,2013.0,51100.0,53.0,0,0,0,0,17000.0,sold,2013 BMW X5 xDrive35i,Ended February 28th at 3:37 AM,"Lathrop, CA 95330",13.0
Volkswagen,Golf,Hatchback,Manual,FWD,Private Party,2012.0,122200.0,19.0,1,0,1,1,6000.0,sold,2012 Volkswagen Golf TDI,Ended January 29th at 4:04 AM,"Costa Mesa, CA 92626",14.0
Mercedes-Benz,Sprinter,Van/Minivan,Automatic,RWD,Dealer,2013.0,44400.0,62.0,0,1,0,0,37000.0,sold,2013 Mercedes-Benz Sprinter 2500,"Ended November 12th, 2025 at 4:26 AM","San Ramon, CA 94583",13.0
Jeep,Cherokee,SUV/Crossover,Manual,4WD/AWD,Private Party,1999.0,232200.0,11.0,1,0,1,1,5000.0,sold,1999 Jeep Cherokee SE 4x4,Ended January 6th at 4:58 AM,"Manlius, NY 13104",27.0
BMW,X5,SUV/Crossover,Automatic,4WD/AWD,Dealer,2013.0,113000.0,23.0,0,0,0,1,9900.0,sold,2013 BMW X5 xDrive35d,"Ended November 21st, 2025 at 3:49 AM","Lathrop, CA 95330",13.0
Suzuki,Carry Truck,Truck,Automatic,4WD/AWD,Dealer,2000.0,20900.0,22.0,0,0,0,0,4700.0,sold,2000 Suzuki Carry Truck 4x4,Ended March 3rd at 3:18 AM,"Tacoma, WA 98409",26.0
MINI,Cooper,Hatchback,Manual,FWD,Dealer,2003.0,84500.0,14.0,1,0,0,0,5600.0,sold,2003 Mini Cooper S,Ended January 31st at 3:14 AM,"Ceres, CA 95307",23.0
Hummer,H2,Truck,Automatic,4WD/AWD,Dealer,2006.0,119900.0,42.0,0,0,0,1,16300.0,sold,2006 Hummer H2 SUT,Ended February 27th at 4:29 AM,"Pompano Beach, FL 33062",20.0
Dodge,Ram Van,Van/Minivan,Automatic,RWD,Private Party,1998.0,115300.0,48.0,0,1,1,1,17425.0,sold,1998 Dodge Ram Van B3500,Ended February 6th at 3:54 AM,"Beaverton, OR 97007",28.0
Toyota,Supra,Coupe,Automatic,RWD,Private Party,2022.0,12900.0,22.0,0,1,1,0,23750.0,sold,2022 Toyota GR Supra 2.0,Ended February 3rd at 4:43 AM,"Houston, TX 77090",4.0
Land Rover,Discovery,SUV/Crossover,Automatic,4WD/AWD,Private Party,1999.0,159000.0,36.0,0,0,1,1,10300.0,sold,1999 Land Rover Discovery II,"Ended December 6th, 2025 at 2:43 AM","San Antonio, TX 78239",27.0
BMW,3 Series,Sedan,Manual,RWD,Private Party,2004.0,83800.0,51.0,1,1,1,0,16250.0,sold,2004 BMW 330i ZHP Sedan,"Ended November 19th, 2025 at 4:02 AM","Ocoee, FL 34761",22.0
Ford,Fiesta,Hatchback,Manual,FWD,Private Party,2016.0,37900.0,12.0,1,0,1,0,9600.0,sold,2016 Ford Fiesta ST,"Ended December 13th, 2025 at 3:24 AM","Hereford, AZ 85615",10.0
Suzuki,Carry Truck,Truck,Automatic,RWD,Dealer,1999.0,54500.0,26.0,0,1,0,0,6600.0,sold,1999 Suzuki Carry Truck Turbo,Ended January 17th at 3:20 AM,"Boyds, MD 20841",27.0
Audi,B5 S4,Sedan,Manual,4WD/AWD,Private Party,2001.0,176600.0,37.0,1,0,1,1,11300.0,sold,2001 Audi S4 Sedan,Ended January 28th at 3:02 AM,"Austin, TX 78730",25.0
Acura,NSX,Coupe,Automatic,RWD,Dealer,1990.0,81100.0,28.0,0,1,0,0,46500.0,sold,1990 Honda NSX,"Ended November 7th, 2025 at 2:54 AM","Tacoma, WA 98409",36.0
Mercedes-Benz,R231 SL,Convertible,Automatic,RWD,Dealer,2014.0,68700.0,46.0,0,1,0,0,25500.0,sold,2014 Mercedes-Benz SL550,Ended February 17th at 3:58 AM,"Memphis, TN 38134",12.0
BMW,1 Series,Coupe,Manual,RWD,Private Party,2009.0,89800.0,14.0,1,1,1,0,14444.0,sold,2009 BMW 135i Coupe,Ended January 27th at 4:42 AM,"Tustin, CA 92782",17.0
Audi,RS5,Coupe,Automatic,4WD/AWD,Private Party,2013.0,99300.0,19.0,0,0,1,0,20000.0,sold,2013 Audi RS5 Coupe,"Ended October 31st, 2025 at 3:44 AM","Tacoma, WA 98466",13.0
Subaru,WRX,Hatchback,Manual,4WD/AWD,Private Party,2011.0,88100.0,22.0,1,0,1,0,18000.0,sold,2011 Subaru Impreza WRX Limited Hatchback,"Ended December 24th, 2025 at 3:55 AM","Morro Bay, CA 93442",15.0
Toyota,Land Cruiser,SUV/Crossover,Automatic,4WD/AWD,Dealer,1995.0,183900.0,22.0,0,0,0,1,29250.0,sold,1995 Toyota Land Cruiser,Ended January 24th at 5:04 AM,"Hot Springs National Park, AR 71901",31.0
Mercedes-Benz,W212 E63 AMG,Sedan,Automatic,4WD/AWD,Private Party,2015.0,40000.0,23.0,0,0,1,0,35500.0,sold,2015 Mercedes-Benz E63 S AMG Sedan,Ended February 25th at 4:20 AM,"Thousand Oaks, CA 91362",11.0
Porsche,986 Boxster,Convertible,Manual,RWD,Private Party,1999.0,88500.0,29.0,1,1,1,0,7500.0,sold,1999 Porsche Boxster,Ended January 21st at 5:45 AM,"Troy, AL 36081",27.0
Honda,Vamos,Van/Minivan,Automatic,RWD,Private Party,1999.0,64300.0,29.0,0,1,1,0,8100.0,sold,1999 Honda Vamos,Ended January 27th at 4:24 AM,"Torrance, CA 90501",27.0
Pontiac,Firebird,Coupe,Automatic,RWD,Private Party,1987.0,70400.0,93.0,0,1,1,0,13833.0,sold,1987 Pontiac Firebird Trans Am GTA,Ended February 17th at 3:11 AM,"Pullman, WA 99163",39.0
Ford,Mustang,Coupe,Manual,RWD,Dealer,2016.0,22100.0,28.0,1,1,0,0,49876.0,sold,2016 Ford Mustang Shelby GT350,Ended February 27th at 4:31 AM,"Rockville, MD 20850",10.0
Toyota,Land Cruiser,SUV/Crossover,Automatic,4WD/AWD,Dealer,2001.0,234700.0,17.0,0,0,0,1,12500.0,sold,2001 Toyota Land Cruiser,Ended February 5th at 2:31 AM,"Marietta, GA 30060",25.0
BMW,M2,Coupe,Automatic,RWD,Private Party,2024.0,5200.0,23.0,0,1,1,0,57500.0,sold,2024 BMW M2,"Ended November 19th, 2025 at 4:25 AM","Hoffman Estates, IL 60169",2.0
Think,Neighbor,Convertible,Automatic,RWD,Private Party,2002.0,200.0,18.0,0,1,1,0,3800.0,sold,2002 Think Neighbor,"Ended November 14th, 2025 at 4:42 AM","Dayton, NV 89403",24.0
Lexus,GX,SUV/Crossover,Automatic,4WD/AWD,Private Party,2008.0,181400.0,53.0,0,0,1,1,13600.0,sold,2008 Lexus GX 470,Ended February 3rd at 3:38 AM,"Englewood Cliffs, NJ 07632",18.0
Porsche,Cayenne,SUV/Crossover,Automatic,4WD/AWD,Dealer,2017.0,90000.0,47.0,0,0,0,0,20000.0,sold,2017 Porsche Cayenne S E-Hybrid Platinum Edition,Ended January 1st at 4:37 AM,"Fort Lauderdale, FL 33311",9.0
Mercedes-Benz,C-Class AMG,Coupe,Automatic,4WD/AWD,Private Party,2021.0,38400.0,44.0,0,0,1,0,31500.0,sold,2021 Mercedes-AMG C43 Coupe,"Ended December 31st, 2025 at 2:51 AM","Yonkers, NY 10710",5.0
Volkswagen,Golf R,Hatchback,Automatic,4WD/AWD,Private Party,2024.0,11500.0,21.0,0,0,1,0,37500.0,sold,2024 Volkswagen Golf R,"Ended October 21st, 2025 at 2:30 AM","Westerville, OH 43081",2.0
Porsche,Macan,SUV/Crossover,Automatic,4WD/AWD,Private Party,2018.0,65600.0,39.0,0,0,1,0,34250.0,sold,2018 Porsche Macan GTS,Ended January 16th at 3:16 AM,"Upton, MA 01568",8.0
Lexus,RC F,Coupe,Automatic,RWD,Private Party,2017.0,19900.0,51.0,0,1,1,0,42000.0,sold,2017 Lexus RC F,"Ended December 11th, 2025 at 4:18 AM","Kissimmee, FL 34746",9.0
Lexus,GX,SUV/Crossover,Automatic,4WD/AWD,Dealer,2003.0,204800.0,21.0,0,0,0,1,7500.0,sold,2003 Lexus GX 470,"Ended December 11th, 2025 at 4:26 AM","Pompano Beach, FL 33060",23.0
Mercedes-Benz,GL-Class,SUV/Crossover,Automatic,4WD/AWD,Private Party,2015.0,26400.0,34.0,0,0,1,0,27000.0,sold,2015 Mercedes-Benz GL550,"Ended November 15th, 2025 at 3:55 AM","San Francisco, CA 94121",11.0
BMW,X1,SUV/Crossover,Automatic,4WD/AWD,Dealer,2013.0,126000.0,54.0,0,0,0,1,14600.0,sold,2013 BMW X1 xDrive35i,"Ended November 26th, 2025 at 4:46 AM","San Diego, CA 92103",13.0
Pontiac,Firebird,Convertible,Manual,RWD,Private Party,1995.0,56200.0,61.0,1,1,1,0,14205.0,sold,1995 Pontiac Firebird Trans Am Convertible,Ended February 26th at 4:32 AM,"Queensbury, NY 12804",31.0
Toyota,HiAce,Van/Minivan,Automatic,RWD,Private Party,1995.0,152400.0,49.0,0,1,1,1,10350.0,sold,1995 Toyota HiAce Super Custom Living Saloon,"Ended November 13th, 2025 at 4:37 AM","Buffalo, NY 14201",31.0
Mazda,NC Miata,Convertible,Manual,RWD,Private Party,2006.0,120700.0,18.0,1,1,1,1,10000.0,sold,2006 Mazda MX-5 Miata Sport,Ended January 21st at 5:16 AM,"Brewster, MA 02631",20.0
Honda,Civic,Coupe,Manual,FWD,Dealer,2007.0,97000.0,14.0,1,0,0,0,7000.0,sold,2007 Honda Civic Si Coupe,Ended January 22nd at 3:25 AM,"Orlando, FL 32820",19.0
MINI,Cooper,Hatchback,Manual,FWD,Private Party,2021.0,18300.0,38.0,1,0,1,0,31500.0,sold,2021 Mini Cooper John Cooper Works Hardtop,"Ended November 27th, 2025 at 3:58 AM","Saint Petersburg, FL 33704",5.0
BMW,E60 M5,Sedan,Manual,RWD,Dealer,2007.0,153300.0,43.0,1,1,0,1,29888.0,sold,2007 BMW M5,Ended February 19th at 4:36 AM,"Tualatin, OR 97062",19.0
Toyota,Land Cruiser,SUV/Crossover,Automatic,4WD/AWD,Private Party,1997.0,89100.0,16.0,0,0,1,0,39500.0,sold,1997 Toyota Land Cruiser,Ended February 26th at 2:50 AM,"Houston, TX 77007",29.0
Jeep,Wrangler,SUV/Crossover,Automatic,4WD/AWD,Private Party,2009.0,8000.0,27.0,0,0,1,0,17750.0,sold,2009 Jeep Wrangler X 4x4,Ended January 7th at 3:36 AM,"West Palm Beach, FL 33410",17.0
BMW,7 Series,Sedan,Automatic,RWD,Private Party,2018.0,48600.0,2.0,0,1,1,0,36925.0,sold,2018 BMW 750i,Ended January 8th at 4:30 AM,"Northridge, CA 91325",8.0
Ford,Mustang,Coupe,Automatic,RWD,Private Party,2020.0,49400.0,48.0,0,1,1,0,29750.0,sold,2020 Ford Mustang GT Coupe Premium,"Ended October 21st, 2025 at 2:06 AM","Woodstock, GA 30189",6.0
Porsche,987 Cayman,Coupe,Automatic,RWD,Dealer,2008.0,74600.0,27.0,0,1,0,0,20000.0,sold,2008 Porsche Cayman S,Ended January 9th at 3:54 AM,"Tacoma, WA 98409",18.0
Military Vehicle,Humvee/HMMWV,SUV/Crossover,Automatic,4WD/AWD,Dealer,2001.0,8400.0,10.0,0,0,0,0,15000.0,sold,2001 AM General M997A2,Ended January 21st at 5:33 AM,"Anaheim, CA 92801",25.0
Lamborghini,Huracan,Convertible,Automatic,4WD/AWD,Private Party,2016.0,5700.0,82.0,0,0,1,0,223000.0,sold,2016 Lamborghini Huracan LP610-4 Spyder,Ended January 14th at 2:30 AM,"Fair Lawn, NJ 07410",10.0
Ford,Focus,Hatchback,Manual,FWD,Private Party,2003.0,86500.0,11.0,1,0,1,0,6400.0,sold,2003 Ford Focus SVT 5-Door,"Ended October 23rd, 2025 at 3:01 AM","Crofton, MD 21114",23.0
Audi,Q7,SUV/Crossover,Automatic,4WD/AWD,Dealer,2013.0,142000.0,19.0,0,0,0,1,6700.0,sold,2013 Audi Q7 TDI Premium Plus,Ended February 5th at 3:30 AM,"Orlando, FL 32820",13.0
Porsche,997 911,Coupe,Manual,RWD,Private Party,2006.0,39000.0,19.0,1,1,1,0,57500.0,sold,2006 Porsche 911 Carrera S Coupe,"Ended October 30th, 2025 at 4:02 AM","Savannah, GA 31411",20.0
Ford,Mustang,Coupe,Automatic,RWD,Dealer,1966.0,35300.0,57.0,0,1,0,0,16500.0,sold,1966 Ford Mustang Coupe,"Ended November 20th, 2025 at 4:18 AM","Lewisville, TX 75057",60.0
BMW,E46 M3,Convertible,Manual,RWD,Dealer,2002.0,71800.0,6.0,1,1,0,0,17250.0,sold,2002 BMW M3 Convertible,Ended February 13th at 3:14 AM,"Ottsville, PA 18942",24.0
Honda,S2000,Convertible,Manual,RWD,Private Party,1999.0,99000.0,54.0,1,1,1,0,15555.0,sold,1999 Honda S2000,"Ended October 15th, 2025 at 3:18 AM","Saint Paul, MN 55124",27.0
AM General,Hummer,Truck,Automatic,4WD/AWD,Dealer,2012.0,7300.0,23.0,0,0,0,0,8300.0,sold,2012 AM General M1097R1,"Ended December 24th, 2025 at 3:31 AM","Angier, NC 27501",14.0
Porsche,996 911,Coupe,Automatic,RWD,Private Party,2002.0,97600.0,26.0,0,1,1,0,15996.0,sold,2002 Porsche 911 Carrera Coupe,"Ended October 17th, 2025 at 1:57 AM","Corpus Christi, TX 78418",24.0
Oldsmobile,Toronado,Coupe,Automatic,FWD,Private Party,1987.0,96700.0,16.0,0,0,1,0,3981.0,sold,1987 Oldsmobile Toronado Trofeo,Ended February 17th at 3:36 AM,"Loganville, GA 30052",39.0
Mercedes-Benz,Sprinter,Van/Minivan,Automatic,RWD,Private Party,2019.0,57800.0,43.0,0,1,1,0,82000.0,sold,2019 Mercedes-Benz Sprinter 3500 Midwest Automotive Designs Executive Van,"Ended November 13th, 2025 at 3:25 AM","Las Vegas, NV 89149",7.0
Jaguar,F-Type,Convertible,Automatic,RWD,Dealer,2016.0,61600.0,37.0,0,1,0,0,20750.0,sold,2016 Jaguar F-Type Convertible,"Ended November 14th, 2025 at 2:49 AM","Lynnwood, WA 98037",10.0
Cadillac,DTS,Sedan,Automatic,FWD,Dealer,2007.0,77700.0,22.0,0,0,0,0,5300.0,sold,2007 Cadillac DTS Luxury I,Ended February 11th at 3:32 AM,"Orlando, FL 32820",19.0
Porsche,986 Boxster,Convertible,Manual,RWD,Dealer,1998.0,59100.0,18.0,1,1,0,0,10100.0,sold,1998 Porsche Boxster,Ended January 7th at 3:22 AM,"Alpharetta, GA 30004",28.0
Porsche,996 911,Convertible,Manual,4WD/AWD,Private Party,2002.0,75400.0,24.0,1,0,1,0,25250.0,sold,2002 Porsche 911 Carrera 4 Cabriolet,Ended January 22nd at 3:06 AM,"Winter Park, FL 32792",24.0
Toyota,Avalon,Sedan,Automatic,FWD,Private Party,1998.0,90600.0,32.0,0,0,1,0,6000.0,sold,1998 Toyota Avalon XL,"Ended October 29th, 2025 at 2:50 AM","Bakersfield, CA 93305",28.0
MINI,Cooper,Hatchback,Manual,FWD,Dealer,2002.0,74200.0,29.0,1,0,0,0,5155.0,sold,2002 Mini Cooper S,Ended January 6th at 2:47 AM,"Mesa, AZ 85202",24.0
Mazda,NA Miata,Convertible,Manual,RWD,Private Party,1997.0,67000.0,26.0,1,1,1,0,8000.0,sold,1997 Mazda MX-5 Miata,"Ended December 31st, 2025 at 5:22 AM","Westerville, OH 43081",29.0
Mercedes-Benz,W211 E63 AMG,Sedan,Automatic,RWD,Dealer,2008.0,40900.0,36.0,0,1,0,0,25750.0,sold,2008 Mercedes-Benz E63 AMG Sedan,"Ended December 20th, 2025 at 3:12 AM","New Orleans, LA 70115",18.0
Saab,9-3,Convertible,Automatic,FWD,Dealer,2006.0,61000.0,41.0,0,0,0,0,8100.0,sold,2006 Saab 9-3 Aero Convertible 20 Years Edition,Ended February 24th at 4:17 AM,"Katy, TX 77450",20.0
Chevrolet,Camaro,Coupe,Manual,RWD,Private Party,2002.0,950.0,29.0,1,1,1,0,35000.0,sold,2002 Chevrolet Camaro Z28 SS Coupe,"Ended November 29th, 2025 at 3:34 AM","McPherson, KS 67460",24.0
BMW,E9X M3,Coupe,Automatic,RWD,Private Party,2010.0,126000.0,30.0,0,1,1,1,22027.0,sold,2010 BMW M3 Coupe,"Ended November 15th, 2025 at 5:05 AM","Escondido, CA 92027",16.0
BMW,X5,SUV/Crossover,Automatic,4WD/AWD,Private Party,2011.0,116300.0,52.0,0,0,1,1,12600.0,sold,2011 BMW X5 xDrive35d,Ended February 13th at 4:08 AM,"Pikesville, MD 21208",15.0
Mercedes-Benz,S-Class,Sedan,Automatic,RWD,Private Party,2017.0,40000.0,61.0,0,1,1,0,31250.0,sold,2017 Mercedes-Benz S550 Sedan,"Ended November 6th, 2025 at 3:31 AM","Hialeah, FL 33014",9.0
Mercedes-Benz,CLK-Class,Convertible,Automatic,RWD,Dealer,2004.0,77100.0,20.0,0,1,0,0,6100.0,sold,2004 Mercedes-Benz CLK500 Cabriolet,"Ended December 18th, 2025 at 3:48 AM","Marietta, GA 30062",22.0
Ford,Mustang,Convertible,Automatic,RWD,Dealer,2004.0,41200.0,10.0,0,1,0,0,8100.0,sold,2004 Ford Mustang GT Premium Convertible,"Ended November 15th, 2025 at 3:42 AM","Spokane, WA 99212",22.0
Volvo,C70,Coupe,Manual,FWD,Private Party,1998.0,53400.0,36.0,1,0,1,0,19000.0,sold,1998 Volvo C70 Coupe,"Ended November 12th, 2025 at 4:49 AM","Valley Center, CA 92082",28.0
BMW,X5,SUV/Crossover,Automatic,4WD/AWD,Private Party,2011.0,67900.0,37.0,0,0,1,0,13500.0,sold,2011 BMW X5 xDrive35d,"Ended October 16th, 2025 at 3:28 AM","Orleans, MA 02653",15.0
Maserati,Ghibli,Sedan,Automatic,RWD,Private Party,2017.0,71700.0,17.0,0,1,1,0,20000.0,sold,2017 Maserati Ghibli S Nerissimo Edition,Ended February 24th at 4:34 AM,"Virginia Beach, VA 23462",9.0
Mercedes-Benz,G Wagen,SUV/Crossover,Automatic,4WD/AWD,Dealer,2015.0,53000.0,51.0,0,0,0,0,56000.0,sold,2015 Mercedes-Benz G63 AMG,Ended February 27th at 3:46 AM,"Auburn, CA 95602",11.0
Porsche,Cayenne,SUV/Crossover,Automatic,4WD/AWD,Dealer,2015.0,120500.0,31.0,0,0,0,1,20000.0,sold,2015 Porsche Cayenne Turbo,Ended February 5th at 3:04 AM,"Saint Louis, MO 63132",11.0
Porsche,Macan,SUV/Crossover,Automatic,4WD/AWD,Private Party,2017.0,28700.0,37.0,0,0,1,0,29000.0,sold,2017 Porsche Macan S,Ended February 28th at 3:18 AM,"Austin, TX 78745",9.0
BMW,E39 M5,Sedan,Manual,RWD,Private Party,2003.0,69000.0,30.0,1,1,1,0,27850.0,sold,2003 BMW M5,"Ended December 6th, 2025 at 2:37 AM","Plano, TX 75093",23.0
Honda,Acty,Truck,Manual,4WD/AWD,Private Party,1999.0,50800.0,25.0,1,0,1,0,5800.0,sold,1999 Honda Acty 4WD,Ended February 28th at 4:42 AM,"Staten Island, NY 10305",27.0
BMW,5 Series,Wagon,Automatic,4WD/AWD,Private Party,2010.0,125200.0,36.0,0,0,1,1,8300.0,sold,2010 BMW 535i xDrive Sports Wagon,"Ended November 18th, 2025 at 3:55 AM","Boston, MA 02116",16.0
BMW,E28 M5,Sedan,Manual,RWD,Private Party,1988.0,173100.0,49.0,1,1,1,1,50500.0,sold,1988 BMW M5,"Ended November 22nd, 2025 at 2:34 AM","San Diego, CA 92103",38.0
Porsche,991 911,Convertible,Automatic,4WD/AWD,Private Party,2017.0,29900.0,45.0,0,0,1,0,119000.0,sold,2017 Porsche 911 Turbo Cabriolet,"Ended December 31st, 2025 at 2:40 AM","Gilbert, AZ 85295",9.0
Jaguar,XKR,Coupe,Automatic,RWD,Private Party,2011.0,101200.0,17.0,0,1,1,1,16500.0,sold,2011 Jaguar XKR Coupe,Ended January 3rd at 3:34 AM,"Lake Worth, FL 33449",15.0
Porsche,996 911,Convertible,Manual,RWD,Dealer,2000.0,17500.0,51.0,1,1,0,0,35250.0,sold,2000 Porsche 911 Carrera Cabriolet,"Ended October 24th, 2025 at 1:38 AM","Roswell, GA 30075",26.0
Mercedes-Benz,R230 SL,Convertible,Automatic,RWD,Private Party,2004.0,63000.0,21.0,0,1,1,0,14000.0,sold,2004 Mercedes-Benz SL55 AMG,Ended January 30th at 3:21 AM,"Paradise Valley, AZ 85253",22.0
Subaru,Sambar,Truck,Manual,4WD/AWD,Private Party,1996.0,46100.0,27.0,1,0,1,0,5100.0,sold,1996 Subaru Sambar 4WD,"Ended December 10th, 2025 at 3:24 AM","Miami Beach, FL 33139",30.0
Toyota,Land Cruiser,SUV/Crossover,Automatic,4WD/AWD,Dealer,2000.0,176300.0,5.0,0,0,0,1,7600.0,sold,2000 Toyota Land Cruiser,Ended January 28th at 3:30 AM,"Cumberland, RI 02864",26.0
Mitsubishi,Pajero Mini,SUV/Crossover,Automatic,4WD/AWD,Private Party,1997.0,68100.0,15.0,0,0,1,0,4250.0,sold,1997 Mitsubishi Pajero Mini XR-II 4x4,"Ended November 20th, 2025 at 4:42 AM","Valdosta, GA 31606",29.0
Daihatsu,Hijet,Truck,Manual,4WD/AWD,Private Party,1999.0,10400.0,22.0,1,0,1,0,8300.0,sold,1999 Daihatsu Hijet Truck 4WD,"Ended December 30th, 2025 at 4:42 AM","Quincy, MA 02170",27.0
MINI,Cooper,Hatchback,Manual,FWD,Private Party,2019.0,68300.0,19.0,1,0,1,0,16200.0,sold,2019 Mini Cooper S Hardtop,"Ended December 5th, 2025 at 4:00 AM","Hawthorne, NJ 07506",7.0
Mercedes-Benz,C-Class,Sedan,Automatic,RWD,Dealer,1999.0,92800.0,42.0,0,1,0,0,5100.0,sold,1999 Mercedes-Benz C230 Kompressor Sedan,"Ended December 31st, 2025 at 3:21 AM","Pompano Beach, FL 33060",27.0
Toyota,Tacoma,Truck,Automatic,4WD/AWD,Private Party,2015.0,49200.0,34.0,0,0,1,0,29250.0,sold,2015 Toyota Tacoma TRD Off-Road Double Cab 4x4,"Ended November 18th, 2025 at 2:43 AM","Arvada, CO 80005",11.0
McLaren,GT,Coupe,Automatic,RWD,Private Party,2021.0,20500.0,49.0,0,1,1,0,131000.0,sold,2021 McLaren GT,"Ended December 9th, 2025 at 4:53 AM","Lebanon, TN 37087",5.0
Lexus,LX,SUV/Crossover,Automatic,4WD/AWD,Dealer,2000.0,207200.0,43.0,0,0,0,1,16000.0,sold,2000 Lexus LX 470,"Ended November 6th, 2025 at 4:49 AM","Hagerstown, MD 21740",26.0
Toyota,MR2,Coupe,Manual,RWD,Dealer,1991.0,149800.0,30.0,1,1,0,1,10000.0,sold,1991 Toyota MR2,"Ended November 19th, 2025 at 4:31 AM","Lake Elsinore, CA 92530",35.0
Porsche,996 911,Convertible,Manual,RWD,Private Party,2002.0,42100.0,44.0,1,1,1,0,31500.0,sold,2002 Porsche 911 Carrera Cabriolet,"Ended November 8th, 2025 at 2:34 AM","San Diego, CA 92103",24.0
BMW,F80 M3,Sedan,Automatic,RWD,Private Party,2018.0,43900.0,55.0,0,1,1,0,45500.0,sold,2018 BMW M3,Ended January 7th at 3:20 AM,"Fremont, CA 94538",8.0
Mercedes-Benz,CL-Class,Coupe,Automatic,RWD,Private Party,2005.0,42400.0,34.0,0,1,1,0,10500.0,sold,2005 Mercedes-Benz CL600,Ended January 3rd at 3:32 AM,"Leesburg, AL 35983",21.0
MINI,Cooper,Hatchback,Manual,FWD,Private Party,2017.0,47500.0,61.0,1,0,1,0,21250.0,sold,2017 Mini John Cooper Works Hardtop,"Ended December 4th, 2025 at 4:18 AM","Alexandria, VA 22308",9.0
Audi,S6,Wagon,Automatic,4WD/AWD,Private Party,2003.0,48100.0,56.0,0,0,1,0,13200.0,sold,2003 Audi S6 Avant,"Ended November 25th, 2025 at 3:52 AM","Birmingham, AL 35209",23.0
Honda,Prelude,Coupe,Manual,FWD,Dealer,1986.0,74400.0,14.0,1,0,0,0,10000.0,sold,1986 Honda Prelude Si,"Ended December 17th, 2025 at 4:30 AM","Danbury, CT 06811",40.0
BMW,3 Series,Sedan,Manual,4WD/AWD,Private Party,2004.0,41700.0,20.0,1,0,1,0,10600.0,sold,2004 BMW 330xi Sedan,"Ended November 21st, 2025 at 4:26 AM","Parker, CO 80134",22.0
BMW,3 Series,Wagon,Automatic,RWD,Private Party,2005.0,138200.0,39.0,0,1,1,1,12100.0,sold,2005 BMW 325i Touring,Ended January 3rd at 5:08 AM,"Hoschton, GA 30548",21.0
BMW,3 Series,Sedan,Automatic,RWD,Dealer,2002.0,29100.0,14.0,0,1,0,0,8700.0,sold,2002 BMW 325i Sedan,Ended February 28th at 3:51 AM,"San Diego, CA 92115",24.0
BMW,1 Series,Convertible,Automatic,RWD,Private Party,2013.0,21100.0,36.0,0,1,1,0,18500.0,sold,2013 BMW 128i Convertible Limited Edition Lifestyle,"Ended December 24th, 2025 at 3:24 AM","Estero, FL 33928",13.0
BMW,E60 M5,Sedan,Automatic,RWD,Private Party,2006.0,44900.0,18.0,0,1,1,0,27000.0,sold,2006 BMW M5,"Ended December 30th, 2025 at 2:48 AM","Tustin, CA 92782",20.0
BMW,Z3,Coupe,Manual,RWD,Private Party,1999.0,179100.0,21.0,1,1,1,1,18750.0,sold,1999 BMW Z3 M Coupe,"Ended December 20th, 2025 at 3:23 AM","Millington, TN 38053",27.0
Suzuki,Carry Truck,Truck,Manual,4WD/AWD,Private Party,1997.0,6000.0,52.0,1,0,1,0,9050.0,sold,1997 Suzuki Carry Truck 4x4,"Ended November 1st, 2025 at 3:20 AM","Salisbury, NC 28144",29.0
Subaru,WRX,Sedan,Manual,4WD/AWD,Private Party,2000.0,126800.0,12.0,1,0,1,1,8205.0,sold,2000 Subaru Impreza WRX Sedan,"Ended November 21st, 2025 at 4:42 AM","Lake Oswego, OR 97035",26.0
Hyundai,Genesis Coupe,Coupe,Manual,RWD,Private Party,2011.0,72600.0,23.0,1,1,1,0,7977.0,sold,2011 Hyundai Genesis Coupe 3.8 Track,"Ended December 11th, 2025 at 2:56 AM","Miami, FL 33165",15.0
Porsche,Cayenne,SUV/Crossover,Automatic,4WD/AWD,Dealer,2016.0,120300.0,33.0,0,0,0,1,22000.0,sold,2016 Porsche Cayenne Diesel,"Ended October 16th, 2025 at 3:19 AM","Newtown, PA 18940",10.0
Suzuki,Cappuccino,Convertible,Manual,RWD,Private Party,1994.0,62600.0,35.0,1,1,1,0,9000.0,sold,1994 Suzuki Cappuccino,"Ended November 18th, 2025 at 3:10 AM","Enumclaw, WA 98022",32.0
Toyota,Land Cruiser,SUV/Crossover,Automatic,4WD/AWD,Private Party,2011.0,264500.0,26.0,0,0,1,1,17450.0,sold,2011 Toyota Land Cruiser,"Ended December 30th, 2025 at 3:51 AM","Magee, MS 39111",15.0
Ford,F-150 Raptor,Truck,Automatic,4WD/AWD,Dealer,2024.0,8800.0,32.0,0,0,0,0,113000.0,sold,2024 Ford F-150 Raptor R,"Ended December 18th, 2025 at 3:58 AM","Scottsdale, AZ 85255",2.0
BMW,1 Series,Coupe,Manual,RWD,Private Party,2013.0,65500.0,38.0,1,1,1,0,14600.0,sold,2013 BMW 135i Coupe,Ended January 14th at 4:32 AM,"Atlanta, GA 30344",13.0
Tesla,Model S,Sedan,Automatic,RWD,Private Party,2016.0,130600.0,37.0,0,1,1,1,18000.0,sold,2016 Tesla Model S 75,"Ended October 23rd, 2025 at 3:07 AM","Gilbert, AZ 85295",10.0
Daihatsu,Naked,Hatchback,Manual,FWD,Dealer,2000.0,55300.0,22.0,1,0,0,0,4645.0,sold,2000 Daihatsu Naked,"Ended October 17th, 2025 at 1:42 AM","Denver, PA 17517",26.0
Porsche,997 911,Coupe,Manual,4WD/AWD,Private Party,2006.0,68900.0,30.0,1,0,1,0,60500.0,sold,2006 Porsche 911 Carrera 4S Coupe,"Ended November 15th, 2025 at 4:49 AM","North Augusta, SC 29841",20.0
Subaru,Legacy,Wagon,Manual,4WD/AWD,Private Party,1999.0,60700.0,28.0,1,0,1,0,10500.0,sold,1999 Subaru Legacy GT-B Wagon,Ended February 14th at 4:00 AM,"Las Vegas, NV 89149",27.0
Honda,Civic,Coupe,Manual,FWD,Private Party,2019.0,76500.0,46.0,1,0,1,0,16250.0,sold,2019 Honda Civic Si Coupe,Ended February 12th at 3:14 AM,"Petaluma, CA 94952",7.0
Suzuki,Cappuccino,Convertible,Manual,RWD,Private Party,1991.0,55500.0,14.0,1,1,1,0,8650.0,sold,1991 Suzuki Cappuccino,"Ended October 24th, 2025 at 2:46 AM","Brooklyn, NY 11229",35.0
Audi,Q8,SUV/Crossover,Automatic,4WD/AWD,Dealer,2019.0,79200.0,47.0,0,0,0,0,29000.0,sold,2019 Audi Q8 Prestige,"Ended December 31st, 2025 at 4:34 AM","West Chester, PA 19382",7.0
BMW,E36 M3,Sedan,Manual,RWD,Private Party,1997.0,143900.0,36.0,1,1,1,1,14850.0,sold,1997 BMW M3 Sedan,"Ended December 3rd, 2025 at 2:48 AM","Pittsburgh, PA 15201",29.0
Toyota,Tacoma,Truck,Automatic,RWD,Dealer,2002.0,93500.0,31.0,0,1,0,0,12500.0,sold,2002 Toyota Tacoma TRD Off-Road PreRunner Double Cab V6,"Ended December 23rd, 2025 at 3:38 AM","Marietta, GA 30062",24.0
Toyota,Sequoia,SUV/Crossover,Automatic,4WD/AWD,Private Party,2005.0,249200.0,27.0,0,0,1,1,8600.0,sold,2005 Toyota Sequoia Limited 4x4,Ended February 26th at 3:12 AM,"Escondido, CA 92027",21.0
Ford,Super Duty,Truck,Automatic,4WD/AWD,Dealer,2015.0,196300.0,42.0,0,0,0,1,23000.0,sold,2015 Ford F-250 Super Duty Lariat 4x4,Ended February 7th at 3:21 AM,"Friendswood, TX 77546",11.0
BMW,5 Series,Sedan,Automatic,RWD,Dealer,2003.0,57100.0,32.0,0,1,0,0,7700.0,sold,2003 BMW 525i Sedan,Ended February 12th at 4:27 AM,"Lathrop, CA 95330",23.0
Pontiac,Solstice,Convertible,Manual,RWD,Dealer,2006.0,36700.0,15.0,1,1,0,0,6800.0,sold,2006 Pontiac Solstice,"Ended November 6th, 2025 at 2:46 AM","Loveland, CO 80538",20.0
Subaru,WRX STI,Sedan,Manual,4WD/AWD,Dealer,2005.0,79500.0,32.0,1,0,0,0,27250.0,sold,2005 Subaru Impreza WRX STI,"Ended November 21st, 2025 at 4:01 AM","Encinitas, CA 92024",21.0
Suzuki,Cappuccino,Convertible,Manual,RWD,Dealer,1992.0,56000.0,34.0,1,1,0,0,14300.0,sold,1992 Suzuki Cappuccino,"Ended November 26th, 2025 at 5:24 AM","Chattanooga, TN 37419",34.0
Arcimoto,FUV,Coupe,Automatic,FWD,Private Party,2021.0,4500.0,25.0,0,0,1,0,7200.0,sold,2021 Arcimoto FUV,"Ended December 13th, 2025 at 4:14 AM","Delray Beach, FL 33445",5.0
Subaru,Legacy,Wagon,Automatic,4WD/AWD,Dealer,1998.0,65600.0,52.0,0,0,0,0,10500.0,sold,1998 Subaru Legacy GT Wagon,Ended January 1st at 5:23 AM,"Salt Lake City, UT 84116",28.0
Ferrari,360,Coupe,Automatic,RWD,Private Party,2001.0,55000.0,26.0,0,1,1,0,71028.0,sold,2001 Ferrari 360 Modena,"Ended November 29th, 2025 at 4:14 AM","Salinas, CA 93901",25.0
BMW,E9X M3,Coupe,Automatic,RWD,Private Party,2011.0,71500.0,55.0,0,1,1,0,31750.0,sold,2011 BMW M3 Coupe Competition Package,"Ended December 13th, 2025 at 5:05 AM","Woodstock, GA 30188",15.0
Land Rover,Range Rover Sport,SUV/Crossover,Automatic,4WD/AWD,Dealer,2016.0,58600.0,67.0,0,0,0,0,19500.0,sold,2016 Range Rover Sport SE,"Ended November 14th, 2025 at 3:10 AM","Hollywood, FL 33023",10.0
Volkswagen,Beetle,Hatchback,Automatic,FWD,Dealer,2014.0,19600.0,48.0,0,0,0,0,19500.0,sold,2014 Volkswagen Beetle GSR,"Ended December 23rd, 2025 at 3:34 AM","Cedar Rapids, IA 52404",12.0
Audi,TT,Convertible,Manual,4WD/AWD,Private Party,2005.0,99900.0,29.0,1,0,1,0,9100.0,sold,2005 Audi TT Quattro Roadster,"Ended November 26th, 2025 at 4:06 AM","Pikesville, MD 21208",21.0
GMC,Yukon,SUV/Crossover,Automatic,4WD/AWD,Private Party,2013.0,33700.0,32.0,0,0,1,0,24750.0,sold,2013 GMC Yukon XL Denali,Ended January 27th at 3:52 AM,"Humble, TX 77396",13.0
Subaru,WRX STI,Sedan,Manual,4WD/AWD,Private Party,2007.0,164800.0,24.0,1,0,1,1,18000.0,sold,2007 Subaru Impreza WRX STI,"Ended November 14th, 2025 at 2:40 AM","Stockton, CA 95210",19.0
Porsche,Cayenne,SUV/Crossover,Manual,4WD/AWD,Private Party,2014.0,88200.0,40.0,1,0,1,0,40000.0,sold,2014 Porsche Cayenne,"Ended December 16th, 2025 at 5:29 AM","Rehoboth Beach, DE 19971",12.0
BMW,Z3,Convertible,Manual,RWD,Private Party,1998.0,75300.0,44.0,1,1,1,0,8300.0,sold,1998 BMW Z3 2.8i Roadster,"Ended November 11th, 2025 at 2:51 AM","Fort Myers, FL 33913",28.0
Fiat,500,Hatchback,Automatic,FWD,Private Party,2017.0,41900.0,31.0,0,0,1,0,9200.0,sold,2017 Fiat 500e,"Ended October 16th, 2025 at 2:53 AM","San Jose, CA 95126",9.0
Land Rover,Range Rover Sport,SUV/Crossover,Automatic,4WD/AWD,Private Party,2016.0,127000.0,26.0,0,0,1,1,7100.0,sold,2016 Range Rover Sport HSE,Ended January 22nd at 4:27 AM,"San Diego, CA 92109",10.0
Tesla,Model 3,Sedan,Automatic,4WD/AWD,Private Party,2018.0,45000.0,24.0,0,0,1,0,19250.0,sold,2018 Tesla Model 3 Performance,"Ended November 20th, 2025 at 4:02 AM","Round Rock, TX 78681",8.0
Ferrari,Mondial,Coupe,Manual,RWD,Private Party,1986.0,69600.0,28.0,1,1,1,0,32250.0,sold,1986 Ferrari Mondial 3.2 Coupe,"Ended December 18th, 2025 at 2:52 AM","Rockville, MD 20852",40.0
Toyota,Supra,Coupe,Automatic,RWD,Private Party,2024.0,8600.0,36.0,0,1,1,0,55074.0,sold,2024 Toyota Supra 45th Anniversary Edition,Ended February 14th at 3:14 AM,"Vallejo, CA 94591",2.0
BMW,3 Series,Sedan,Manual,RWD,Private Party,2017.0,100000.0,40.0,1,1,1,0,13000.0,sold,2017 BMW 330i Sedan,Ended February 10th at 4:25 AM,"Grand Rapids, MI 49546",9.0
Bentley,Continental,Coupe,Automatic,4WD/AWD,Private Party,2007.0,50400.0,21.0,0,0,1,0,26500.0,sold,2007 Bentley Continental GT Diamond Series,"Ended November 20th, 2025 at 3:34 AM","Bella Vista, AR 72714",19.0
MINI,Cooper,Hatchback,Manual,FWD,Dealer,2007.0,53300.0,35.0,1,0,0,0,8400.0,sold,2007 Mini Cooper S,"Ended December 5th, 2025 at 3:18 AM","Alpharetta, GA 30004",19.0
Volkswagen,Golf R,Hatchback,Automatic,4WD/AWD,Private Party,2019.0,76400.0,51.0,0,0,1,0,18850.0,sold,2019 Volkswagen Golf R,"Ended December 31st, 2025 at 4:43 AM","Escondido, CA 92025",7.0
Mercedes-Benz,S-Class,Sedan,Automatic,RWD,Private Party,2005.0,41900.0,43.0,0,1,1,0,50500.0,sold,2005 Mercedes-Benz S500 L B7 Special Protection Armored Sedan,Ended February 27th at 2:41 AM,"Brookline, MA 02445",21.0
Ford,Super Duty,Truck,Automatic,4WD/AWD,Private Party,2006.0,23800.0,32.0,0,0,1,0,28000.0,sold,2006 Ford F-250 Super Duty Lariat 4x4,Ended February 11th at 4:44 AM,"San Carlos, CA 94070",20.0
Lucid,Air,Sedan,Automatic,4WD/AWD,Private Party,2022.0,4400.0,26.0,0,0,1,0,80000.0,sold,2022 Lucid Air Dream Edition Performance,Ended January 8th at 4:53 AM,"Georgetown, MA 01833",4.0
Honda,Accord,Coupe,Manual,FWD,Private Party,2003.0,207000.0,22.0,1,0,1,1,8600.0,sold,2003 Honda Accord EX V6 Coupe,"Ended November 25th, 2025 at 2:46 AM","Raleigh, NC 27616",23.0
Volvo,C70,Convertible,Automatic,FWD,Private Party,2007.0,114800.0,33.0,0,0,1,1,4600.0,sold,2007 Volvo C70 T5,"Ended November 19th, 2025 at 4:44 AM","Vancouver, WA 98683",19.0
Lexus,GX,SUV/Crossover,Automatic,4WD/AWD,Dealer,2006.0,216500.0,19.0,0,0,0,1,11600.0,sold,2006 Lexus GX 470,"Ended October 21st, 2025 at 3:04 AM","Pompano Beach, FL 33060",20.0
Volkswagen,Mk7 GTI,Hatchback,Manual,FWD,Private Party,2019.0,60800.0,50.0,1,0,1,0,23250.0,sold,2019 Volkswagen GTI Rabbit Edition,Ended February 3rd at 4:06 AM,"Dayton, OH 45430",7.0
Nissan,370Z,Coupe,Manual,RWD,Private Party,2013.0,49000.0,34.0,1,1,1,0,17250.0,sold,2013 Nissan 370Z Coupe,Ended January 28th at 4:04 AM,"New Orleans, LA 70122",13.0
BMW,E30 M3,Coupe,Manual,RWD,Private Party,1988.0,106700.0,66.0,1,1,1,1,60500.0,sold,1988 BMW M3,"Ended October 16th, 2025 at 1:53 AM","Silver Spring, MD 20901",38.0
BMW,5 Series,Sedan,Automatic,RWD,Private Party,2015.0,58500.0,38.0,0,1,1,0,17000.0,sold,2015 BMW 550i,Ended February 21st at 4:00 AM,"Jonesville, NC 28642",11.0
Jeep,Wrangler,SUV/Crossover,Automatic,4WD/AWD,Private Party,2019.0,43600.0,35.0,0,0,1,0,30555.0,sold,2019 Jeep Wrangler Unlimited Rubicon 4x4,"Ended December 2nd, 2025 at 3:17 AM","Barrington, IL 60010",7.0
Chevrolet,Camaro,Coupe,Manual,RWD,Private Party,2002.0,15300.0,18.0,1,1,1,0,21000.0,sold,2002 Chevrolet Camaro Z28 SS Coupe,Ended March 3rd at 4:19 AM,"Williamsburg, VA 23188",24.0
Porsche,996 911,Coupe,Manual,RWD,Private Party,2000.0,64600.0,15.0,1,1,1,0,41000.0,sold,2000 Porsche 911 Carrera Coupe,"Ended December 12th, 2025 at 2:24 AM","Santee, CA 92071",26.0
Porsche,996 911,Coupe,Manual,RWD,Private Party,2004.0,98700.0,34.0,1,1,1,0,36333.0,sold,2004 Porsche 911 Carrera Coupe 40th Anniversary Edition,Ended February 20th at 4:26 AM,"Anaheim, CA 92805",22.0
Ford,Taurus,Sedan,Automatic,FWD,Dealer,2001.0,33600.0,23.0,0,0,0,0,4300.0,sold,2001 Ford Taurus LX Sedan,"Ended December 20th, 2025 at 4:10 AM","Concord, NC 28027",25.0
Mercedes-Benz,S-Class AMG,Sedan,Automatic,4WD/AWD,Dealer,2018.0,40500.0,12.0,0,0,0,0,45850.0,sold,2018 Mercedes-AMG S63,"Ended November 15th, 2025 at 4:27 AM","Saint George, UT 84770",8.0
Tesla,Cybertruck,Truck,Automatic,4WD/AWD,Private Party,2024.0,19900.0,34.0,0,0,1,0,61000.0,sold,2024 Tesla Cybertruck,"Ended December 9th, 2025 at 3:24 AM","Amityville, NY 11701",2.0
Honda,Civic,Hatchback,Manual,FWD,Private Party,1981.0,79500.0,26.0,1,0,1,0,6000.0,sold,1981 Honda Civic 1500 GL Hatchback,Ended January 27th at 3:43 AM,"Rancho Mirage, CA 92270",45.0
BMW,Z3,Convertible,Manual,RWD,Dealer,2001.0,92400.0,33.0,1,1,0,0,7200.0,sold,2001 BMW Z3 2.5i Roadster,"Ended December 12th, 2025 at 4:06 AM","Pompano Beach, FL 33060",25.0
Toyota,Land Cruiser,SUV/Crossover,Automatic,4WD/AWD,Private Party,2011.0,131200.0,8.0,0,0,1,1,30000.0,sold,2011 Toyota Land Cruiser,Ended January 30th at 2:46 AM,"Fort Lauderdale, FL 33311",15.0
Ford,Fiesta,Hatchback,Manual,FWD,Private Party,2019.0,61900.0,14.0,1,0,1,0,10960.0,sold,2019 Ford Fiesta ST,Ended January 13th at 3:12 AM,"San Diego, CA 92123",7.0
Acura,NSX,Coupe,Manual,RWD,Dealer,2005.0,17000.0,16.0,1,1,0,0,172000.0,sold,2005 Acura NSX-T,Ended February 7th at 5:07 AM,"Rockville, MD 20850",21.0
Aston Martin,Vantage,Coupe,Manual,RWD,Private Party,2006.0,30500.0,28.0,1,1,1,0,51000.0,sold,2006 Aston Martin V8 Vantage,"Ended December 17th, 2025 at 2:43 AM","Pompano Beach, FL 33067",20.0
Land Rover,Range Rover Sport,SUV/Crossover,Automatic,4WD/AWD,Private Party,2020.0,41000.0,36.0,0,0,1,0,32250.0,sold,2020 Range Rover Sport HSE,Ended January 7th at 3:51 AM,"Houston, TX 77007",6.0
Ford,Mustang,Coupe,Manual,RWD,Private Party,2017.0,26600.0,61.0,1,1,1,0,41500.0,sold,2017 Ford Mustang GT Roush Stage 3 Coupe,"Ended October 16th, 2025 at 3:22 AM","Mandeville, LA 70471",9.0
Ford,Focus RS,Hatchback,Manual,4WD/AWD,Private Party,2017.0,7000.0,21.0,1,0,1,0,37000.0,sold,2017 Ford Focus RS,"Ended October 21st, 2025 at 1:46 AM","Dumfries, VA 22026",9.0
BMW,E46 M3,Convertible,Manual,RWD,Private Party,2004.0,72300.0,19.0,1,1,1,0,15250.0,sold,2004 BMW M3 Convertible,"Ended December 5th, 2025 at 3:07 AM","Short Hills, NJ 07078",22.0
Mercedes-Benz,W211 E55 AMG,Wagon,Automatic,RWD,Private Party,2006.0,205700.0,34.0,0,1,1,1,17500.0,sold,2006 Mercedes-Benz E55 AMG Wagon,Ended February 10th at 3:49 AM,"Norfolk, VA 23517",20.0
Volkswagen,Mk7 GTI,Hatchback,Automatic,FWD,Private Party,2015.0,98700.0,5.0,0,0,1,0,7327.0,sold,2015 Volkswagen GTI SE,"Ended November 1st, 2025 at 3:02 AM","Carson, CA 90746",11.0
Jaguar,XKE,Coupe,Automatic,RWD,Private Party,1973.0,57600.0,16.0,0,1,1,0,34333.0,sold,1973 Jaguar XKE 2+2 Coupe,Ended January 30th at 2:25 AM,"San Diego, CA 92103",53.0
Subaru,Legacy,Wagon,Automatic,4WD/AWD,Dealer,1999.0,90200.0,21.0,0,0,0,0,15000.0,sold,1999 Subaru Legacy GT-B E-Tune Wagon,"Ended November 27th, 2025 at 2:43 AM","Ceres, CA 95307",27.0
Ferrari,458,Convertible,Automatic,RWD,Private Party,2015.0,1400.0,21.0,0,1,1,0,381000.0,sold,2015 Ferrari 458 Spider,Ended February 11th at 2:30 AM,"Loomis, CA 95650",11.0
Lexus,IS,Sedan,Automatic,4WD/AWD,Private Party,2015.0,10500.0,26.0,0,0,1,0,23500.0,sold,2015 Lexus IS 350 F Sport,"Ended November 29th, 2025 at 4:32 AM","Saint John, IN 46373",11.0
BMW,1 Series,Coupe,Automatic,RWD,Dealer,2013.0,64400.0,55.0,0,1,0,0,10400.0,sold,2013 BMW 128i Coupe,Ended February 27th at 4:35 AM,"Burlington, WI 53105",13.0
BMW,3 Series,Sedan,Automatic,4WD/AWD,Dealer,2009.0,102600.0,8.0,0,0,0,1,4821.0,sold,2009 BMW 335i xDrive Sedan,Ended February 5th at 4:19 AM,"Orlando, FL 32820",17.0
Mitsubishi,Pajero Jr,SUV/Crossover,Automatic,4WD/AWD,Private Party,1998.0,39400.0,18.0,0,0,1,0,6800.0,sold,1998 Mitsubishi Pajero Junior Flying Pug 4x4,"Ended November 22nd, 2025 at 4:38 AM","Park City, UT 84098",28.0
Land Rover,Range Rover Sport,SUV/Crossover,Automatic,4WD/AWD,Dealer,2016.0,69400.0,36.0,0,0,0,0,16350.0,sold,2016 Range Rover Sport HSE Td6,Ended March 3rd at 3:28 AM,"Burlington, WI 53105",10.0
Mitsubishi,Lancer Evolution,Sedan,Manual,4WD/AWD,Dealer,2006.0,8800.0,29.0,1,0,0,0,75000.0,sold,2006 Mitsubishi Lancer Evolution IX MR,"Ended November 6th, 2025 at 3:02 AM","Phoenix, AZ 85022",20.0
Ford,Mustang,Coupe,Manual,RWD,Dealer,2012.0,63900.0,67.0,1,1,0,0,44000.0,sold,2012 Ford Mustang Shelby GT500 Coupe,"Ended October 30th, 2025 at 3:17 AM","Roswell, GA 30075",14.0
Honda,S2000,Convertible,Manual,RWD,Private Party,2007.0,39400.0,47.0,1,1,1,0,41000.0,sold,2007 Honda S2000,"Ended November 20th, 2025 at 2:42 AM","Windermere, FL 34786",19.0
Mercedes-Benz,R129 SL,Convertible,Automatic,RWD,Dealer,2000.0,87800.0,16.0,0,1,0,0,6250.0,sold,2000 Mercedes-Benz SL500,"Ended December 13th, 2025 at 3:59 AM","Marietta, GA 30062",26.0
BMW,3 Series,Sedan,Manual,RWD,Private Party,2012.0,94100.0,20.0,1,1,1,0,7800.0,sold,2012 BMW 328i Sedan,"Ended November 20th, 2025 at 3:48 AM","Broomfield, CO 80023",14.0
BMW,7 Series,Sedan,Automatic,4WD/AWD,Private Party,2015.0,134400.0,9.0,0,0,1,1,11999.0,sold,2015 BMW 740Ld xDrive,Ended January 6th at 3:54 AM,"Boston, MA 02110",11.0
Subaru,BRZ,Coupe,Manual,RWD,Private Party,2017.0,46900.0,23.0,1,1,1,0,16400.0,sold,2017 Subaru BRZ Limited,Ended January 8th at 3:09 AM,"Tacoma, WA 98418",9.0
Porsche,987 Cayman,Coupe,Manual,RWD,Private Party,2006.0,122700.0,21.0,1,1,1,1,16750.0,sold,2006 Porsche Cayman S,"Ended November 15th, 2025 at 3:06 AM","Missouri City, TX 77489",20.0
BMW,3 Series,Hatchback,Manual,RWD,Private Party,1999.0,21900.0,30.0,1,1,1,0,17000.0,sold,1999 BMW 318ti,"Ended November 20th, 2025 at 5:03 AM","Scarsdale, NY 10583",27.0
Land Rover,Range Rover,SUV/Crossover,Automatic,4WD/AWD,Private Party,1997.0,161600.0,8.0,0,0,1,1,3000.0,sold,1997 Range Rover 4.6 HSE,"Ended November 29th, 2025 at 3:26 AM","Brooklyn, NY 11234",29.0
BMW,7 Series,Sedan,Automatic,RWD,Private Party,2000.0,131500.0,32.0,0,1,1,1,7300.0,sold,2000 BMW 740i,"Ended November 29th, 2025 at 2:39 AM","Ypsilanti, MI 48198",26.0
Land Rover,Defender,Truck,Manual,4WD/AWD,Dealer,1997.0,113200.0,28.0,1,0,0,1,76500.0,sold,1997 Land Rover Defender 90,Ended January 14th at 4:48 AM,"New Orleans, LA 70115",29.0
Volkswagen,Golf R,Hatchback,Automatic,4WD/AWD,Private Party,2016.0,92000.0,26.0,0,0,1,0,14750.0,sold,2016 Volkswagen Golf R,"Ended November 22nd, 2025 at 3:14 AM","Fort Lauderdale, FL 33315",10.0
Land Rover,Defender,SUV/Crossover,Manual,4WD/AWD,Private Party,1992.0,63200.0,65.0,1,0,1,0,48250.0,sold,1992 Land Rover Defender 90,"Ended December 3rd, 2025 at 2:59 AM","Greenwich, CT 06830",34.0
Mercedes-Benz,E-Class,Coupe,Automatic,RWD,Dealer,2011.0,83500.0,20.0,0,1,0,0,10000.0,sold,2011 Mercedes-Benz E550 Coupe,"Ended October 17th, 2025 at 2:09 AM","Miami, FL 33196",15.0
Porsche,997 911,Coupe,Manual,RWD,Private Party,2006.0,66500.0,26.0,1,1,1,0,63500.0,sold,2006 Porsche 911 Carrera S Coupe,Ended February 13th at 4:24 AM,"Lubbock, TX 79424",20.0
BMW,3 Series,Convertible,Manual,RWD,Private Party,2007.0,70600.0,21.0,1,1,1,0,10600.0,sold,2007 BMW 335i Convertible,"Ended November 7th, 2025 at 3:28 AM","Monroe, WA 98272",19.0
Ford,Mustang,Coupe,Manual,RWD,Dealer,2007.0,56200.0,39.0,1,1,0,0,11500.0,sold,2007 Ford Mustang GT Premium Coupe,Ended February 25th at 3:04 AM,"Alpharetta, GA 30004",19.0
Jeep,Cherokee,SUV/Crossover,Automatic,4WD/AWD,Dealer,1999.0,69600.0,26.0,0,0,0,0,11200.0,sold,1999 Jeep Cherokee Classic 4x4,"Ended November 7th, 2025 at 4:51 AM","Hagerstown, MD 21740",27.0
Land Rover,LR3,SUV/Crossover,Automatic,4WD/AWD,Private Party,2005.0,134100.0,21.0,0,0,1,1,6200.0,sold,2005 Land Rover LR3 SE,Ended February 7th at 4:51 AM,"Martinez, CA 94553",21.0
Mazda,ND Miata,Convertible,Manual,RWD,Private Party,2021.0,93400.0,30.0,1,1,1,0,18500.0,sold,2021 Mazda MX-5 Miata RF Grand Touring,Ended February 24th at 2:41 AM,"Deltona, FL 32725",5.0
BMW,5 Series,Sedan,Manual,RWD,Private Party,2000.0,1300.0,15.0,1,1,1,0,25000.0,sold,2000 BMW 540i Sedan,"Ended November 6th, 2025 at 3:46 AM","Houston, TX 77070",26.0
Saab,9-5,Wagon,Automatic,FWD,Dealer,2003.0,137800.0,27.0,0,0,0,1,7200.0,sold,2003 Saab 9-5 3.0T Wagon,Ended January 16th at 4:06 AM,"Seattle, WA 98119",23.0
Volvo,XC70,Wagon,Automatic,4WD/AWD,Dealer,2011.0,84600.0,15.0,0,0,0,0,10834.0,sold,2011 Volvo XC70 3.2 AWD,Ended February 28th at 2:58 AM,"Buford, GA 30518",15.0
BMW,318i,Wagon,Manual,RWD,Private Party,1994.0,36500.0,61.0,1,1,1,0,18750.0,sold,1994 BMW 318i Touring,"Ended November 29th, 2025 at 5:41 AM","San Antonio, TX 78261",32.0
Mercedes-Benz,R230 SL,Convertible,Automatic,RWD,Private Party,2004.0,60400.0,16.0,0,1,1,0,10318.0,sold,2004 Mercedes-Benz SL500,"Ended November 21st, 2025 at 2:54 AM","Thousand Palms, CA 92276",22.0
Chevrolet,C5 Corvette,Coupe,Manual,RWD,Private Party,1998.0,48400.0,20.0,1,1,1,0,14000.0,sold,1998 Chevrolet Corvette Coupe,Ended February 20th at 3:38 AM,"Aurora, CO 80016",28.0
Jeep,Comanche,Truck,Manual,RWD,Private Party,1986.0,196600.0,17.0,1,1,1,1,5533.0,sold,1986 Jeep Comanche,"Ended October 30th, 2025 at 2:10 AM","Hayward, CA 94541",40.0
BMW,Z3,Convertible,Manual,RWD,Private Party,2000.0,78900.0,43.0,1,1,1,0,17250.0,sold,2000 BMW Z3 M Roadster,Ended February 10th at 2:45 AM,"Zebulon, NC 27597",26.0
Mazda,FC RX-7,Coupe,Manual,RWD,Private Party,1991.0,84400.0,45.0,1,1,1,0,20000.0,sold,1991 Mazda RX-7 Turbo II,"Ended December 4th, 2025 at 3:40 AM","Mahwah, NJ 07430",35.0
GMC,Yukon,SUV/Crossover,Automatic,4WD/AWD,Dealer,2004.0,137700.0,39.0,0,0,0,1,10950.0,sold,2004 GMC Yukon SLT 4x4,"Ended October 28th, 2025 at 2:29 AM","Bentonville, AR 72713",22.0
Mercedes-Benz,C-Class AMG,Coupe,Automatic,RWD,Private Party,2014.0,95800.0,36.0,0,1,1,0,27000.0,sold,2014 Mercedes-Benz C63 AMG Edition 507 Coupe,"Ended November 6th, 2025 at 5:09 AM","Austin, TX 78753",12.0
BMW,3 Series,Wagon,Automatic,4WD/AWD,Dealer,2014.0,163900.0,43.0,0,0,0,1,11450.0,sold,2014 BMW 328i xDrive Sports Wagon,"Ended October 16th, 2025 at 2:45 AM","Northbrook, IL 60062",12.0
Chevrolet,C3 Corvette,Coupe,Automatic,RWD,Private Party,1976.0,28600.0,13.0,0,1,1,0,17250.0,sold,1976 Chevrolet Corvette,Ended January 22nd at 3:35 AM,"Federal Way, WA 98003",50.0
Honda,Acty,Truck,Manual,4WD/AWD,Dealer,1993.0,23000.0,20.0,1,0,0,0,5600.0,sold,1993 Honda Acty Attack 4WD,Ended January 30th at 3:46 AM,"Venus, TX 76084",33.0
BMW,3 Series,Sedan,Manual,RWD,Private Party,2011.0,124100.0,33.0,1,1,1,1,9300.0,sold,2011 BMW 328i Sedan,Ended January 27th at 3:49 AM,"Deep Gap, NC 28618",15.0
MINI,Cooper,Hatchback,Manual,FWD,Dealer,2004.0,83500.0,13.0,1,0,0,0,4200.0,sold,2004 Mini Cooper S,"Ended December 20th, 2025 at 3:02 AM","Tempe, AZ 85282",22.0
Volkswagen,Touareg,SUV/Crossover,Automatic,4WD/AWD,Dealer,2013.0,168400.0,50.0,0,0,0,1,13400.0,sold,2013 Volkswagen Touareg TDI Executive,"Ended December 20th, 2025 at 4:41 AM","Orlando, FL 32820",13.0
Audi,S6,Sedan,Automatic,4WD/AWD,Private Party,2013.0,90200.0,28.0,0,0,1,0,15000.0,sold,2013 Audi S6 Prestige,Ended January 28th at 2:50 AM,"Birmingham, MI 48009",13.0
Mercedes-Benz,Metris,Van/Minivan,Automatic,RWD,Private Party,2023.0,7500.0,13.0,0,1,1,0,46500.0,sold,2023 Mercedes-Benz Metris Explorer Conversion,"Ended December 3rd, 2025 at 3:12 AM","Pikesville, MD 21208",3.0
Chevrolet,Blazer,SUV/Crossover,Automatic,4WD/AWD,Private Party,1985.0,60100.0,43.0,0,0,1,0,8800.0,sold,1985 Chevrolet K5 Blazer 4x4,"Ended November 19th, 2025 at 3:28 AM","Atlanta, GA 30306",41.0
Porsche,981 Boxster,Convertible,Automatic,RWD,Private Party,2016.0,49400.0,41.0,0,1,1,0,47500.0,sold,2016 Porsche Boxster S,"Ended December 24th, 2025 at 3:05 AM","San Diego, CA 92130",10.0
Subaru,WRX,Hatchback,Manual,4WD/AWD,Private Party,2010.0,155200.0,30.0,1,0,1,1,8250.0,sold,2010 Subaru Impreza WRX Hatchback,"Ended November 12th, 2025 at 3:59 AM","Great Falls, MT 59405",16.0
Lexus,IS,Sedan,Automatic,RWD,Private Party,2001.0,174200.0,27.0,0,1,1,1,10500.0,sold,2001 Lexus IS 300,"Ended November 13th, 2025 at 3:24 AM","Shelby, NC 28150",25.0
Lexus,GX,SUV/Crossover,Automatic,4WD/AWD,Private Party,2006.0,168100.0,44.0,0,0,1,1,13650.0,sold,2006 Lexus GX 470,"Ended November 13th, 2025 at 2:59 AM","Springfield, VA 22153",20.0
BMW,X5,SUV/Crossover,Automatic,4WD/AWD,Private Party,2013.0,96900.0,34.0,0,0,1,0,9015.0,sold,2013 BMW X5 xDrive50i,Ended January 22nd at 4:43 AM,"Austin, TX 78739",13.0
Dodge,Ram,Truck,Automatic,RWD,Dealer,1990.0,40900.0,23.0,0,1,0,0,7000.0,sold,1990 Dodge Ram D150,Ended February 7th at 2:58 AM,"Mesa, AZ 85202",36.0
Audi,S5,Convertible,Automatic,4WD/AWD,Private Party,2011.0,129500.0,10.0,0,0,1,1,6208.0,sold,2011 Audi S5 Cabriolet,"Ended December 10th, 2025 at 2:54 AM","Federal Way, WA 98023",15.0
Audi,TT,Coupe,Automatic,FWD,Dealer,2004.0,51100.0,13.0,0,0,0,0,6300.0,sold,2004 Audi TT Coupe,"Ended November 18th, 2025 at 3:16 AM","Great Neck, NY 11023",22.0
BMW,E46 M3,Convertible,Automatic,RWD,Private Party,2002.0,104100.0,14.0,0,1,1,1,9800.0,sold,2002 BMW M3 Convertible,"Ended November 7th, 2025 at 2:51 AM","Sugar Land, TX 77479",24.0
Mercedes-Benz,W211 E63 AMG,Sedan,Automatic,RWD,Private Party,2008.0,83000.0,39.0,0,1,1,0,20750.0,sold,2008 Mercedes-Benz E63 AMG Sedan,Ended February 26th at 3:08 AM,"Cranberry Twp, PA 16066",18.0
Porsche,981 Boxster,Convertible,Manual,RWD,Private Party,2014.0,18000.0,26.0,1,1,1,0,36000.0,sold,2014 Porsche Boxster,Ended January 8th at 3:00 AM,"Incline Village, NV 89451",12.0
Audi,A4,Wagon,Automatic,4WD/AWD,Private Party,2020.0,34600.0,39.0,0,0,1,0,26750.0,sold,2020 Audi A4 Allroad Quattro Premium Plus,Ended February 6th at 2:43 AM,"Brooklyn, NY 11211",6.0
BMW,E9X M3,Sedan,Automatic,RWD,Private Party,2011.0,85200.0,21.0,0,1,1,0,27000.0,sold,2011 BMW M3 Sedan Competition Package,Ended January 9th at 4:24 AM,"Raleigh, NC 27606",15.0
Ford,Focus,Hatchback,Manual,FWD,Private Party,2002.0,49400.0,15.0,1,0,1,0,7500.0,sold,2002 Ford Focus SVT,"Ended December 17th, 2025 at 3:54 AM","Tucson, AZ 85719",24.0
BMW,E46 M3,Coupe,Manual,RWD,Private Party,2003.0,152500.0,22.0,1,1,1,1,11900.0,sold,2003 BMW M3 Coupe,"Ended November 8th, 2025 at 4:26 AM","Santa Cruz, CA 95060",23.0
Mercedes-Benz,C-Class,Sedan,Automatic,RWD,Private Party,2019.0,68700.0,46.0,0,1,1,0,35000.0,sold,2019 Mercedes-AMG C63 S Sedan,Ended February 3rd at 4:29 AM,"Boca Raton, FL 33428",7.0
Toyota,Tacoma,Truck,Automatic,4WD/AWD,Private Party,2017.0,25700.0,80.0,0,0,1,0,31500.0,sold,2017 Toyota Tacoma TRD Sport Double Cab 4x4,"Ended December 31st, 2025 at 4:46 AM","Jacksonville, FL 32246",9.0
Porsche,987 Boxster,Convertible,Manual,RWD,Private Party,2006.0,33100.0,14.0,1,1,1,0,22500.0,sold,2006 Porsche Boxster S,"Ended November 29th, 2025 at 4:58 AM","Sammamish, WA 98075",20.0
Porsche,993 911,Coupe,Manual,RWD,Private Party,1995.0,111600.0,35.0,1,1,1,1,75000.0,sold,1995 Porsche 911 Carrera Coupe,"Ended October 18th, 2025 at 3:59 AM","Katy, TX 77493",31.0
Lexus,LC 500,Coupe,Automatic,RWD,Private Party,2018.0,31300.0,42.0,0,1,1,0,64000.0,sold,2018 Lexus LC 500,Ended March 3rd at 4:27 AM,"Virginia Beach, VA 23456",8.0
Subaru,WRX,Wagon,Manual,4WD/AWD,Dealer,2004.0,115700.0,18.0,1,0,0,1,8300.0,sold,2004 Subaru Impreza WRX Wagon,"Ended November 14th, 2025 at 4:12 AM","Glendale, CA 91207",22.0
Lexus,LX,SUV/Crossover,Automatic,4WD/AWD,Private Party,2006.0,256100.0,6.0,0,0,1,1,8800.0,sold,2006 Lexus LX 470,"Ended November 29th, 2025 at 4:46 AM","Scarsdale, NY 10583",20.0
Toyota,4Runner,SUV/Crossover,Automatic,4WD/AWD,Private Party,2015.0,143500.0,31.0,0,0,1,1,16750.0,sold,2015 Toyota 4Runner Limited,Ended February 17th at 2:56 AM,"Troy, NY 12180",11.0
Alfa Romeo,Giulia,Sedan,Automatic,4WD/AWD,Private Party,2017.0,62500.0,38.0,0,0,1,0,17250.0,sold,2017 Alfa Romeo Giulia Ti AWD,Ended January 29th at 3:37 AM,"Jacksonville, FL 32259",9.0
Alfa Romeo,4C,Coupe,Automatic,RWD,Private Party,2015.0,8400.0,18.0,0,1,1,0,38500.0,sold,2015 Alfa Romeo 4C,"Ended October 18th, 2025 at 1:46 AM","Dallas, TX 75229",11.0
Volkswagen,Mk8 GTI,Hatchback,Manual,FWD,Private Party,2024.0,3800.0,11.0,1,0,1,0,29350.0,sold,2024 Volkswagen GTI 380 S,Ended January 30th at 3:50 AM,"Saint Simons Island, GA 31522",2.0
Maserati,Quattroporte,Sedan,Automatic,RWD,Private Party,2019.0,31700.0,45.0,0,1,1,0,37250.0,sold,2019 Maserati Quattroporte GTS GranSport,Ended February 18th at 3:15 AM,"Roswell, GA 30075",7.0
Honda,S2000,Convertible,Manual,RWD,Private Party,2000.0,66200.0,19.0,1,1,1,0,30000.0,sold,2000 Honda S2000,"Ended November 6th, 2025 at 3:12 AM","Granada Hills, CA 91344",26.0
Mazda,NB Miata,Convertible,Manual,RWD,Private Party,1999.0,3400.0,59.0,1,1,1,0,46000.0,sold,1999 Mazda MX-5 Miata 10th Anniversary Edition,"Ended November 4th, 2025 at 2:55 AM","Round Rock, TX 78664",27.0
Mazda,NB Miata,Convertible,Automatic,RWD,Dealer,2002.0,99900.0,34.0,0,1,0,0,8600.0,sold,2002 Mazda MX-5 Miata Special Edition,Ended February 25th at 2:50 AM,"Seattle, WA 98119",24.0
Suzuki,Alto,Hatchback,Manual,FWD,Private Party,1999.0,58500.0,35.0,1,0,1,0,7000.0,sold,1999 Suzuki Alto Works ie,Ended February 26th at 3:49 AM,"Jacksonville, FL 32218",27.0
Toyota,HiAce,Van/Minivan,Automatic,RWD,Private Party,1998.0,131600.0,11.0,0,1,1,1,5500.0,sold,1998 Toyota HiAce Super Custom,Ended January 3rd at 3:55 AM,"Bonney Lake, WA 98391",28.0
Honda,City,Hatchback,Manual,FWD,Private Party,1983.0,30400.0,29.0,1,0,1,0,21000.0,sold,1983 Honda City Turbo II,"Ended October 23rd, 2025 at 1:35 AM","New Orleans, LA 70118",43.0
Porsche,Taycan,Sedan,Automatic,4WD/AWD,Private Party,2020.0,26600.0,25.0,0,0,1,0,63000.0,sold,2020 Porsche Taycan Turbo,"Ended October 29th, 2025 at 3:30 AM","West Palm Beach, FL 33418",6.0
BMW,F90 M5,Sedan,Automatic,4WD/AWD,Private Party,2022.0,8900.0,46.0,0,0,1,0,143000.0,sold,2022 BMW M5 CS,Ended February 18th at 2:33 AM,"Tarpon Springs, FL 34689",4.0
Porsche,981 Cayman,Coupe,Manual,RWD,Private Party,2016.0,21800.0,45.0,1,1,1,0,117500.0,sold,2016 Porsche Cayman GT4,Ended January 13th at 4:53 AM,"Chandler, AZ 85225",10.0
Lexus,LS,Sedan,Automatic,RWD,Dealer,2002.0,183000.0,26.0,0,1,0,1,6000.0,sold,2002 Lexus LS 430,Ended January 31st at 3:31 AM,"Pompano Beach, FL 33060",24.0
Porsche,992 911,Coupe,Automatic,RWD,Private Party,2023.0,1700.0,15.0,0,1,1,0,270000.0,sold,2023 Porsche 911 GT3,Ended January 7th at 4:54 AM,"Longwood, FL 32750",3.0
Audi,A8,Sedan,Automatic,4WD/AWD,Private Party,2006.0,138600.0,7.0,0,0,1,1,7600.0,sold,2006 Audi A8 L,"Ended November 25th, 2025 at 4:26 AM","Fort Lauderdale, FL 33304",20.0
Ford,F-150,Truck,Automatic,4WD/AWD,Dealer,2007.0,160500.0,6.0,0,0,0,1,11500.0,sold,2007 Ford F-150 FTX 4x4,"Ended October 21st, 2025 at 2:50 AM","Roswell, GA 30075",19.0
Nissan,350Z,Coupe,Manual,RWD,Dealer,2007.0,42100.0,34.0,1,1,0,0,17350.0,sold,2007 Nissan 350Z Touring Coupe,Ended January 8th at 3:30 AM,"Lees Summit, MO 64086",19.0
Mercedes-Benz,E-Class,Sedan,Automatic,RWD,Dealer,2011.0,128600.0,33.0,0,1,0,1,8447.0,sold,2011 Mercedes-Benz E350 BlueTEC,Ended January 27th at 3:16 AM,"Orlando, FL 32820",15.0
Bentley,Continental,Coupe,Automatic,4WD/AWD,Private Party,2016.0,42200.0,47.0,0,0,1,0,52575.0,sold,2016 Bentley Continental GT V8 S,"Ended November 22nd, 2025 at 4:47 AM","Scottsdale, AZ 85255",10.0
Mercedes-Benz,E-Class,Wagon,Automatic,4WD/AWD,Private Party,2011.0,79300.0,31.0,0,0,1,0,10700.0,sold,2011 Mercedes-Benz E350 4Matic Wagon,"Ended November 18th, 2025 at 4:04 AM","Hyattsville, MD 20782",15.0
Chevrolet,C3 Corvette,Convertible,Manual,RWD,Private Party,1973.0,63500.0,56.0,1,1,1,0,15000.0,sold,1973 Chevrolet Corvette Convertible,"Ended October 28th, 2025 at 2:36 AM","Waltham, MA 02452",53.0
BMW,Z3,Convertible,Automatic,RWD,Private Party,2001.0,31700.0,26.0,0,1,1,0,9000.0,sold,2001 BMW Z3 2.5i Roadster,Ended February 28th at 5:06 AM,"Martinez, CA 94553",25.0
Mercedes-Benz,W213 E-Class AMG,Wagon,Automatic,4WD/AWD,Dealer,2019.0,112400.0,28.0,0,0,0,1,35000.0,sold,2019 Mercedes-AMG E63 S Wagon,"Ended November 21st, 2025 at 2:38 AM","Schwenksville, PA 19473",7.0
Dodge,Charger,Sedan,Automatic,RWD,Private Party,2022.0,44.0,35.0,0,1,1,0,78000.0,sold,2022 Dodge Charger SRT Hellcat Redeye Widebody,"Ended November 25th, 2025 at 3:06 AM","Georgetown, MA 01833",4.0
Fiat,500 Abarth,Hatchback,Manual,FWD,Private Party,2013.0,67600.0,42.0,1,0,1,0,10500.0,sold,2013 Fiat 500 Abarth,"Ended October 23rd, 2025 at 3:48 AM","Houston, TX 77057",13.0
Ford,Bronco Raptor,SUV/Crossover,Automatic,4WD/AWD,Private Party,2023.0,4700.0,21.0,0,0,1,0,65000.0,sold,2023 Ford Bronco Raptor,Ended February 27th at 4:16 AM,"Lockport, IL 60441",3.0
BMW,3 Series,Coupe,Manual,RWD,Dealer,2011.0,162200.0,20.0,1,1,0,1,8000.0,sold,2011 BMW 328i Coupe,"Ended December 6th, 2025 at 3:55 AM","Knoxville, TN 37932",15.0
Mercedes-Benz,190,Sedan,Manual,RWD,Private Party,1987.0,58000.0,32.0,1,1,1,0,33000.0,sold,1987 Mercedes-Benz 190E 2.3-16,"Ended October 16th, 2025 at 4:03 AM","Sherwood, OR 97140",39.0
Honda,CRX,Hatchback,Manual,FWD,Private Party,1986.0,115500.0,12.0,1,0,1,1,7100.0,sold,1986 Honda Civic CRX,Ended January 15th at 3:54 AM,"Medford, OR 97504",40.0
BMW,3 Series,Sedan,Automatic,RWD,Private Party,2011.0,135200.0,33.0,0,1,1,1,12500.0,sold,2011 BMW 335d Sedan,Ended January 13th at 3:32 AM,"Pleasant Grove, UT 84062",15.0
Mercedes-Benz,C-Class AMG,Coupe,Automatic,RWD,Dealer,2012.0,132000.0,39.0,0,1,0,1,68000.0,sold,2012 Mercedes-Benz C63 AMG Black Series,Ended February 28th at 2:36 AM,"Marietta, GA 30060",14.0
BMW,7 Series,Sedan,Automatic,4WD/AWD,Private Party,2016.0,50500.0,19.0,0,0,1,0,23000.0,sold,2016 BMW 750i xDrive,"Ended December 11th, 2025 at 3:36 AM","Vancouver, WA 98685",10.0
Mazda,NA Miata,Convertible,Manual,RWD,Dealer,1990.0,67100.0,12.0,1,1,0,0,7700.0,sold,1990 Eunos Roadster,"Ended November 8th, 2025 at 3:22 AM","Chattanooga, TN 37419",36.0
BMW,F90 M5,Sedan,Automatic,4WD/AWD,Private Party,2019.0,43000.0,35.0,0,0,1,0,73000.0,sold,2019 BMW M5 Competition Package,Ended February 12th at 4:36 AM,"Glendale, CA 91208",7.0
Porsche,Cayenne,SUV/Crossover,Automatic,4WD/AWD,Dealer,2016.0,64200.0,23.0,0,0,0,0,19750.0,sold,2016 Porsche Cayenne,Ended January 30th at 3:30 AM,"San Antonio, TX 78216",10.0
Volvo,S60,Sedan,Automatic,4WD/AWD,Private Party,2014.0,135800.0,24.0,0,0,1,1,8250.0,sold,2014 Volvo S60 T6 R-Design,"Ended November 29th, 2025 at 5:21 AM","College Station, TX 77845",12.0
Lexus,GX,SUV/Crossover,Automatic,4WD/AWD,Private Party,2022.0,46800.0,28.0,0,0,1,0,41500.0,sold,2022 Lexus GX 460,Ended January 29th at 3:39 AM,"Old Greenwich, CT 06870",4.0
Toyota,Tacoma,Truck,Automatic,RWD,Private Party,2024.0,13800.0,12.0,0,1,1,0,33000.0,sold,2024 Toyota Tacoma SR5 Double Cab,"Ended December 13th, 2025 at 3:31 AM","Raleigh, NC 27615",2.0
Mitsubishi,Minicab,Truck,Automatic,4WD/AWD,Dealer,1997.0,13300.0,37.0,0,0,0,0,6866.0,sold,1997 Mitsubishi Minicab TL,Ended January 9th at 3:41 AM,"Sacramento, CA 95811",29.0
BMW,E36 M3,Coupe,Manual,RWD,Private Party,1995.0,91900.0,56.0,1,1,1,0,22738.0,sold,1995 BMW M3 Coupe,"Ended October 29th, 2025 at 2:34 AM","Los Angeles, CA 90029",31.0
Nissan,370Z,Coupe,Manual,RWD,Private Party,2011.0,55800.0,48.0,1,1,1,0,16250.0,sold,2011 Nissan 370Z Touring Coupe,Ended February 12th at 2:55 AM,"Scottsdale, AZ 85258",15.0
Geo,Metro,Sedan,Automatic,FWD,Private Party,1996.0,18700.0,41.0,0,0,1,0,6800.0,sold,1996 Geo Metro LSi Sedan,"Ended November 29th, 2025 at 5:12 AM","Austin, TX 78736",30.0
Toyota,Land Cruiser,SUV/Crossover,Automatic,4WD/AWD,Private Party,1998.0,111000.0,36.0,0,0,1,1,18500.0,sold,1998 Toyota Land Cruiser VX Limited,"Ended December 30th, 2025 at 3:51 AM","Pleasanton, CA 94566",28.0
Toyota,4Runner,SUV/Crossover,Automatic,4WD/AWD,Private Party,2019.0,62000.0,51.0,0,0,1,0,43750.0,sold,2019 Toyota 4Runner TRD Pro,"Ended December 23rd, 2025 at 5:08 AM","Littleton, CO 80122",7.0
Mercedes-Benz,G Wagen,SUV/Crossover,Automatic,4WD/AWD,Dealer,2016.0,189900.0,21.0,0,0,0,1,24500.0,sold,2016 Mercedes-Benz G550,Ended February 10th at 2:53 AM,"Alvin, TX 77511",10.0
Toyota,FJ Cruiser,SUV/Crossover,Automatic,4WD/AWD,Dealer,2008.0,108500.0,41.0,0,0,0,1,19091.0,sold,2008 Toyota FJ Cruiser,"Ended November 1st, 2025 at 2:13 AM","Hagerstown, MD 21740",18.0
Mercedes-Benz,C-Class AMG,Coupe,Automatic,RWD,Private Party,2019.0,17800.0,35.0,0,1,1,0,53000.0,sold,2019 Mercedes-AMG C63 S Coupe,Ended February 6th at 4:26 AM,"Henderson, NV 89011",7.0
Nissan,350Z,Convertible,Manual,RWD,Private Party,2008.0,54600.0,32.0,1,1,1,0,10000.0,sold,2008 Nissan 350Z Enthusiast Roadster,"Ended December 10th, 2025 at 3:58 AM","Natick, MA 01760",18.0
Mercedes-Benz,E-Class,Wagon,Automatic,4WD/AWD,Dealer,2011.0,126500.0,37.0,0,0,0,1,9500.0,sold,2011 Mercedes-Benz E350 4Matic Wagon,"Ended October 28th, 2025 at 3:50 AM","Orlando, FL 32820",15.0
Jeep,Wrangler,SUV/Crossover,Manual,4WD/AWD,Private Party,1988.0,53700.0,25.0,1,0,1,0,8400.0,sold,1988 Jeep Wrangler Laredo 4x4,Ended January 1st at 5:05 AM,"Oxnard, CA 93035",38.0
Suzuki,Alto,Hatchback,Automatic,FWD,Private Party,1999.0,93600.0,24.0,0,0,1,0,4500.0,sold,1999 Suzuki Alto Works ie,"Ended November 29th, 2025 at 4:36 AM","East Haven, CT 06512",27.0
Dodge,Challenger,Coupe,Automatic,RWD,Private Party,2015.0,43300.0,19.0,0,1,1,0,33505.0,sold,2015 Dodge Challenger SRT Hellcat,"Ended December 24th, 2025 at 3:33 AM","O Fallon, MO 63366",11.0
Volkswagen,Golf,Wagon,Manual,4WD/AWD,Private Party,2019.0,70300.0,11.0,1,0,1,0,17000.0,sold,2019 Volkswagen Golf Alltrack SE,"Ended October 24th, 2025 at 3:18 AM","Louisville, CO 80027",7.0
Mazda,NA Miata,Convertible,Manual,RWD,Private Party,1990.0,135100.0,25.0,1,1,1,1,5999.0,sold,1990 Mazda MX-5 Miata,"Ended November 13th, 2025 at 3:15 AM","Tuckerton, NJ 08087",36.0
BMW,Z3,Convertible,Manual,RWD,Dealer,2001.0,77400.0,15.0,1,1,0,0,5600.0,sold,2001 BMW Z3 2.5i Roadster,Ended January 1st at 4:19 AM,"Marietta, GA 30062",25.0
Toyota,Solara,Convertible,Automatic,FWD,Private Party,2007.0,33800.0,38.0,0,0,1,0,12000.0,sold,2007 Toyota Camry Solara Sport V6 Convertible,"Ended October 25th, 2025 at 3:02 AM","Martinez, CA 94553",19.0
Mercedes-Benz,W213 E-Class AMG,Wagon,Automatic,4WD/AWD,Private Party,2018.0,66500.0,37.0,0,0,1,0,62000.0,sold,2018 Mercedes-AMG E63 S Wagon,Ended February 24th at 4:39 AM,"Pebble Beach, CA 93953",8.0
Mercury,Grand Marquis,Wagon,Automatic,RWD,Private Party,1985.0,94300.0,8.0,0,1,1,0,7300.0,sold,1985 Mercury Grand Marquis Colony Park Wagon,"Ended November 14th, 2025 at 2:50 AM","Bayville, NJ 08721",41.0
BMW,X1,SUV/Crossover,Automatic,4WD/AWD,Private Party,2013.0,64200.0,41.0,0,0,1,0,16500.0,sold,2013 BMW X1 xDrive35i,"Ended December 16th, 2025 at 3:03 AM","Lake Worth, FL 33467",13.0
Alfa Romeo,Giulia,Sedan,Automatic,RWD,Private Party,2018.0,44800.0,50.0,0,1,1,0,37000.0,sold,2018 Alfa Romeo Giulia Quadrifoglio,Ended January 1st at 4:50 AM,"Calabasas, CA 91302",8.0
BMW,E36 M3,Sedan,Manual,RWD,Private Party,1997.0,177600.0,21.0,1,1,1,1,7000.0,sold,1997 BMW M3 Sedan,Ended February 4th at 4:05 AM,"Louisville, KY 40245",29.0
BMW,5 Series,Sedan,Automatic,RWD,Private Party,1994.0,107800.0,28.0,0,1,1,1,6200.0,sold,1994 BMW 540i Sedan,"Ended October 16th, 2025 at 2:38 AM","Buffalo, NY 14209",32.0
Tesla,Model 3,Sedan,Automatic,4WD/AWD,Private Party,2018.0,68200.0,30.0,0,0,1,0,18000.0,sold,2018 Tesla Model 3 Long Range AWD,Ended January 21st at 5:24 AM,"Bethesda, MD 20817",8.0
Porsche,944,Coupe,Manual,RWD,Private Party,1986.0,111100.0,26.0,1,1,1,1,6600.0,sold,1986 Porsche 944,"Ended December 9th, 2025 at 4:46 AM","Plain City, OH 43064",40.0
BMW,Z4,Coupe,Manual,RWD,Dealer,2006.0,45100.0,39.0,1,1,0,0,38000.0,sold,2006 BMW Z4 M Coupe,"Ended December 10th, 2025 at 3:08 AM","Cedar Rapids, IA 52404",20.0
Porsche,986 Boxster,Convertible,Manual,RWD,Private Party,2002.0,45200.0,56.0,1,1,1,0,19000.0,sold,2002 Porsche Boxster S,Ended February 20th at 3:44 AM,"Sonoma, CA 95476",24.0
Jaguar,XKR,Coupe,Automatic,RWD,Private Party,2013.0,8300.0,58.0,0,1,1,0,58000.0,sold,2013 Jaguar XKR-S Coupe,"Ended December 10th, 2025 at 3:26 AM","Shawnee Mission, KS 66221",13.0
BMW,Z3,Convertible,Automatic,RWD,Dealer,2001.0,75700.0,21.0,0,1,0,0,8000.0,sold,2001 BMW Z3 3.0i Roadster,"Ended October 22nd, 2025 at 3:49 AM","Napa, CA 94559",25.0
Chevrolet,C5 Corvette,Coupe,Automatic,RWD,Private Party,2000.0,51600.0,19.0,0,1,1,0,14700.0,sold,2000 Chevrolet Corvette Coupe,Ended March 3rd at 4:46 AM,"Redmond, WA 98053",26.0
Aston Martin,Vantage,Coupe,Automatic,RWD,Private Party,2015.0,17200.0,44.0,0,1,1,0,84000.0,sold,2015 Aston Martin V12 Vantage S,Ended January 31st at 2:37 AM,"Sammamish, WA 98074",11.0
Aston Martin,Vanquish,Coupe,Automatic,RWD,Private Party,2002.0,28300.0,35.0,0,1,1,0,38257.0,sold,2002 Aston Martin Vanquish,Ended February 21st at 2:38 AM,"Culver City, CA 90230",24.0
Mercedes-Benz,E-Class,Sedan,Automatic,RWD,Dealer,2009.0,114300.0,30.0,0,1,0,1,8400.0,sold,2009 Mercedes-Benz E350 Sedan,"Ended October 29th, 2025 at 3:13 AM","Roswell, GA 30075",17.0
BMW,E36 M3,Coupe,Manual,RWD,Private Party,1996.0,193300.0,37.0,1,1,1,1,17100.0,sold,1996 BMW M3 Coupe,"Ended October 28th, 2025 at 1:51 AM","Puyallup, WA 98373",30.0
Cadillac,CT4-V,Sedan,Manual,RWD,Dealer,2025.0,725.0,30.0,1,1,0,0,63500.0,sold,2025 Cadillac CT4-V Blackwing,Ended February 4th at 2:43 AM,"Wilmington, DE 19806",1.0
BMW,3 Series,Coupe,Automatic,RWD,Dealer,2012.0,73900.0,24.0,0,1,0,0,6850.0,sold,2012 BMW 328i Coupe,Ended February 20th at 3:06 AM,"San Diego, CA 92115",14.0
Subaru,Forester,Wagon,Manual,4WD/AWD,Private Party,2008.0,232300.0,27.0,1,0,1,1,9300.0,sold,2008 Subaru Forester 2.5XT,"Ended December 23rd, 2025 at 3:54 AM","Brooklyn, NY 11204",18.0
Porsche,991 911,Coupe,Automatic,4WD/AWD,Dealer,2016.0,32600.0,35.0,0,0,0,0,100000.0,sold,2016 Porsche 911 Targa 4S,"Ended December 12th, 2025 at 2:31 AM","Kearny, NJ 07032",10.0
Datsun,510,Sedan,Manual,RWD,Dealer,1972.0,94100.0,28.0,1,1,0,0,35000.0,sold,1972 Datsun 510 2-Door Sedan,Ended January 3rd at 3:19 AM,"Houston, TX 77027",54.0
Mercedes-Benz,S-Class,Sedan,Automatic,4WD/AWD,Private Party,2010.0,134300.0,37.0,0,0,1,1,8669.0,sold,2010 Mercedes-Benz S550 4Matic,"Ended December 6th, 2025 at 4:39 AM","Nampa, ID 83686",16.0
Mercedes-Benz,R129 SL,Convertible,Automatic,RWD,Private Party,1993.0,50900.0,27.0,0,1,1,0,8997.0,sold,1993 Mercedes-Benz 500SL,Ended February 24th at 4:47 AM,"Burnsville, MN 55306",33.0
Ferrari,458,Coupe,Automatic,RWD,Private Party,2010.0,45800.0,57.0,0,1,1,0,136500.0,sold,2010 Ferrari 458 Italia,"Ended November 20th, 2025 at 2:38 AM","Las Vegas, NV 89146",16.0
BMW,3 Series,Wagon,Automatic,4WD/AWD,Dealer,2017.0,69700.0,43.0,0,0,0,0,15250.0,sold,2017 BMW 330i xDrive Sports Wagon,Ended February 21st at 4:30 AM,"Pompano Beach, FL 33060",9.0
Audi,RS3,Sedan,Automatic,4WD/AWD,Dealer,2018.0,33600.0,52.0,0,0,0,0,41750.0,sold,2018 Audi RS3,Ended February 6th at 3:34 AM,"New Hyde Park, NY 11040",8.0
Mitsubishi,RVR,Van/Minivan,Automatic,4WD/AWD,Dealer,1992.0,43800.0,29.0,0,0,0,0,5700.0,sold,1992 Mitsubishi RVR X,"Ended December 23rd, 2025 at 2:36 AM","Sacramento, CA 95811",34.0
Porsche,997 911,Coupe,Automatic,4WD/AWD,Dealer,2009.0,72500.0,48.0,0,0,0,0,71000.0,sold,2009 Porsche 911 Targa 4S,"Ended November 11th, 2025 at 2:41 AM","Seattle, WA 98199",17.0
Mazda,Mazdaspeed 3,Hatchback,Manual,FWD,Private Party,2010.0,86700.0,15.0,1,0,1,0,5700.0,sold,2010 Mazdaspeed3,"Ended October 22nd, 2025 at 2:46 AM","Erie, CO 80516",16.0
Ford,Mustang,Coupe,Manual,RWD,Private Party,2016.0,111300.0,40.0,1,1,1,1,20000.0,sold,2016 Ford Mustang GT Coupe Premium,Ended January 6th at 3:50 AM,"Port Saint Lucie, FL 34953",10.0
Porsche,718 Boxster,Convertible,Manual,RWD,Private Party,2022.0,5200.0,57.0,1,1,1,0,132000.0,sold,2022 Porsche 718 Boxster Spyder,Ended February 27th at 3:27 AM,"Sandy, UT 84093",4.0
BMW,3 Series,Convertible,Automatic,RWD,Private Party,2007.0,28000.0,17.0,0,1,1,0,16800.0,sold,2007 BMW 335i Convertible,"Ended October 23rd, 2025 at 3:42 AM","Wakefield, MA 01880",19.0
Chevrolet,C4 Corvette,Coupe,Automatic,RWD,Dealer,1984.0,5000.0,55.0,0,1,0,0,8000.0,sold,1984 Chevrolet Corvette Coupe,"Ended November 27th, 2025 at 3:03 AM","Littleton, CO 80120",42.0
Jaguar,XJS,Convertible,Automatic,RWD,Private Party,1989.0,59900.0,15.0,0,1,1,0,6300.0,sold,1989 Jaguar XJS V12 Convertible,Ended January 10th at 2:33 AM,"Sanford, NC 27330",37.0
Mazda,ND Miata,Convertible,Manual,RWD,Private Party,2016.0,44200.0,27.0,1,1,1,0,19000.0,sold,2016 Mazda MX-5 Miata Grand Touring,"Ended December 5th, 2025 at 2:49 AM","San Jose, CA 95132",10.0
BMW,5 Series,Sedan,Manual,RWD,Private Party,2011.0,106000.0,23.0,1,1,1,1,8500.0,sold,2011 BMW 535i,Ended January 22nd at 3:57 AM,"Toledo, OH 43606",15.0
Ford,Ranger,Truck,Automatic,RWD,Dealer,2009.0,12900.0,39.0,0,1,0,0,11000.0,sold,2009 Ford Ranger,Ended February 27th at 3:46 AM,"Bakersfield, CA 93313",17.0
Mercedes-Benz,R129 SL,Convertible,Automatic,RWD,Private Party,1997.0,79900.0,21.0,0,1,1,0,10300.0,sold,1997 Mercedes-Benz SL500,Ended January 7th at 3:44 AM,"Spring, TX 77382",29.0
MINI,Cooper,Hatchback,Manual,FWD,Private Party,2015.0,78600.0,15.0,1,0,1,0,8600.0,sold,2015 Mini Cooper S Hardtop,Ended January 27th at 2:58 AM,"Carlsbad, CA 92011",11.0
BMW,3 Series,Convertible,Manual,RWD,Private Party,2001.0,76300.0,25.0,1,1,1,0,6860.0,sold,2001 BMW 325Ci Convertible,"Ended October 28th, 2025 at 3:59 AM","Costa Mesa, CA 92627",25.0
Porsche,Panamera,Sedan,Automatic,4WD/AWD,Dealer,2010.0,95900.0,46.0,0,0,0,0,13450.0,sold,2010 Porsche Panamera 4S,"Ended December 12th, 2025 at 3:41 AM","Orlando, FL 32821",16.0
Honda,Acty,Truck,Manual,4WD/AWD,Private Party,1991.0,10200.0,34.0,1,0,1,0,6250.0,sold,1991 Honda Acty 4WD,Ended February 11th at 3:02 AM,"Miami, FL 33187",35.0
Toyota,FJ Cruiser,SUV/Crossover,Automatic,4WD/AWD,Private Party,2014.0,169200.0,33.0,0,0,1,1,20250.0,sold,2014 Toyota FJ Cruiser Trail Teams Ultimate Edition,"Ended December 17th, 2025 at 5:02 AM","Budd Lake, NJ 07828",12.0
Porsche,G Series/930 911,Convertible,Manual,RWD,Private Party,1976.0,73200.0,9.0,1,1,1,0,45000.0,sold,1976 Porsche 911 Carrera Cabriolet Conversion,"Ended November 29th, 2025 at 2:38 AM","San Pedro, CA 90731",50.0
BMW,E9X M3,Convertible,Manual,RWD,Dealer,2011.0,77700.0,13.0,1,1,0,0,16500.0,sold,2011 BMW M3 Convertible,"Ended December 5th, 2025 at 4:20 AM","Billerica, MA 01821",15.0
Mazda,Mazdaspeed 3,Hatchback,Manual,FWD,Private Party,2009.0,117300.0,35.0,1,0,1,1,8100.0,sold,2009 Mazdaspeed3 Grand Touring,"Ended October 18th, 2025 at 2:31 AM","Charlottesville, VA 22911",17.0
Lamborghini,Murcielago,Convertible,Manual,4WD/AWD,Private Party,2006.0,19900.0,31.0,1,0,1,0,290000.0,sold,2006 Lamborghini Murciélago Roadster,"Ended October 24th, 2025 at 1:39 AM","San Diego, CA 92103",20.0
Mercedes-Benz,E-Class,Sedan,Automatic,RWD,Private Party,2007.0,129900.0,36.0,0,1,1,1,7995.0,sold,2007 Mercedes-Benz E550 Sedan,Ended February 14th at 2:50 AM,"Orlando, FL 32804",19.0
Toyota,FJ Cruiser,SUV/Crossover,Automatic,4WD/AWD,Private Party,2007.0,212200.0,29.0,0,0,1,1,9550.0,sold,2007 Toyota FJ Cruiser,Ended January 28th at 3:59 AM,"Lexington, SC 29072",19.0
Chevrolet,C6 Corvette,Coupe,Manual,RWD,Private Party,2006.0,45300.0,47.0,1,1,1,0,25250.0,sold,2006 Chevrolet Corvette Coupe,"Ended October 17th, 2025 at 2:07 AM","Herndon, VA 20171",20.0
Chevrolet,SSR,Truck,Automatic,RWD,Private Party,2004.0,118600.0,56.0,0,1,1,1,13700.0,sold,2004 Chevrolet SSR,"Ended October 30th, 2025 at 4:16 AM","Santa Rosa, CA 95403",22.0
Ferrari,GTC4Lusso,Hatchback,Automatic,4WD/AWD,Private Party,2017.0,15800.0,68.0,0,0,1,0,246000.0,sold,2017 Ferrari GTC4Lusso,"Ended December 9th, 2025 at 2:43 AM","Redmond, WA 98052",9.0
Lexus,LS,Sedan,Automatic,RWD,Dealer,2001.0,143100.0,18.0,0,1,0,1,6600.0,sold,2001 Lexus LS 430,"Ended November 18th, 2025 at 4:18 AM","Fort Valley, GA 31030",25.0
Lexus,GX,SUV/Crossover,Automatic,4WD/AWD,Dealer,2003.0,233600.0,47.0,0,0,0,1,7200.0,sold,2003 Lexus GX 470,"Ended December 30th, 2025 at 3:42 AM","Pompano Beach, FL 33060",23.0
Porsche,Macan,SUV/Crossover,Automatic,4WD/AWD,Dealer,2015.0,105100.0,56.0,0,0,0,1,19000.0,sold,2015 Porsche Macan Turbo,Ended February 27th at 3:25 AM,"Dublin, OH 43016",11.0
BMW,7 Series,Sedan,Automatic,RWD,Dealer,1998.0,71100.0,15.0,0,1,0,0,7800.0,sold,1998 BMW 740iL,Ended January 27th at 3:39 AM,"Great Neck, NY 11023",28.0
BMW,3 Series,Sedan,Automatic,4WD/AWD,Dealer,2014.0,180700.0,12.0,0,0,0,1,5300.0,sold,2014 BMW 328d xDrive Sedan,"Ended December 30th, 2025 at 4:02 AM","Northbrook, IL 60062",12.0
Mazda,Mazdaspeed MX-5,Convertible,Manual,RWD,Private Party,2005.0,89200.0,36.0,1,1,1,0,9200.0,sold,2005 Mazda Mazdaspeed MX-5 Miata,Ended January 3rd at 4:35 AM,"Philadelphia, PA 19129",21.0
BMW,5 Series,Sedan,Manual,RWD,Private Party,2003.0,129200.0,16.0,1,1,1,1,14000.0,sold,2003 BMW 540i Sedan,"Ended November 19th, 2025 at 2:47 AM","Glendale, CA 91208",23.0
BMW,X5,SUV/Crossover,Automatic,4WD/AWD,Dealer,2016.0,115200.0,37.0,0,0,0,1,10402.0,sold,2016 BMW X5 xDrive35i,Ended January 29th at 3:35 AM,"Orlando, FL 32820",10.0
Aston Martin,DB9,Coupe,Automatic,RWD,Dealer,2005.0,28100.0,35.0,0,1,0,0,39000.0,sold,2005 Aston Martin DB9 Coupe,"Ended December 30th, 2025 at 3:16 AM","Auburn, CA 95602",21.0
Chevrolet,Vega,Coupe,Manual,RWD,Private Party,1975.0,73100.0,27.0,1,1,1,0,6800.0,sold,1975 Chevrolet Cosworth Vega,Ended February 26th at 3:54 AM,"Fort Collins, CO 80525",51.0
Ford,Focus RS,Hatchback,Manual,4WD/AWD,Private Party,2018.0,7000.0,33.0,1,0,1,0,43250.0,sold,2018 Ford Focus RS,Ended February 20th at 3:05 AM,"San Leandro, CA 94579",8.0
Subaru,WRX STI,Sedan,Manual,4WD/AWD,Private Party,2018.0,13300.0,46.0,1,0,1,0,40000.0,sold,2018 Subaru WRX STI Type RA,Ended January 14th at 3:57 AM,"Holly Springs, NC 27540",8.0
MINI,Cooper,Hatchback,Manual,FWD,Private Party,2012.0,141200.0,35.0,1,0,1,1,8333.0,sold,2012 Mini Cooper S Hardtop,"Ended November 29th, 2025 at 4:27 AM","Naples, FL 34120",14.0
Tesla,Model 3,Sedan,Automatic,4WD/AWD,Private Party,2021.0,32800.0,34.0,0,0,1,0,27250.0,sold,2021 Tesla Model 3 Performance,"Ended November 13th, 2025 at 3:56 AM","Tarrytown, NY 10591",5.0
Ford,Bronco,SUV/Crossover,Automatic,4WD/AWD,Dealer,1996.0,123100.0,49.0,0,0,0,1,28500.0,sold,1996 Ford Bronco Eddie Bauer 4x4,"Ended December 12th, 2025 at 4:39 AM","Wichita, KS 67206",30.0
Jaguar,F-Type,Coupe,Automatic,RWD,Private Party,2015.0,34900.0,24.0,0,1,1,0,25500.0,sold,2015 Jaguar F-Type S Coupe,"Ended October 25th, 2025 at 1:56 AM","Miami, FL 33129",11.0
Porsche,Cayenne,SUV/Crossover,Automatic,4WD/AWD,Private Party,2017.0,44600.0,44.0,0,0,1,0,30000.0,sold,2017 Porsche Cayenne S E-Hybrid,"Ended December 3rd, 2025 at 3:41 AM","Upland, CA 91786",9.0
Honda,Prelude,Coupe,Manual,FWD,Private Party,1996.0,55500.0,26.0,1,0,1,0,8200.0,sold,1996 Honda Prelude S,"Ended December 12th, 2025 at 2:44 AM","Bonita Springs, FL 34134",30.0
Ferrari,California,Convertible,Automatic,RWD,Dealer,2014.0,19900.0,36.0,0,1,0,0,89000.0,sold,2014 Ferrari California,"Ended October 18th, 2025 at 1:56 AM","Roswell, GA 30075",12.0
Mercedes-Benz,C-Class AMG,Sedan,Automatic,4WD/AWD,Private Party,2018.0,37300.0,51.0,0,0,1,0,30250.0,sold,2018 Mercedes-AMG C43 Sedan,"Ended October 17th, 2025 at 2:55 AM","Palm Coast, FL 32137",8.0
Alfa Romeo,Giulia,Sedan,Automatic,RWD,Private Party,2017.0,90600.0,46.0,0,1,1,0,15350.0,sold,2017 Alfa Romeo Giulia Ti,"Ended November 22nd, 2025 at 3:50 AM","Carlsbad, CA 92008",9.0
BMW,5 Series,Wagon,Automatic,4WD/AWD,Private Party,2010.0,148000.0,25.0,0,0,1,1,7900.0,sold,2010 BMW 535i xDrive Sports Wagon,Ended February 27th at 4:51 AM,"Nashville, TN 37205",16.0
Chevrolet,C4 Corvette,Coupe,Manual,RWD,Dealer,1990.0,67900.0,33.0,1,1,0,0,15250.0,sold,1990 Chevrolet Corvette ZR-1,Ended February 6th at 3:31 AM,"Junction City, KS 66441",36.0
Ford,Mustang,Coupe,Automatic,RWD,Dealer,2021.0,4000.0,54.0,0,1,0,0,54000.0,sold,2021 Ford Mustang Premium Coupe,"Ended October 22nd, 2025 at 1:49 AM","Kennett Square, PA 19348",5.0
Jeep,CJ-7,SUV/Crossover,Manual,4WD/AWD,Private Party,1985.0,110300.0,24.0,1,0,1,1,11000.0,sold,1985 Jeep CJ-7,"Ended October 31st, 2025 at 1:43 AM","Knoxville, TN 37922",41.0
Nissan,Cima,Sedan,Automatic,RWD,Private Party,1996.0,35600.0,18.0,0,1,1,0,10250.0,sold,1996 Nissan Cima Grand Touring,Ended January 22nd at 3:42 AM,"Naples, FL 34117",30.0
Toyota,Land Cruiser,SUV/Crossover,Automatic,4WD/AWD,Private Party,1990.0,110000.0,20.0,0,0,1,1,17250.0,sold,1990 Toyota Land Cruiser Prado,Ended January 27th at 3:30 AM,"Broomfield, CO 80020",36.0
BMW,X5,SUV/Crossover,Automatic,4WD/AWD,Dealer,2007.0,99000.0,8.0,0,0,0,0,6600.0,sold,2007 BMW X5 4.8i,"Ended December 10th, 2025 at 4:24 AM","Pompano Beach, FL 33060",19.0
Mazda,NA Miata,Convertible,Manual,RWD,Private Party,1990.0,39400.0,45.0,1,1,1,0,11000.0,sold,1990 Mazda MX-5 Miata,"Ended October 21st, 2025 at 4:10 AM","Newtown, PA 18940",36.0
Toyota,Hilux,SUV/Crossover,Automatic,4WD/AWD,Private Party,1995.0,126500.0,49.0,0,0,1,1,12905.0,sold,1995 Toyota Hilux Surf SSR-X Wide 4x4,Ended February 4th at 2:45 AM,"North Charleston, SC 29405",31.0
Ford,F-150 Raptor,Truck,Automatic,4WD/AWD,Private Party,2011.0,133400.0,42.0,0,0,1,1,21500.0,sold,2011 Ford F-150 SVT Raptor,"Ended December 4th, 2025 at 3:25 AM","Mira Loma, CA 91752",15.0
Mercedes-Benz,CLK-Class,Convertible,Automatic,RWD,Private Party,2001.0,83800.0,15.0,0,1,1,0,5200.0,sold,2001 Mercedes-Benz CLK430 Cabriolet,"Ended December 4th, 2025 at 3:08 AM","Del Mar, CA 92014",25.0
Chevrolet,C4 Corvette,Coupe,Automatic,RWD,Private Party,1984.0,62200.0,13.0,0,1,1,0,5500.0,sold,1984 Chevrolet Corvette Coupe,"Ended December 31st, 2025 at 4:14 AM","Whitehouse Station, NJ 08889",42.0
Toyota,4Runner,SUV/Crossover,Automatic,4WD/AWD,Private Party,2002.0,226100.0,28.0,0,0,1,1,7200.0,sold,2002 Toyota 4Runner Limited 4x4,"Ended October 25th, 2025 at 2:03 AM","Englewood, CO 80112",24.0
BMW,E46 M3,Convertible,Manual,RWD,Private Party,2003.0,92300.0,44.0,1,1,1,0,27250.0,sold,2003 BMW M3 Convertible Dinan S3R,"Ended October 24th, 2025 at 1:54 AM","Wayzata, MN 55391",23.0
Chevrolet,C4 Corvette,Coupe,Automatic,RWD,Private Party,1994.0,38200.0,48.0,0,1,1,0,13300.0,sold,1994 Chevrolet Corvette Coupe,"Ended November 15th, 2025 at 4:35 AM","Berthoud, CO 80513",32.0
Lexus,IS,Sedan,Automatic,RWD,Private Party,2024.0,3400.0,12.0,0,1,1,0,63400.0,sold,2024 Lexus IS 500 Sport Performance Premium,"Ended October 29th, 2025 at 3:17 AM","Scottsdale, AZ 85255",2.0
Porsche,Cayenne,SUV/Crossover,Automatic,4WD/AWD,Private Party,2006.0,100000.0,19.0,0,0,1,0,9200.0,sold,2006 Porsche Cayenne S,Ended February 12th at 2:35 AM,"Martinez, CA 94553",20.0
Mercedes-Benz,S-Class AMG,Sedan,Automatic,RWD,Private Party,2007.0,63200.0,14.0,0,1,1,0,19500.0,sold,2007 Mercedes-Benz S65 AMG,"Ended October 17th, 2025 at 1:58 AM","Scarsdale, NY 10583",19.0
Cadillac,CT5-V,Sedan,Manual,RWD,Private Party,2024.0,7000.0,36.0,1,1,1,0,110787.0,sold,2024 Cadillac CT5-V Blackwing,"Ended December 4th, 2025 at 2:36 AM","Huntington Station, NY 11746",2.0
Mazda,ND Miata,Convertible,Manual,RWD,Private Party,2022.0,8800.0,71.0,1,1,1,0,35373.0,sold,2022 Mazda MX-5 Miata RF Grand Touring,Ended January 13th at 3:13 AM,"Star, ID 83669",4.0
Rivian,R1S,SUV/Crossover,Automatic,4WD/AWD,Private Party,2022.0,25000.0,17.0,0,0,1,0,53700.0,sold,2022 Rivian R1S Launch Edition,Ended February 4th at 4:11 AM,"Golden, CO 80403",4.0
Chevrolet,C7 Corvette,Coupe,Automatic,RWD,Private Party,2014.0,19800.0,41.0,0,1,1,0,34000.0,sold,2014 Chevrolet Corvette Stingray Coupe,Ended January 7th at 2:37 AM,"West Babylon, NY 11704",12.0
BMW,E39 M5,Sedan,Manual,RWD,Private Party,2002.0,104900.0,16.0,1,1,1,1,25500.0,sold,2002 BMW M5,"Ended October 18th, 2025 at 3:54 AM","Louisville, CO 80027",24.0
BMW,E9X M3,Coupe,Manual,RWD,Private Party,2008.0,101600.0,17.0,1,1,1,1,21750.0,sold,2008 BMW M3 Coupe,"Ended November 21st, 2025 at 4:16 AM","Farmingdale, NY 11735",18.0
BMW,3 Series,Sedan,Automatic,RWD,Private Party,2020.0,108000.0,37.0,0,1,1,1,25500.0,sold,2020 BMW M340i,"Ended October 31st, 2025 at 3:59 AM","Riverside, CA 92509",6.0
Cadillac,CTS,Wagon,Automatic,4WD/AWD,Private Party,2010.0,121500.0,29.0,0,0,1,1,11100.0,sold,2010 Cadillac CTS Premium Sport Wagon,"Ended November 19th, 2025 at 3:49 AM","Macon, GA 31204",16.0
BMW,X5,SUV/Crossover,Automatic,4WD/AWD,Private Party,2006.0,126300.0,27.0,0,0,1,1,12000.0,sold,2006 BMW X5 4.4i,Ended February 17th at 4:01 AM,"La Jolla, CA 92037",20.0
Toyota,Liteace,Truck,Manual,RWD,Private Party,1996.0,5900.0,24.0,1,1,1,0,5200.0,sold,1996 Toyota LiteAce Fire Truck,"Ended October 23rd, 2025 at 2:10 AM","Highlands, NJ 07732",30.0
Toyota,FJ Cruiser,SUV/Crossover,Automatic,4WD/AWD,Dealer,2008.0,240500.0,10.0,0,0,0,1,7800.0,sold,2008 Toyota FJ Cruiser,Ended January 6th at 3:14 AM,"Pompano Beach, FL 33060",18.0
BMW,3 Series,Coupe,Automatic,4WD/AWD,Private Party,2011.0,85000.0,18.0,0,0,1,0,6900.0,sold,2011 BMW 335i xDrive Coupe,"Ended November 27th, 2025 at 3:39 AM","Monroeville, PA 15146",15.0
Mercedes-Benz,Unimog,Truck,Manual,4WD/AWD,Dealer,1978.0,23200.0,40.0,1,0,0,0,33333.0,sold,1978 Mercedes-Benz Unimog 416,Ended February 20th at 2:53 AM,"Seattle, WA 98134",48.0
BMW,3 Series,Sedan,Manual,RWD,Private Party,2004.0,129100.0,15.0,1,1,1,1,7800.0,sold,2004 BMW 330i ZHP Sedan,Ended January 13th at 3:48 AM,"Cincinnati, OH 45208",22.0
Toyota,Supra,Coupe,Manual,RWD,Private Party,1993.0,60700.0,31.0,1,1,1,0,89501.0,sold,1993 Toyota Supra Turbo,"Ended December 18th, 2025 at 2:33 AM","Midland, TX 79707",33.0
Chevrolet,C5 Corvette,Convertible,Manual,RWD,Dealer,2002.0,23900.0,28.0,1,1,0,0,20000.0,sold,2002 Chevrolet Corvette Convertible,Ended January 6th at 4:29 AM,"Sonoma, CA 95476",24.0
Mercedes-Benz,E-Class,Sedan,Automatic,RWD,Private Party,1991.0,142300.0,5.0,0,1,1,1,3300.0,sold,1991 Mercedes-Benz 300E Sedan,"Ended December 2nd, 2025 at 3:35 AM","San Ramon, CA 94583",35.0
Nissan,Atlas,Truck,Manual,RWD,Private Party,1998.0,7500.0,20.0,1,1,1,0,8000.0,sold,1998 Nissan Atlas 100 Fire Truck,"Ended October 30th, 2025 at 2:22 AM","Bell, CA 90201",28.0
MINI,Cooper Clubman,Wagon,Automatic,4WD/AWD,Private Party,2022.0,36500.0,63.0,0,0,1,0,36750.0,sold,2022 Mini Cooper Clubman John Cooper Works ALL4,"Ended December 2nd, 2025 at 4:38 AM","Hilliard, OH 43026",4.0
Porsche,Cayenne,SUV/Crossover,Automatic,4WD/AWD,Dealer,2017.0,131800.0,45.0,0,0,0,1,15750.0,sold,2017 Porsche Cayenne Platinum Edition,Ended January 17th at 3:07 AM,"Orlando, FL 32820",9.0
Toyota,Tacoma,Truck,Automatic,4WD/AWD,Private Party,2025.0,12000.0,22.0,0,0,1,0,67000.0,sold,2025 Toyota Tacoma Trailhunter Double Cab 4×4,"Ended October 21st, 2025 at 2:14 AM","Effort, PA 18330",1.0
Porsche,968,Coupe,Manual,RWD,Private Party,1992.0,105600.0,31.0,1,1,1,1,14000.0,sold,1992 Porsche 968 Coupe,"Ended November 27th, 2025 at 3:35 AM","Dawson Springs, KY 42408",34.0
Porsche,996 911,Coupe,Manual,4WD/AWD,Private Party,2003.0,127000.0,32.0,1,0,1,1,32250.0,sold,2003 Porsche 911 Carrera 4S Coupe,"Ended December 11th, 2025 at 3:45 AM","Arlington, TX 76012",23.0
Jeep,Wrangler,SUV/Crossover,Manual,4WD/AWD,Private Party,1989.0,152000.0,15.0,1,0,1,1,4600.0,sold,1989 Jeep Wrangler 4x4,"Ended October 18th, 2025 at 3:17 AM","Arlington, VA 22205",37.0
Tesla,Model S,Sedan,Automatic,4WD/AWD,Private Party,2017.0,73300.0,38.0,0,0,1,0,27000.0,sold,2017 Tesla Model S 100D,"Ended November 13th, 2025 at 3:08 AM","Sacramento, CA 95815",9.0
Porsche,986 Boxster,Convertible,Manual,RWD,Dealer,2002.0,70400.0,72.0,1,1,0,0,14200.0,sold,2002 Porsche Boxster S,Ended January 22nd at 2:59 AM,"Miami, FL 33137",24.0
Toyota,GR Corolla,Hatchback,Manual,4WD/AWD,Private Party,2023.0,21600.0,14.0,1,0,1,0,34750.0,sold,2023 Toyota GR Corolla Circuit Edition,"Ended November 7th, 2025 at 4:20 AM","Brea, CA 92823",3.0
Smart,Fortwo,Hatchback,Manual,RWD,Dealer,2016.0,46200.0,42.0,1,1,0,0,13500.0,sold,2016 Smart Fortwo Passion,Ended February 20th at 2:53 AM,"Orlando, FL 32820",10.0
Fiat,500 Abarth,Coupe,Manual,FWD,Private Party,2015.0,49800.0,27.0,1,0,1,0,11000.0,sold,2015 Fiat 500 Abarth,"Ended November 8th, 2025 at 2:59 AM","East Peoria, IL 61611",11.0
Cadillac,Escalade,SUV/Crossover,Automatic,4WD/AWD,Private Party,2023.0,12000.0,31.0,0,0,1,0,74000.0,sold,2023 Cadillac Escalade 4WD Sport Platinum,"Ended November 14th, 2025 at 3:34 AM","Ho-Ho-Kus, NJ 07676",3.0
Nissan,Titan,Truck,Automatic,4WD/AWD,Private Party,2012.0,201800.0,32.0,0,0,1,1,10000.0,sold,2012 Nissan Titan PRO-4X 4x4,Ended January 3rd at 3:38 AM,"Las Vegas, NV 89178",14.0
Mercedes-Benz,S-Class AMG,Coupe,Automatic,4WD/AWD,Private Party,2016.0,43700.0,37.0,0,0,1,0,52000.0,sold,2016 Mercedes-AMG S63 Coupe,Ended February 14th at 3:28 AM,"Douglasville, GA 30135",10.0
Land Rover,Range Rover Sport,SUV/Crossover,Automatic,4WD/AWD,Dealer,2013.0,89500.0,44.0,0,0,0,0,9500.0,sold,2013 Range Rover Sport HSE LUX,"Ended December 12th, 2025 at 3:01 AM","Lathrop, CA 95330",13.0
Land Rover,Defender,SUV/Crossover,Manual,4WD/AWD,Private Party,1985.0,121.0,55.0,1,0,1,0,64500.0,sold,1985 Land Rover 90,Ended February 11th at 2:57 AM,"Fort Lauderdale, FL 33301",41.0
Volvo,XC70,Wagon,Automatic,4WD/AWD,Private Party,2004.0,135000.0,23.0,0,0,1,1,7100.0,sold,2004 Volvo XC70 AWD,Ended February 3rd at 3:46 AM,"Henderson, NV 89052",22.0
Chevrolet,Suburban,SUV/Crossover,Automatic,4WD/AWD,Dealer,2003.0,93500.0,39.0,0,0,0,0,10244.0,sold,2003 Chevrolet Suburban 1500 4x4,Ended February 27th at 3:13 AM,"Buford, GA 30518",23.0
Daihatsu,Mira,Hatchback,Manual,4WD/AWD,Dealer,1995.0,62600.0,44.0,1,0,0,0,9700.0,sold,1995 Daihatsu Mira TR-XX Avanzato R4,Ended January 7th at 2:25 AM,"San Diego, CA 92103",31.0
Toyota,FJ Cruiser,SUV/Crossover,Automatic,4WD/AWD,Private Party,2007.0,173300.0,24.0,0,0,1,1,10700.0,sold,2007 Toyota FJ Cruiser,"Ended December 6th, 2025 at 4:13 AM","Austin, TX 78746",19.0
Porsche,991 911,Coupe,Automatic,RWD,Dealer,2012.0,51000.0,49.0,0,1,0,0,59000.0,sold,2012 Porsche 911 Carrera Coupe,Ended February 5th at 3:21 AM,"Encinitas, CA 92024",14.0
Jaguar,XKR,Coupe,Automatic,RWD,Private Party,2012.0,102600.0,6.0,0,1,1,1,23250.0,sold,2012 Jaguar XKR-S Coupe,Ended February 25th at 3:06 AM,"Ypsilanti, MI 48198",14.0
Mercedes-Benz,W213 E63 AMG,Sedan,Automatic,4WD/AWD,Private Party,2019.0,62000.0,38.0,0,0,1,0,51500.0,sold,2019 Mercedes-AMG E63 S Sedan,Ended February 6th at 4:20 AM,"Oviedo, FL 32765",7.0
BMW,3 Series,Sedan,Automatic,4WD/AWD,Dealer,2011.0,66200.0,21.0,0,0,0,0,7750.0,sold,2011 BMW 328i xDrive Sedan,"Ended December 17th, 2025 at 4:55 AM","Marietta, GA 30062",15.0
Ford,Mustang,Coupe,Manual,RWD,Private Party,2017.0,20500.0,46.0,1,1,1,0,59700.0,sold,2017 Ford Mustang Shelby GT350R,Ended February 3rd at 2:47 AM,"Port Orange, FL 32129",9.0
Porsche,996 911,Convertible,Manual,RWD,Private Party,1999.0,133600.0,24.0,1,1,1,1,21500.0,sold,1999 Porsche 911 Carrera Cabriolet,Ended February 25th at 4:35 AM,"Portland, OR 97219",27.0
Subaru,Forester,Wagon,Manual,4WD/AWD,Private Party,2008.0,175400.0,40.0,1,0,1,1,9200.0,sold,2008 Subaru Forester 2.5XT Limited,"Ended December 30th, 2025 at 5:21 AM","Phoenix, AZ 85050",18.0
Mercedes-Benz,R107 SL,Convertible,Automatic,RWD,Private Party,1982.0,239100.0,26.0,0,1,1,1,5575.0,sold,1982 Mercedes-Benz 380SL,"Ended November 12th, 2025 at 4:40 AM","Palm Desert, CA 92211",44.0
McLaren,720S,Convertible,Automatic,RWD,Private Party,2020.0,3900.0,66.0,0,1,1,0,254007.0,sold,2020 McLaren 720S Spider Performance,Ended February 28th at 2:34 AM,"San Diego, CA 92127",6.0
Porsche,986 Boxster,Convertible,Manual,RWD,Private Party,2000.0,90000.0,43.0,1,1,1,0,13600.0,sold,2000 Porsche Boxster S,Ended January 29th at 4:19 AM,"Santa Clarita, CA 91350",26.0
Mercedes-Benz,S-Class,Coupe,Automatic,4WD/AWD,Private Party,2017.0,48600.0,32.0,0,0,1,0,37750.0,sold,2017 Mercedes-Benz S550 4Matic Coupe Night Edition,Ended January 16th at 3:47 AM,"Katy, TX 77494",9.0
Porsche,718 Boxster,Convertible,Manual,RWD,Private Party,2023.0,6200.0,43.0,1,1,1,0,83333.0,sold,2023 Porsche 718 Boxster T,Ended February 21st at 2:33 AM,"Irvine, CA 92618",3.0
BMW,X6,SUV/Crossover,Automatic,4WD/AWD,Dealer,2009.0,51000.0,10.0,0,0,0,0,8250.0,sold,2009 BMW X6 xDrive50i,Ended February 10th at 4:26 AM,"Great Neck, NY 11021",17.0
Audi,RS5,Coupe,Automatic,4WD/AWD,Dealer,2019.0,30900.0,31.0,0,0,0,0,42250.0,sold,2019 Audi RS5 Coupe,Ended January 29th at 4:41 AM,"Costa Mesa, CA 92627",7.0
Nissan,350Z,Convertible,Manual,RWD,Dealer,2004.0,61500.0,10.0,1,1,0,0,6600.0,sold,2004 Nissan 350Z Touring Roadster,"Ended November 29th, 2025 at 2:54 AM","Spring Valley, CA 91977",22.0
Ford,Explorer,SUV/Crossover,Manual,RWD,Private Party,1995.0,85000.0,52.0,1,1,1,0,7877.0,sold,1995 Ford Explorer XLT,"Ended October 28th, 2025 at 2:49 AM","Bakersfield, CA 93305",31.0
BMW,3 Series,Coupe,Manual,RWD,Private Party,1990.0,126000.0,13.0,1,1,1,1,13000.0,sold,1990 BMW 325i Coupe,Ended January 1st at 3:12 AM,"Vancouver, BC, Canada",36.0
Subaru,Legacy,Sedan,Manual,4WD/AWD,Private Party,2005.0,57100.0,2.0,1,0,1,0,10100.0,sold,2005 Subaru Legacy 2.5GT Limited Sedan,Ended February 11th at 3:22 AM,"Seattle, WA 98136",21.0
BMW,Z3,Convertible,Manual,RWD,Dealer,2000.0,48900.0,21.0,1,1,0,0,7600.0,sold,2000 BMW Z3 2.3i Roadster,"Ended November 1st, 2025 at 2:42 AM","San Diego, CA 92115",26.0
Audi,A5,Convertible,Automatic,4WD/AWD,Private Party,2012.0,132600.0,34.0,0,0,1,1,5551.0,sold,2012 Audi A5 2.0T Quattro Cabriolet Premium Plus,Ended January 6th at 4:36 AM,"Pompano Beach, Florida 33062",14.0
Saab,9-3,Convertible,Manual,FWD,Private Party,2003.0,161000.0,8.0,1,0,1,1,2500.0,sold,2003 Saab 9-3 SE Convertible,Ended February 10th at 3:10 AM,"Houston, TX 77071",23.0
Jaguar,XJ,Sedan,Automatic,4WD/AWD,Dealer,2017.0,75000.0,37.0,0,0,0,0,14700.0,sold,2017 Jaguar XJ R-Sport,Ended February 24th at 2:50 AM,"Homestead, FL 33032",9.0
Audi,A2,Hatchback,Manual,FWD,Private Party,2000.0,58200.0,6.0,1,0,1,0,9901.0,sold,2000 Audi A2,Ended February 14th at 2:29 AM,"San Diego, CA 92101",26.0
BMW,X3,SUV/Crossover,Automatic,4WD/AWD,Dealer,2014.0,110200.0,24.0,0,0,0,1,8300.0,sold,2014 BMW X3 xDrive35i,Ended February 11th at 4:22 AM,"Long Beach, CA 90806",12.0
Volkswagen,Golf R,Hatchback,Manual,4WD/AWD,Private Party,2016.0,63000.0,16.0,1,0,1,0,19000.0,sold,2016 Volkswagen Golf R,"Ended October 30th, 2025 at 3:38 AM","Westmoreland, NH 03467",10.0
Mazda,NC Miata,Convertible,Manual,RWD,Private Party,2008.0,42700.0,14.0,1,1,1,0,16250.0,sold,2008 Mazda MX-5 Miata Grand Touring,"Ended November 20th, 2025 at 3:22 AM","Long Beach, CA 90807",18.0
Land Rover,Freelander,SUV/Crossover,Automatic,4WD/AWD,Dealer,2003.0,48400.0,39.0,0,0,0,0,7600.0,sold,2003 Land Rover Freelander SE,"Ended October 22nd, 2025 at 2:31 AM","Aston, PA 19014",23.0
Porsche,981 Boxster,Convertible,Manual,RWD,Private Party,2014.0,28300.0,31.0,1,1,1,0,56000.0,sold,2014 Porsche Boxster S,"Ended December 10th, 2025 at 4:38 AM","Elizabethtown, KY 42701",12.0
Mercedes-Benz,E-Class,Sedan,Automatic,RWD,Dealer,2012.0,78900.0,10.0,0,1,0,0,8250.0,sold,2012 Mercedes-Benz E350 Sedan,"Ended December 18th, 2025 at 3:00 AM","Layton, UT 84041",14.0
Pontiac,Aztek,SUV/Crossover,Automatic,FWD,Private Party,2003.0,118700.0,5.0,0,0,1,1,3500.0,sold,2003 Pontiac Aztek,"Ended November 18th, 2025 at 4:42 AM","North Hills, CA 91343",23.0
Lexus,LS,Sedan,Automatic,RWD,Dealer,2002.0,152500.0,24.0,0,1,0,1,8200.0,sold,2002 Lexus LS 430,Ended February 12th at 3:12 AM,"Pompano Beach, FL 33060",24.0
BMW,5 Series,Sedan,Manual,RWD,Private Party,1997.0,85900.0,25.0,1,1,1,0,7000.0,sold,1997 BMW 540i Sedan,"Ended October 29th, 2025 at 2:14 AM","Annapolis, MD 21403",29.0
BMW,3 Series,Coupe,Manual,RWD,Private Party,1991.0,277900.0,33.0,1,1,1,1,29999.0,sold,1991 BMW 318is Coupe,Ended March 3rd at 2:38 AM,"Studio City, CA 91604",35.0
Mazda,RX-8,Coupe,Manual,RWD,Private Party,2008.0,39700.0,9.0,1,1,1,0,9000.0,sold,2008 Mazda RX-8,"Ended December 18th, 2025 at 2:55 AM","Titusville, FL 32780",18.0
BMW,3 Series,Sedan,Automatic,RWD,Private Party,2011.0,67600.0,46.0,0,1,1,0,16750.0,sold,2011 BMW 335d Sedan,"Ended November 18th, 2025 at 4:16 AM","Damascus, MD 20872",15.0
Fiat,500,Hatchback,Automatic,FWD,Dealer,2015.0,43600.0,38.0,0,0,0,0,5400.0,sold,2015 Fiat 500e,"Ended November 18th, 2025 at 2:50 AM","Winter Garden, FL 34787",11.0
Chevrolet,C7 Corvette,Coupe,Manual,RWD,Private Party,2014.0,34500.0,42.0,1,1,1,0,43750.0,sold,2014 Chevrolet Corvette Stingray Z51 Coupe Hennessey HPE650,Ended February 13th at 4:46 AM,"Laguna Beach, CA 92651",12.0
Volvo,V90,Wagon,Automatic,4WD/AWD,Private Party,2017.0,89400.0,52.0,0,0,1,0,21999.0,sold,2017 Volvo V90 Cross Country T6 AWD,Ended January 14th at 4:09 AM,"Denver, CO 80210",9.0
Tesla,Model S,Sedan,Automatic,RWD,Dealer,2016.0,70000.0,37.0,0,1,0,0,16000.0,sold,2016 Tesla Model S 75,"Ended November 1st, 2025 at 2:19 AM","Rancho Cucamonga, CA 91739",10.0
Honda,CR-Z,Hatchback,Manual,FWD,Private Party,2016.0,168100.0,22.0,1,0,1,1,7200.0,sold,2016 Honda CR-Z EX,Ended January 9th at 4:02 AM,"Winchester, MA 01890",10.0
Jaguar,F-Type,Convertible,Automatic,RWD,Private Party,2021.0,11400.0,27.0,0,1,1,0,37777.0,sold,2021 Jaguar F-Type Convertible,Ended February 21st at 3:30 AM,"Newington, CT 06111",5.0
Porsche,G Series/930 911,Convertible,Manual,RWD,Private Party,1978.0,165700.0,31.0,1,1,1,1,42750.0,sold,1978 Porsche 911SC Targa,"Ended December 18th, 2025 at 2:48 AM","Richmond, VA 23226",48.0
Saturn,Sky,Convertible,Manual,RWD,Private Party,2008.0,41000.0,28.0,1,1,1,0,10800.0,sold,2008 Saturn Sky Red Line,"Ended December 31st, 2025 at 2:52 AM","Fernandina Beach, FL 32034",18.0
Lexus,LX,SUV/Crossover,Automatic,4WD/AWD,Private Party,2014.0,120000.0,38.0,0,0,1,1,30000.0,sold,2014 Lexus LX 570,Ended January 8th at 4:47 AM,"Potomac, MD 20854",12.0
Mazda,NB Miata,Convertible,Manual,RWD,Private Party,1999.0,59900.0,21.0,1,1,1,0,8500.0,sold,1999 Mazda MX-5 Miata,"Ended November 27th, 2025 at 3:21 AM","Bluffton, SC 29910",27.0
Alfa Romeo,Giulia,Sedan,Automatic,RWD,Private Party,2017.0,63500.0,51.0,0,1,1,0,14400.0,sold,2017 Alfa Romeo Giulia Ti,Ended February 3rd at 3:24 AM,"Irvine, CA 92606",9.0
GMC,Sierra,Truck,Automatic,4WD/AWD,Dealer,2006.0,79600.0,19.0,0,0,0,0,16400.0,sold,2006 GMC Sierra 2500 HD 4x4,"Ended November 27th, 2025 at 3:08 AM","Buford, GA 30518",20.0
Ford,Mustang,Coupe,Manual,RWD,Dealer,2003.0,51900.0,18.0,1,1,0,0,25250.0,sold,2003 Ford Mustang SVT Cobra Coupe,"Ended December 16th, 2025 at 2:54 AM","Salem, OR 97301",23.0
Mercedes-Benz,S-Class,Sedan,Automatic,RWD,Dealer,2009.0,13700.0,45.0,0,1,0,0,17550.0,sold,2009 Mercedes-Benz S550,"Ended December 13th, 2025 at 4:47 AM","Garland, TX 75042",17.0
Porsche,997 911,Coupe,Manual,4WD/AWD,Private Party,2006.0,52900.0,20.0,1,0,1,0,48000.0,sold,2006 Porsche 911 Carrera 4 Coupe,"Ended November 19th, 2025 at 4:54 AM","Clinton, WA 98236",20.0
Chevrolet,C6 Corvette,Coupe,Manual,RWD,Private Party,2007.0,67700.0,25.0,1,1,1,0,21500.0,sold,2007 Chevrolet Corvette Coupe,"Ended October 24th, 2025 at 2:54 AM","Arlington, VA 22204",19.0
Tesla,Model S,Sedan,Automatic,4WD/AWD,Private Party,2021.0,53500.0,28.0,0,0,1,0,49500.0,sold,2021 Tesla Model S Plaid,"Ended October 30th, 2025 at 3:03 AM","Brooksville, FL 34609",5.0
Nissan,300ZX,Coupe,Manual,RWD,Private Party,1995.0,111100.0,21.0,1,1,1,1,14600.0,sold,1995 Nissan 300ZX Twin Turbo,"Ended October 17th, 2025 at 3:14 AM","Milpitas, CA 95035",31.0
Chevrolet,C7 Corvette,Convertible,Automatic,RWD,Dealer,2019.0,5900.0,48.0,0,1,0,0,160000.0,sold,2019 Chevrolet Corvette ZR1 Convertible,"Ended December 3rd, 2025 at 2:34 AM","Cincinnati, OH 45242",7.0
Porsche,Panamera,Sedan,Automatic,4WD/AWD,Dealer,2010.0,126700.0,60.0,0,0,0,1,22250.0,sold,2010 Porsche Panamera Turbo,"Ended November 19th, 2025 at 3:33 AM","Dublin, OH 43016",16.0
Toyota,Sequoia,SUV/Crossover,Automatic,4WD/AWD,Private Party,2004.0,159800.0,22.0,0,0,1,1,11000.0,sold,2004 Toyota Sequoia Limited 4x4,Ended February 17th at 4:15 AM,"San Jose, CA 95125",22.0
Mazda,NA Miata,Convertible,Manual,RWD,Private Party,1993.0,72600.0,45.0,1,1,1,0,8300.0,sold,1993 Mazda MX-5 Miata Limited Edition,"Ended December 5th, 2025 at 4:48 AM","Palmetto, FL 34221",33.0
Toyota,Pickup,Truck,Manual,4WD/AWD,Private Party,1980.0,13900.0,23.0,1,0,1,0,14000.0,sold,1980 Toyota Pickup 4x4,Ended February 18th at 3:02 AM,"Yuma, AZ 85364",46.0
Toyota,Land Cruiser,SUV/Crossover,Automatic,4WD/AWD,Private Party,2002.0,157200.0,11.0,0,0,1,1,14000.0,sold,2002 Toyota Land Cruiser,"Ended December 23rd, 2025 at 4:46 AM","Aldie, VA 20105",24.0
Acura,RDX,SUV/Crossover,Automatic,4WD/AWD,Dealer,2008.0,15700.0,33.0,0,0,0,0,15750.0,sold,2008 Acura RDX,"Ended December 5th, 2025 at 4:32 AM","Orlando, FL 32820",18.0
Chevrolet,C4 Corvette,Coupe,Manual,RWD,Private Party,1996.0,65800.0,44.0,1,1,1,0,14100.0,sold,1996 Chevrolet Corvette Coupe Collector Edition,Ended February 4th at 3:40 AM,"Sandy, UT 84093",30.0
Mercedes-Benz,G Wagen,SUV/Crossover,Automatic,4WD/AWD,Dealer,2002.0,72000.0,21.0,0,0,0,0,43000.0,sold,2002 Mercedes-Benz G500,Ended February 13th at 2:45 AM,"Auburn, CA 95602",24.0
Mercedes-Benz,C-Class AMG,Sedan,Automatic,RWD,Private Party,2005.0,141100.0,5.0,0,1,1,1,8100.0,sold,2005 Mercedes-Benz C55 AMG,"Ended November 7th, 2025 at 3:14 AM","Rockville, MD 20853",21.0
Tesla,Model Y,SUV/Crossover,Automatic,4WD/AWD,Private Party,2022.0,42400.0,28.0,0,0,1,0,25500.0,sold,2022 Tesla Model Y Long Range AWD,"Ended December 3rd, 2025 at 4:21 AM","Philadelphia, PA 19125",4.0
MINI,Cooper Countryman,SUV/Crossover,Automatic,FWD,Dealer,2014.0,105400.0,19.0,0,0,0,1,5500.0,sold,2014 Mini Cooper S Countryman,"Ended October 30th, 2025 at 2:58 AM","Lake Elsinore, CA 92530",12.0
BMW,X5,SUV/Crossover,Automatic,4WD/AWD,Dealer,2012.0,107900.0,43.0,0,0,0,1,9601.0,sold,2012 BMW X5 xDrive50i,"Ended December 31st, 2025 at 4:57 AM","Lathrop, CA 95330",14.0
Volkswagen,Touareg,SUV/Crossover,Automatic,4WD/AWD,Dealer,2015.0,83500.0,36.0,0,0,0,0,22250.0,sold,2015 Volkswagen Touareg TDI Lux,Ended February 28th at 4:03 AM,"San Diego, CA 92127",11.0
Audi,S6,Sedan,Automatic,4WD/AWD,Dealer,2013.0,129800.0,23.0,0,0,0,1,12700.0,sold,2013 Audi S6 Prestige,Ended February 7th at 3:40 AM,"Union, NJ 07083",13.0
BMW,Z4,Convertible,Manual,RWD,Dealer,2008.0,44400.0,21.0,1,1,0,0,15100.0,sold,2008 BMW Z4 3.0si Roadster,"Ended December 4th, 2025 at 4:31 AM","Fort Lauderdale, FL 33314",18.0
Ford,GPW,SUV/Crossover,Manual,4WD/AWD,Private Party,1945.0,87200.0,51.0,1,0,1,0,25250.0,sold,1945 Ford GPW,"Ended December 13th, 2025 at 3:03 AM","Orinda, CA 94563",81.0
Porsche,G Series/930 911,Coupe,Manual,RWD,Private Party,1975.0,10800.0,89.0,1,1,1,0,92500.0,sold,1975 Porsche 911S Coupe,"Ended October 28th, 2025 at 4:17 AM","Sherbrooke, QC, Canada",51.0
Maserati,Quattroporte,Sedan,Automatic,RWD,Dealer,2005.0,34700.0,44.0,0,1,0,0,10900.0,sold,2005 Maserati Quattroporte,"Ended October 25th, 2025 at 3:38 AM","Orlando, FL 32820",21.0
Audi,R8,Coupe,Automatic,4WD/AWD,Private Party,2020.0,22600.0,60.0,0,0,1,0,151500.0,sold,2020 Audi R8 V10 Coupe,Ended February 24th at 2:33 AM,"Tampa, FL 33629",6.0
Ford,Focus,Hatchback,Manual,FWD,Private Party,2014.0,102700.0,21.0,1,0,1,1,8200.0,sold,2014 Ford Focus ST,"Ended December 24th, 2025 at 2:39 AM","Naples, FL 34120",12.0
Toyota,4Runner,SUV/Crossover,Automatic,4WD/AWD,Private Party,2015.0,141100.0,31.0,0,0,1,1,29000.0,sold,2015 Toyota 4Runner Trail 4x4,Ended February 25th at 2:53 AM,"Encinitas, CA 92024",11.0
Maserati,Levante,SUV/Crossover,Automatic,4WD/AWD,Private Party,2022.0,9300.0,23.0,0,0,1,0,41000.0,sold,2022 Maserati Levante Modena,"Ended December 16th, 2025 at 4:57 AM","Collingswood, NJ 08108",4.0
Autozam,AZ-1,Coupe,Manual,RWD,Private Party,1994.0,63400.0,42.0,1,1,1,0,32250.0,sold,1994 Autozam AZ-1 M2-1015,"Ended October 22nd, 2025 at 1:46 AM","Elkhorn, NE 68022",32.0
Lexus,GX,SUV/Crossover,Automatic,4WD/AWD,Private Party,2009.0,200200.0,44.0,0,0,1,1,12750.0,sold,2009 Lexus GX 470,"Ended October 31st, 2025 at 2:42 AM","Epping, NH 03042",17.0
Toyota,Tacoma,Truck,Automatic,4WD/AWD,Private Party,2013.0,104200.0,62.0,0,0,1,1,20138.0,sold,2013 Toyota Tacoma TRD Sport Double Cab 4x4,Ended February 20th at 3:55 AM,"State College, PA 16803",13.0
Toyota,4Runner,SUV/Crossover,Automatic,4WD/AWD,Private Party,2006.0,85700.0,30.0,0,0,1,0,25000.0,sold,2006 Toyota 4Runner Sport Edition 4x4,"Ended November 19th, 2025 at 3:52 AM","Oceanside, CA 92054",20.0
Subaru,BRZ,Coupe,Manual,RWD,Private Party,2022.0,36900.0,38.0,1,1,1,0,23000.0,sold,2022 Subaru BRZ Premium,"Ended December 12th, 2025 at 3:22 AM","Hialeah, FL 33015",4.0
Jeep,Wrangler,SUV/Crossover,Automatic,4WD/AWD,Private Party,2021.0,57400.0,43.0,0,0,1,0,33250.0,sold,2021 Jeep Wrangler Unlimited Rubicon 4x4,Ended January 14th at 3:46 AM,"Newark, CA 94560",5.0
Porsche,928,Coupe,Manual,RWD,Private Party,1993.0,37400.0,37.0,1,1,1,0,96000.0,sold,1993 Porsche 928 GTS,"Ended November 8th, 2025 at 5:03 AM","San Carlos, CA 94070",33.0
Jaguar,XF,Sedan,Automatic,RWD,Dealer,2010.0,77500.0,25.0,0,1,0,0,6300.0,sold,2010 Jaguar XF,"Ended November 25th, 2025 at 3:21 AM","Ronkonkoma, NY 11779",16.0
Mercedes-Benz,S-Class AMG,Sedan,Automatic,RWD,Dealer,2011.0,142300.0,21.0,0,1,0,1,9703.0,sold,2011 Mercedes-Benz S63 AMG,Ended January 21st at 4:57 AM,"Kissimmee, FL 34744",15.0
Toyota,Corolla,Sedan,Automatic,FWD,Private Party,2005.0,12300.0,30.0,0,0,1,0,11100.0,sold,2005 Toyota Corolla LE,Ended January 16th at 3:33 AM,"Zephyrhills, FL 33541",21.0
Ford,Sierra,Sedan,Manual,RWD,Private Party,1990.0,59500.0,27.0,1,1,1,0,42000.0,sold,1990 Ford Sierra RS Cosworth Sapphire,"Ended December 11th, 2025 at 2:43 AM","Orlando, FL 32827",36.0
Audi,S6,Wagon,Automatic,4WD/AWD,Private Party,2002.0,63000.0,34.0,0,0,1,0,16500.0,sold,2002 Audi S6 Avant,"Ended October 18th, 2025 at 3:53 AM","Reno, NV 89502",24.0
Cadillac,Escalade,SUV/Crossover,Automatic,4WD/AWD,Private Party,2021.0,43700.0,29.0,0,0,1,0,65000.0,sold,2021 Cadillac Escalade 4WD Sport Platinum,"Ended December 9th, 2025 at 4:24 AM","Dallas, TX 75244",5.0
BMW,3 Series,Sedan,Automatic,RWD,Private Party,2010.0,77100.0,27.0,0,1,1,0,7300.0,sold,2010 BMW 328i Sedan,"Ended October 22nd, 2025 at 3:37 AM","Madison, NJ 07940",16.0
Honda,S2000,Convertible,Manual,RWD,Dealer,1999.0,86300.0,11.0,1,1,0,0,23966.0,sold,1999 Honda S2000,Ended January 14th at 3:36 AM,"Tacoma, WA 98409",27.0
Mercedes-Benz,S-Class AMG,Sedan,Automatic,4WD/AWD,Private Party,2015.0,78100.0,25.0,0,0,1,0,39205.0,sold,2015 Mercedes-Benz S63 AMG Sedan,Ended January 9th at 2:48 AM,"Oviedo, FL 32765",11.0
Lexus,GX,SUV/Crossover,Automatic,4WD/AWD,Private Party,2020.0,116900.0,12.0,0,0,1,1,28500.0,sold,2020 Lexus GX 460,"Ended December 24th, 2025 at 3:43 AM","Charlotte, NC 28269",6.0
Audi,RS5,Sedan,Automatic,4WD/AWD,Private Party,2019.0,41100.0,51.0,0,0,1,0,44500.0,sold,2019 Audi RS5 Sportback,Ended January 8th at 5:03 AM,"Potomac, MD 20854",7.0
Toyota,Land Cruiser,SUV/Crossover,Automatic,4WD/AWD,Private Party,2002.0,278400.0,17.0,0,0,1,1,7500.0,sold,2002 Toyota Land Cruiser,"Ended November 13th, 2025 at 3:47 AM","Brooklyn, NY 11215",24.0
Porsche,Cayenne,SUV/Crossover,Automatic,4WD/AWD,Dealer,2009.0,65400.0,40.0,0,0,0,0,14200.0,sold,2009 Porsche Cayenne S,Ended February 6th at 4:12 AM,"Dublin, OH 43016",17.0
Chevrolet,Pickup,Truck,Automatic,RWD,Private Party,1938.0,80600.0,20.0,0,1,1,0,12100.0,sold,1938 Chevrolet Pickup,Ended February 26th at 2:57 AM,"Redding, CA 96001",88.0
Porsche,928,Coupe,Manual,RWD,Private Party,1980.0,143300.0,25.0,1,1,1,1,9700.0,sold,1980 Porsche 928,Ended February 13th at 3:22 AM,"El Paso, TX 79922",46.0
Alfa Romeo,Stelvio,SUV/Crossover,Automatic,4WD/AWD,Dealer,2022.0,29700.0,42.0,0,0,0,0,23000.0,sold,2022 Alfa Romeo Stelvio Veloce Q4,Ended January 29th at 4:27 AM,"Alpharetta, GA 30004",4.0
BMW,6 Series,Sedan,Automatic,4WD/AWD,Private Party,2017.0,58800.0,45.0,0,0,1,0,26500.0,sold,2017 BMW 650i xDrive Gran Coupe,Ended February 13th at 2:53 AM,"Naperville, IL 60564",9.0
BMW,2 Series,Coupe,Manual,RWD,Private Party,2015.0,57900.0,33.0,1,1,1,0,19750.0,sold,2015 BMW M235i Coupe,Ended February 10th at 3:19 AM,"Fremont, CA 94538",11.0
Maserati,GranTurismo,Coupe,Automatic,RWD,Private Party,2010.0,17200.0,24.0,0,1,1,0,20350.0,sold,2010 Maserati GranTurismo S,"Ended October 31st, 2025 at 2:10 AM","Marietta, GA 30062",16.0
Cadillac,CTS-V,Sedan,Manual,RWD,Private Party,2006.0,75200.0,40.0,1,1,1,0,16800.0,sold,2006 Cadillac CTS-V,"Ended October 15th, 2025 at 3:08 AM","Traverse City, MI 49686",20.0
BMW,3 Series,Wagon,Automatic,4WD/AWD,Private Party,2014.0,67000.0,33.0,0,0,1,0,15555.0,sold,2014 BMW 328i xDrive Sports Wagon,Ended February 10th at 4:43 AM,"Fort Myers, FL 33913",12.0
Porsche,Taycan,Sedan,Automatic,4WD/AWD,Private Party,2021.0,25200.0,31.0,0,0,1,0,57000.0,sold,2021 Porsche Taycan 4S,"Ended October 15th, 2025 at 3:52 AM","Beaver, PA 15009",5.0
Lexus,SC,Convertible,Automatic,RWD,Private Party,2002.0,6800.0,32.0,0,1,1,0,28000.0,sold,2002 Lexus SC 430,"Ended November 25th, 2025 at 4:02 AM","Watkinsville, GA 30677",24.0
Cadillac,Eldorado,Coupe,Automatic,FWD,Private Party,1988.0,50600.0,14.0,0,0,1,0,5100.0,sold,1988 Cadillac Eldorado Biarritz,Ended January 24th at 5:30 AM,"Kingman, AZ 86409",38.0
Mercedes-Benz,E-Class,Sedan,Automatic,4WD/AWD,Private Party,2011.0,133800.0,48.0,0,0,1,1,9800.0,sold,2011 Mercedes-Benz E550 4Matic Sedan,Ended January 1st at 2:46 AM,"Wallingford, CT 06492",15.0
Porsche,Panamera,Wagon,Automatic,4WD/AWD,Private Party,2018.0,48200.0,13.0,0,0,1,0,73500.0,sold,2018 Porsche Panamera Turbo S E-Hybrid Sport Turismo,Ended March 3rd at 2:59 AM,"Canyon Country, CA 91351",8.0
Toyota,Celsior,Sedan,Automatic,RWD,Private Party,2000.0,84200.0,46.0,0,1,1,0,8300.0,sold,2000 Toyota Celsior,Ended February 14th at 4:14 AM,"East Haven, CT 06512",26.0
Lotus,Esprit,Coupe,Manual,RWD,Private Party,1998.0,300.0,41.0,1,1,1,0,52166.0,sold,1998 Lotus Esprit V8,"Ended November 13th, 2025 at 2:47 AM","Largo, FL 33773",28.0
BMW,X5,SUV/Crossover,Automatic,4WD/AWD,Dealer,2012.0,145400.0,13.0,0,0,0,1,5010.0,sold,2012 BMW X5 xDrive35d,"Ended October 23rd, 2025 at 3:36 AM","Northbrook, IL 60062",14.0
Honda,Civic,Coupe,Manual,FWD,Private Party,1997.0,184700.0,29.0,1,0,1,1,9100.0,sold,1997 Honda Civic Coupe,"Ended October 22nd, 2025 at 3:22 AM","Toms River, NJ 08753",29.0
Porsche,996 911,Convertible,Manual,RWD,Private Party,2001.0,56800.0,42.0,1,1,1,0,25050.0,sold,2001 Porsche 911 Carrera Cabriolet,Ended January 10th at 4:52 AM,"Vancouver, WA 98662",25.0
Porsche,986 Boxster,Convertible,Manual,RWD,Private Party,2003.0,94000.0,46.0,1,1,1,0,20750.0,sold,2003 Porsche Boxster S,"Ended November 14th, 2025 at 2:24 AM","San Diego, CA 92103",23.0
Mercedes-Benz,S-Class,Sedan,Automatic,RWD,Private Party,1998.0,219300.0,31.0,0,1,1,1,8800.0,sold,1998 Mercedes-Benz S500,"Ended November 1st, 2025 at 3:43 AM","Vallejo, CA 94591",28.0
Subaru,BRZ,Coupe,Manual,RWD,Private Party,2016.0,31700.0,47.0,1,1,1,0,17500.0,sold,2016 Subaru BRZ Limited,"Ended November 14th, 2025 at 3:59 AM","Garner, NC 27529",10.0
Tesla,Cybertruck,Truck,Automatic,4WD/AWD,Private Party,2024.0,10600.0,21.0,0,0,1,0,66500.0,sold,2024 Tesla Cybertruck Foundation Series,"Ended November 7th, 2025 at 4:10 AM","Encinitas, CA 92007",2.0
Subaru,Legacy,Wagon,Automatic,FWD,Dealer,1993.0,110500.0,21.0,0,0,0,1,4640.0,sold,1993 Subaru Legacy L Wagon,Ended February 18th at 3:15 AM,"Tempe, AZ 85282",33.0
Tesla,Model S,Sedan,Automatic,4WD/AWD,Private Party,2022.0,53200.0,27.0,0,0,1,0,41250.0,sold,2022 Tesla Model S Long Range,Ended January 14th at 3:06 AM,"Visalia, CA 93292",4.0
Mercedes-Benz,C-Class AMG,Coupe,Automatic,RWD,Private Party,2017.0,52800.0,32.0,0,1,1,0,34250.0,sold,2017 Mercedes-AMG C63 Coupe,Ended February 10th at 4:28 AM,"Sunnyvale, CA 94086",9.0
Ford,Focus,Hatchback,Manual,FWD,Private Party,2013.0,53800.0,43.0,1,0,1,0,12200.0,sold,2013 Ford Focus ST,Ended January 17th at 3:29 AM,"Maplewood, NJ 07040",13.0
Ford,Focus,Hatchback,Manual,FWD,Private Party,2013.0,112700.0,28.0,1,0,1,1,8200.0,sold,2013 Ford Focus ST,"Ended November 6th, 2025 at 4:00 AM","Frisco, TX 75034",13.0
Lincoln,Town Car,Sedan,Automatic,RWD,Dealer,1999.0,91800.0,13.0,0,1,0,0,5000.0,sold,1999 Lincoln Town Car Signature,Ended January 28th at 2:48 AM,"Rome, GA 30165",27.0
Ferrari,F430,Convertible,Automatic,RWD,Private Party,2007.0,29200.0,11.0,0,1,1,0,114000.0,sold,2007 Ferrari F430 Spider,"Ended October 29th, 2025 at 1:30 AM","West Chester, PA 19380",19.0
Lexus,LX,SUV/Crossover,Automatic,4WD/AWD,Dealer,1997.0,206500.0,15.0,0,0,0,1,22000.0,sold,1997 Lexus LX 450,"Ended December 31st, 2025 at 4:30 AM","Opa Locka, FL 33054",29.0
Jeep,Grand Cherokee,SUV/Crossover,Automatic,4WD/AWD,Private Party,2006.0,176200.0,27.0,0,0,1,1,8500.0,sold,2006 Jeep Grand Cherokee SRT8,Ended January 31st at 4:04 AM,"West Babylon, NY 11704",20.0
BMW,2 Series,Coupe,Manual,RWD,Private Party,2016.0,79800.0,22.0,1,1,1,0,13450.0,sold,2016 BMW 228i Coupe,Ended February 6th at 3:19 AM,"Irvine, CA 92612",10.0
Porsche,986 Boxster,Convertible,Manual,RWD,Dealer,2000.0,71400.0,34.0,1,1,0,0,15000.0,sold,2000 Porsche Boxster S,"Ended October 24th, 2025 at 1:52 AM","Roswell, GA 30075",26.0
Land Rover,Discovery,SUV/Crossover,Automatic,4WD/AWD,Private Party,2003.0,101500.0,29.0,0,0,1,1,5900.0,sold,2003 Land Rover Discovery II SE,Ended February 11th at 3:47 AM,"Pompano Beach, FL 33060",23.0
BMW,F10 M5,Sedan,Automatic,RWD,Private Party,2013.0,95600.0,4.0,0,1,1,0,16000.0,sold,2013 BMW M5,Ended February 25th at 4:14 AM,"Lubbock, TX 79424",13.0
MINI,Cooper,Hatchback,Manual,FWD,Private Party,2006.0,136200.0,16.0,1,0,1,1,5100.0,sold,2006 Mini Cooper S,Ended February 13th at 4:10 AM,"Catonsville, MD 21228",20.0
Jaguar,F-Type,Coupe,Automatic,4WD/AWD,Private Party,2022.0,11400.0,55.0,0,0,1,0,74500.0,sold,2022 Jaguar F-Type R Coupe,"Ended November 6th, 2025 at 4:44 AM","Westport, CT 06880",4.0
Honda,S2000,Convertible,Manual,RWD,Private Party,2001.0,76500.0,36.0,1,1,1,0,25000.0,sold,2001 Honda S2000,"Ended November 15th, 2025 at 4:59 AM","Woodhaven, NY 11421",25.0
Oldsmobile,Silhouette,Van/Minivan,Automatic,FWD,Private Party,1992.0,94800.0,18.0,0,0,1,0,6700.0,sold,1992 Oldsmobile Silhouette,"Ended October 16th, 2025 at 1:46 AM","Lagrange, OH 44050",34.0
Chevrolet,C7 Corvette,Coupe,Automatic,RWD,Private Party,2016.0,25500.0,23.0,0,1,1,0,75500.0,sold,2016 Chevrolet Corvette Z06 C7.R Edition Coupe,"Ended November 27th, 2025 at 2:47 AM","Kingman, AZ 86409",10.0
Nissan,Titan,Truck,Automatic,RWD,Dealer,2016.0,54300.0,36.0,0,1,0,0,19500.0,sold,2016 Nissan Titan XD Platinum Reserve,Ended January 16th at 3:43 AM,"Staten Island, NY 10306",10.0
Volkswagen,Jetta,Wagon,Automatic,FWD,Private Party,2012.0,191200.0,18.0,0,0,1,1,4250.0,sold,2012 Volkswagen Jetta SportWagen TDI,Ended February 28th at 3:18 AM,"Caldwell, ID 83605",14.0
Tesla,Model 3,Sedan,Automatic,RWD,Private Party,2023.0,43600.0,27.0,0,1,1,0,20250.0,sold,2023 Tesla Model 3 RWD,Ended January 16th at 3:54 AM,"Buda, TX 78610",3.0
Volvo,V70,Wagon,Manual,4WD/AWD,Private Party,2004.0,138600.0,53.0,1,0,1,1,39000.0,sold,2004 Volvo V70R,"Ended October 18th, 2025 at 1:36 AM","Mamaroneck, NY 10543",22.0
Tesla,Model S,Sedan,Automatic,4WD/AWD,Private Party,2019.0,27400.0,52.0,0,0,1,0,43250.0,sold,2019 Tesla Model S Performance,Ended February 25th at 4:00 AM,"Redmond, WA 98052",7.0
Acura,Integra,Sedan,Manual,FWD,Private Party,1994.0,66200.0,61.0,1,0,1,0,13500.0,sold,1994 Honda Integra Si Sedan,"Ended October 23rd, 2025 at 1:52 AM","Sarasota, FL 34239",32.0
Toyota,Land Cruiser,SUV/Crossover,Automatic,4WD/AWD,Private Party,1998.0,178800.0,29.0,0,0,1,1,9600.0,sold,1998 Toyota Land Cruiser VX Limited,Ended February 28th at 4:35 AM,"Altamonte Springs, FL 32714",28.0
Mitsubishi,Pajero Mini,SUV/Crossover,Automatic,4WD/AWD,Private Party,1995.0,76600.0,44.0,0,0,1,0,9100.0,sold,1995 Mitsubishi Pajero Mini VR-II 4x4,"Ended October 21st, 2025 at 3:59 AM","Paterson, NJ 07501",31.0
Mazda,FC RX-7,Coupe,Manual,RWD,Private Party,1987.0,153700.0,55.0,1,1,1,1,12000.0,sold,1987 Mazda RX-7,"Ended December 30th, 2025 at 4:38 AM","El Cajon, CA 92019",39.0
Tesla,Model 3,Sedan,Automatic,4WD/AWD,Private Party,2022.0,38700.0,33.0,0,0,1,0,24000.0,sold,2022 Tesla Model 3 Long Range AWD,"Ended December 23rd, 2025 at 3:22 AM","Los Angeles, CA 90250",4.0
MINI,Cooper Countryman,SUV/Crossover,Automatic,4WD/AWD,Private Party,2013.0,141100.0,16.0,0,0,1,1,4100.0,sold,2013 Mini Cooper S Countryman ALL4,Ended January 10th at 3:42 AM,"Massapequa, NY 11758",13.0
Mercedes-Benz,G Wagen,SUV/Crossover,Automatic,4WD/AWD,Private Party,2021.0,3500.0,78.0,0,0,1,0,125500.0,sold,2021 Mercedes-Benz G550,Ended January 15th at 4:42 AM,"Brooklyn, NY 11217",5.0
Datsun,280ZX,Coupe,Automatic,RWD,Private Party,1981.0,197600.0,20.0,0,1,1,1,7200.0,sold,1981 Datsun 280ZX,Ended February 11th at 2:51 AM,"Fresno, CA 93727",45.0
Acura,TL,Sedan,Automatic,FWD,Dealer,2009.0,45600.0,45.0,0,0,0,0,15500.0,sold,2009 Acura TL,"Ended December 12th, 2025 at 4:30 AM","Monroe, NC 28110",17.0
Jaguar,F-Type,Coupe,Automatic,RWD,Private Party,2015.0,72300.0,46.0,0,1,1,0,32323.0,sold,2015 Jaguar F-Type R Coupe,Ended February 7th at 3:13 AM,"Porterville, CA 93257",11.0
Honda,S2000,Convertible,Manual,RWD,Private Party,2007.0,40900.0,19.0,1,1,1,0,35500.0,sold,2007 Honda S2000,"Ended November 14th, 2025 at 4:24 AM","Flushing, NY 11358",19.0
Mercedes-Benz,E-Class AMG,Sedan,Automatic,RWD,Dealer,2001.0,72800.0,21.0,0,1,0,0,17111.0,sold,2001 Mercedes-Benz E55 AMG,"Ended October 28th, 2025 at 3:37 AM","Boyds, MD 20841",25.0
Porsche,996 911,Convertible,Manual,4WD/AWD,Dealer,2003.0,109000.0,13.0,1,0,0,1,20296.0,sold,2003 Porsche 911 Carrera 4 Cabriolet,"Ended November 21st, 2025 at 3:02 AM","Loveland, CO 80538",23.0
Mercedes-Benz,G Wagen,SUV/Crossover,Automatic,4WD/AWD,Private Party,2016.0,33400.0,50.0,0,0,1,0,76500.0,sold,2016 Mercedes-Benz G550,Ended January 31st at 2:41 AM,"Spring, TX 77379",10.0
Porsche,987 Cayman,Coupe,Manual,RWD,Private Party,2007.0,97700.0,39.0,1,1,1,0,27750.0,sold,2007 Porsche Cayman S,Ended February 13th at 3:02 AM,"Jacksonville, FL 32257",19.0
Toyota,Land Cruiser,SUV/Crossover,Automatic,4WD/AWD,Dealer,2000.0,199600.0,36.0,0,0,0,1,8400.0,sold,2000 Toyota Land Cruiser,Ended February 14th at 3:30 AM,"Ottsville, PA 18942",26.0
Volvo,S60,Sedan,Automatic,4WD/AWD,Private Party,2020.0,61200.0,38.0,0,0,1,0,16000.0,sold,2020 Volvo S60 T6 AWD Inscription,Ended January 13th at 3:22 AM,"Raleigh, NC 27616",6.0
Nissan,Stagea,Wagon,Automatic,4WD/AWD,Dealer,1997.0,88600.0,47.0,0,0,0,0,11416.0,sold,1997 Nissan Stagea RS Four,Ended February 7th at 4:23 AM,"Ceres, CA 95307",29.0
Lexus,LS,Sedan,Automatic,RWD,Dealer,1995.0,132800.0,49.0,0,1,0,1,10151.0,sold,1995 Lexus LS 400,"Ended October 30th, 2025 at 3:53 AM","San Ramon, CA 94583",31.0
MINI,Cooper,Hatchback,Manual,FWD,Private Party,2017.0,82200.0,39.0,1,0,1,0,10100.0,sold,2017 Mini Cooper S Hardtop,Ended February 17th at 3:19 AM,"Muskegon, MI 49445",9.0
Other,Kart,Convertible,Automatic,RWD,Private Party,2022.0,200.0,41.0,0,1,1,0,10000.0,sold,2022 Polaris GEM e4,Ended January 27th at 4:35 AM,"Charleston, SC 29401",4.0
Mercedes-Benz,E-Class,Coupe,Automatic,RWD,Private Party,2014.0,131600.0,13.0,0,1,1,1,6200.0,sold,2014 Mercedes-Benz E350 Coupe,Ended January 21st at 5:09 AM,"Dallas, TX 75232",12.0
Subaru,WRX STI,Sedan,Manual,4WD/AWD,Private Party,2005.0,90000.0,31.0,1,0,1,0,21250.0,sold,2005 Subaru Impreza WRX STI,"Ended December 2nd, 2025 at 3:07 AM","Greer, SC 29651",21.0
BMW,3 Series,Sedan,Manual,RWD,Dealer,1993.0,42500.0,18.0,1,1,0,0,10000.0,sold,1993 BMW 318i Sedan,Ended January 27th at 4:08 AM,"Broken Arrow, OK 74012",33.0
Toyota,Supra,Coupe,Automatic,RWD,Private Party,1997.0,87900.0,30.0,0,1,1,0,79500.0,sold,1997 Toyota Supra Turbo 15th Anniversary Edition,"Ended October 15th, 2025 at 4:07 AM","Tocca, GA 30577",29.0
Mercedes-Benz,E-Class,Sedan,Automatic,RWD,Private Party,1984.0,109000.0,11.0,0,1,1,1,6555.0,sold,1984 Mercedes-Benz 300D Turbodiesel,Ended February 28th at 2:46 AM,"British Columbia, Canada",42.0
Dodge,Challenger,Coupe,Automatic,RWD,Private Party,2016.0,35100.0,31.0,0,1,1,0,35111.0,sold,2016 Dodge Challenger SRT Hellcat,Ended January 7th at 4:45 AM,"West Jordan, UT 84088",10.0
Chevrolet,C5 Corvette,Coupe,Automatic,RWD,Private Party,2002.0,22600.0,68.0,0,1,1,0,17500.0,sold,2002 Chevrolet Corvette Coupe,"Ended November 14th, 2025 at 4:45 AM","Mantua, NJ 08051",24.0
Volkswagen,Cabriolet,Convertible,Manual,FWD,Private Party,1993.0,97800.0,19.0,1,0,1,0,8600.0,sold,1993 Volkswagen Cabriolet Classic Collector’s Edition,"Ended December 23rd, 2025 at 4:39 AM","Louisville, KY 40245",33.0
Dodge,Grand Caravan,Van/Minivan,Automatic,FWD,Dealer,1993.0,66600.0,9.0,0,0,0,0,4400.0,sold,1993 Dodge Grand Caravan SE,Ended February 18th at 2:34 AM,"Upland, CA 91786",33.0
BMW,3 Series,Convertible,Automatic,RWD,Dealer,2001.0,37100.0,31.0,0,1,0,0,6200.0,sold,2001 BMW 325Ci Convertible,"Ended December 6th, 2025 at 3:02 AM","Wappingers Falls, NY 12590",25.0
BMW,M2,Coupe,Manual,RWD,Private Party,2020.0,2400.0,11.0,1,1,1,0,93500.0,sold,2020 BMW M2 CS,"Ended October 18th, 2025 at 4:06 AM","San Mateo, CA 94402",6.0
BMW,3 Series,Sedan,Manual,4WD/AWD,Dealer,2011.0,104800.0,17.0,1,0,0,1,8650.0,sold,2011 BMW 335i xDrive Sedan,"Ended October 15th, 2025 at 3:46 AM","Tucson, AZ 85713",15.0
Lexus,LS,Sedan,Automatic,RWD,Private Party,2007.0,197200.0,7.0,0,1,1,1,4655.0,sold,2007 Lexus LS 460,Ended February 27th at 4:02 AM,"San Andreas, CA 95249",19.0
Bentley,Continental,Convertible,Automatic,4WD/AWD,Private Party,2007.0,23100.0,42.0,0,0,1,0,32000.0,sold,2007 Bentley Continental GTC,Ended March 3rd at 4:14 AM,"Miami, FL 33131",19.0
Audi,RS3,Sedan,Automatic,4WD/AWD,Private Party,2017.0,38900.0,23.0,0,0,1,0,35500.0,sold,2017 Audi RS3,"Ended October 29th, 2025 at 2:42 AM","Iowa City, IA 52240",9.0
Honda,S2000,Convertible,Manual,RWD,Private Party,2000.0,66900.0,43.0,1,1,1,0,23500.0,sold,2000 Honda S2000,"Ended December 3rd, 2025 at 4:43 AM","Laveen, AZ 85339",26.0
Chevrolet,C6 Corvette,Coupe,Automatic,RWD,Private Party,2006.0,114700.0,41.0,0,1,1,1,14900.0,sold,2006 Chevrolet Corvette Coupe,Ended February 13th at 2:43 AM,"Virginia Beach, VA 23455",20.0
Mazda,NA Miata,Convertible,Manual,RWD,Private Party,1994.0,58500.0,34.0,1,1,1,0,13000.0,sold,1994 Mazda MX-5 Miata,"Ended October 18th, 2025 at 3:38 AM","Lebanon, TN 37087",32.0
Mercedes-Benz,SL AMG,Convertible,Automatic,RWD,Dealer,2005.0,48000.0,14.0,0,1,0,0,19250.0,sold,2005 Mercedes-Benz SL55 AMG,"Ended November 20th, 2025 at 3:03 AM","Boca Raton, FL 33431",21.0
Rivian,R1S,SUV/Crossover,Automatic,4WD/AWD,Private Party,2023.0,32500.0,11.0,0,0,1,0,55000.0,sold,2023 Rivian R1S Adventure Edition,Ended February 26th at 3:19 AM,"Manassas, VA 20112",3.0
BMW,E36 M3,Coupe,Manual,RWD,Private Party,1997.0,90500.0,29.0,1,1,1,0,22250.0,sold,1997 BMW M3 Coupe,Ended February 18th at 3:00 AM,"Escondido, CA 92026",29.0
Lexus,SC,Convertible,Automatic,RWD,Dealer,2002.0,149000.0,32.0,0,1,0,1,6200.0,sold,2002 Lexus SC 430,Ended February 25th at 3:41 AM,"Pompano Beach, FL 33060",24.0
Think,Neighbor,Convertible,Automatic,RWD,Dealer,2002.0,805.0,38.0,0,1,0,0,12200.0,sold,2002 TH!NK Neighbor,"Ended December 5th, 2025 at 2:54 AM","Indio, CA 92201",24.0
Ford,Mustang,Coupe,Manual,RWD,Private Party,2018.0,47900.0,16.0,1,1,1,0,19005.0,sold,2018 Ford Mustang GT Coupe,Ended January 8th at 3:12 AM,"Los Angeles, CA 90025",8.0
Toyota,Tundra,Truck,Automatic,4WD/AWD,Private Party,2022.0,24600.0,36.0,0,0,1,0,42750.0,sold,2022 Toyota Tundra Limited CrewMax 4x4,"Ended December 23rd, 2025 at 3:58 AM","Laguna Hills, CA 92653",4.0
Jaguar,F-Type,Convertible,Automatic,4WD/AWD,Dealer,2021.0,15100.0,32.0,0,0,0,0,52000.0,sold,2021 Jaguar F-Type R Convertible,"Ended October 15th, 2025 at 3:14 AM","Virginia Beach, VA 23452",5.0
Alfa Romeo,4C,Coupe,Automatic,RWD,Private Party,2016.0,71000.0,38.0,0,1,1,0,35500.0,sold,2016 Alfa Romeo 4C Coupe,Ended March 3rd at 2:54 AM,"Walnut Creek, CA 94597",10.0
Mercedes-Benz,E-Class,Wagon,Automatic,4WD/AWD,Private Party,2011.0,35300.0,36.0,0,0,1,0,16500.0,sold,2011 Mercedes-Benz E350 4Matic Wagon,"Ended October 24th, 2025 at 2:36 AM","Los Angeles, CA 90045",15.0
Maserati,Coupe,Coupe,Automatic,RWD,Dealer,2004.0,27300.0,42.0,0,1,0,0,16800.0,sold,2004 Maserati Coupe,Ended January 13th at 2:38 AM,"Ladera Ranch, CA 92694",22.0
Mazda,NA Miata,Convertible,Manual,RWD,Private Party,1990.0,35300.0,31.0,1,1,1,0,9400.0,sold,1990 Mazda MX-5 Miata,Ended March 3rd at 4:43 AM,"Oxford, OH 45056",36.0
Porsche,987 Cayman,Coupe,Manual,RWD,Private Party,2006.0,58400.0,31.0,1,1,1,0,27850.0,sold,2006 Porsche Cayman S,Ended February 25th at 4:46 AM,"Charleston, SC 29492",20.0
Mercedes-Benz,ML-Class,SUV/Crossover,Automatic,4WD/AWD,Dealer,2006.0,123500.0,26.0,0,0,0,1,5500.0,sold,2006 Mercedes-Benz ML500,"Ended December 16th, 2025 at 4:40 AM","Angier, NC 27501",20.0
BMW,E46 M3,Coupe,Manual,RWD,Private Party,2005.0,123000.0,28.0,1,1,1,1,30000.0,sold,2005 BMW M3 Coupe,"Ended October 18th, 2025 at 1:41 AM","Wadsworth, OH 44281",21.0
Audi,A6,Sedan,Automatic,4WD/AWD,Private Party,2018.0,83100.0,17.0,0,0,1,0,24250.0,sold,2018 Audi A6 3.0T Quattro Prestige,Ended February 5th at 4:05 AM,"Olathe, KS 66062",8.0
Mercedes-Benz,GLC AMG,SUV/Crossover,Automatic,4WD/AWD,Private Party,2019.0,96600.0,63.0,0,0,1,0,33500.0,sold,2019 Mercedes-AMG GLC 63,"Ended October 30th, 2025 at 2:41 AM","Westbury, NY 11590",7.0
Daihatsu,Atrai,Van/Minivan,Manual,4WD/AWD,Private Party,1999.0,31800.0,27.0,1,0,1,0,6500.0,sold,1999 Daihatsu Atrai Turbo 4x4,"Ended December 2nd, 2025 at 4:50 AM","Yonkers, NY 10710",27.0
Tesla,Model S,Sedan,Automatic,RWD,Dealer,2013.0,44100.0,33.0,0,1,0,0,10200.0,sold,2013 Tesla Model S 75,"Ended November 25th, 2025 at 4:22 AM","Hamilton, OH 45011",13.0
Mercedes-Benz,R230 SL,Convertible,Automatic,RWD,Private Party,2003.0,113700.0,26.0,0,1,1,1,14350.0,sold,2003 Mercedes-Benz SL55 AMG,"Ended November 25th, 2025 at 3:14 AM","Pooler, GA 31322",23.0
Lexus,GS,Sedan,Automatic,RWD,Private Party,1998.0,198600.0,54.0,0,1,1,1,15750.0,sold,1998 Lexus GS 400,"Ended December 31st, 2025 at 4:37 AM","Marietta, GA 30064",28.0
Jeep,Grand Wagoneer,SUV/Crossover,Automatic,4WD/AWD,Dealer,1988.0,96000.0,34.0,0,0,0,0,25500.0,sold,1988 Jeep Grand Wagoneer,Ended February 26th at 4:20 AM,"Lisle, IL 60532",38.0
BMW,5 Series,Sedan,Manual,RWD,Dealer,2001.0,72300.0,32.0,1,1,0,0,14200.0,sold,2001 BMW 540i Sedan,Ended February 11th at 3:03 AM,"Torrington, CT 06790",25.0
BMW,3 Series,Wagon,Manual,RWD,Private Party,2000.0,239500.0,22.0,1,1,1,1,8100.0,sold,2000 BMW 323i Touring,Ended February 6th at 4:36 AM,"Miami, FL 33134",26.0
Mercedes-Benz,GL-Class,SUV/Crossover,Automatic,4WD/AWD,Private Party,2014.0,121200.0,17.0,0,0,1,1,9100.0,sold,2014 Mercedes-Benz GL450,"Ended October 15th, 2025 at 2:46 AM","Voorheesville, NY 12186",12.0
Subaru,Legacy,Wagon,Manual,4WD/AWD,Dealer,2005.0,181800.0,23.0,1,0,0,1,7100.0,sold,2005 Subaru Legacy 2.5GT Limited Wagon,Ended January 24th at 4:11 AM,"Kannapolis, NC 28081",21.0
Citroen,Xsara,Wagon,Automatic,FWD,Dealer,1999.0,28600.0,16.0,0,0,0,0,3200.0,sold,1999 Citroën Xsara Break Exclusive,"Ended November 7th, 2025 at 4:58 AM","Denver, PA 17517",27.0
Mercedes-Benz,G Wagen,SUV/Crossover,Automatic,4WD/AWD,Dealer,2015.0,116100.0,66.0,0,0,0,1,46000.0,sold,2015 Mercedes-Benz G63 AMG,Ended January 10th at 3:38 AM,"Commerce City, CO 80022",11.0
Dodge,Charger,Sedan,Automatic,RWD,Dealer,2023.0,27800.0,31.0,0,1,0,0,55000.0,sold,2023 Dodge Charger SRT Hellcat Widebody Jailbreak,Ended January 16th at 3:54 AM,"Hollywood, FL 33023",3.0
Cadillac,CTS-V,Sedan,Automatic,RWD,Private Party,2011.0,154000.0,44.0,0,1,1,1,17750.0,sold,2011 Cadillac CTS-V Sedan,"Ended December 18th, 2025 at 3:18 AM","Milwaukee, WI 53207",15.0
BMW,E60 M5,Sedan,Automatic,RWD,Private Party,2008.0,106000.0,43.0,0,1,1,1,19750.0,sold,2008 BMW M5,Ended February 10th at 2:48 AM,"San Diego, CA 92122",18.0
Chevrolet,C5 Corvette,Coupe,Manual,RWD,Private Party,1999.0,30500.0,16.0,1,1,1,0,17250.0,sold,1999 Chevrolet Corvette Hardtop,"Ended November 8th, 2025 at 3:42 AM","Hastings On Hudson, NY 10706",27.0
Audi,A6,Sedan,Automatic,4WD/AWD,Dealer,2016.0,62800.0,52.0,0,0,0,0,21251.0,sold,2016 Audi A6 3.0T Quattro Prestige,Ended February 12th at 3:46 AM,"Syracuse, NY 13212",10.0
BMW,Z4,Convertible,Manual,RWD,Private Party,2014.0,79900.0,57.0,1,1,1,0,26500.0,sold,2014 BMW Z4 sDrive35i,Ended February 24th at 4:24 AM,"New Castle, DE 19720",12.0
Lexus,LS,Sedan,Automatic,RWD,Private Party,1991.0,78000.0,20.0,0,1,1,0,7800.0,sold,1991 Lexus LS 400,"Ended November 27th, 2025 at 4:14 AM","Whitby, Ontario, Canada",35.0
Toyota,4Runner,SUV/Crossover,Manual,4WD/AWD,Private Party,1998.0,193000.0,18.0,1,0,1,1,12900.0,sold,1998 Toyota 4Runner SR5 4x4,Ended February 24th at 2:34 AM,"Santa Cruz, CA 95063",28.0
Jeep,Wrangler,SUV/Crossover,Automatic,4WD/AWD,Private Party,2011.0,102200.0,25.0,0,0,1,1,11800.0,sold,2011 Jeep Wrangler Unlimited Rubicon 4x4,Ended January 3rd at 2:46 AM,"San Diego, CA 92126",15.0
Rivian,R1S,SUV/Crossover,Automatic,4WD/AWD,Private Party,2025.0,8700.0,42.0,0,0,1,0,73000.0,sold,2025 Rivian R1S Adventure Edition,"Ended October 17th, 2025 at 3:06 AM","Folsom, CA 95630",1.0
Porsche,968,Coupe,Manual,RWD,Private Party,1994.0,49900.0,23.0,1,1,1,0,26500.0,sold,1994 Porsche 968 Coupe,"Ended October 31st, 2025 at 3:18 AM","Cashiers, NC 28717",32.0
Porsche,Cayenne,SUV/Crossover,Automatic,4WD/AWD,Private Party,2006.0,129300.0,42.0,0,0,1,1,15000.0,sold,2006 Porsche Cayenne Turbo S,Ended January 31st at 3:05 AM,"Sherwood, OR 97140",20.0
Porsche,992 911,Coupe,Manual,4WD/AWD,Private Party,2024.0,300.0,53.0,1,0,1,0,196000.0,sold,2024 Porsche 911 Carrera 4 GTS,"Ended November 21st, 2025 at 4:25 AM","Queen Creek, AZ 85142",2.0
Jeep,Cherokee,SUV/Crossover,Automatic,4WD/AWD,Dealer,1998.0,120000.0,12.0,0,0,0,1,9600.0,sold,1998 Jeep Cherokee Limited 4x4,Ended January 31st at 3:38 AM,"Los Angeles, CA 90065",28.0
Nissan,R35 GT-R,Coupe,Automatic,4WD/AWD,Private Party,2009.0,10100.0,43.0,0,0,1,0,80500.0,sold,2009 Nissan GT-R,"Ended October 17th, 2025 at 3:57 AM","Santa Monica, CA 90405",17.0
BMW,3 Series,Sedan,Manual,4WD/AWD,Private Party,2017.0,86100.0,47.0,1,0,1,0,27000.0,sold,2017 BMW 340i xDrive Sedan,Ended February 25th at 3:48 AM,"Peachtree City, GA 30269",9.0
Porsche,Macan,SUV/Crossover,Automatic,4WD/AWD,Private Party,2015.0,29100.0,41.0,0,0,1,0,38000.0,sold,2015 Porsche Macan Turbo,"Ended October 22nd, 2025 at 2:55 AM","Windermere, FL 34786",11.0
Subaru,WRX,Sedan,Manual,4WD/AWD,Private Party,2019.0,49200.0,8.0,1,0,1,0,20250.0,sold,2019 Subaru WRX Series.Gray,"Ended October 29th, 2025 at 2:06 AM","Novato, CA 94945",7.0
Volvo,XC60,SUV/Crossover,Automatic,4WD/AWD,Dealer,2021.0,17600.0,28.0,0,0,0,0,34750.0,sold,2021 Volvo XC60 Recharge T8 Inscription,"Ended November 6th, 2025 at 3:12 AM","Greenville, SC 29607",5.0
Chevrolet,C7 Corvette,Coupe,Automatic,RWD,Dealer,2015.0,15200.0,27.0,0,1,0,0,40550.0,sold,2015 Chevrolet Corvette Stingray Z51 Coupe,Ended January 14th at 4:42 AM,"Sierra Vista, AZ 85635",11.0
BMW,3 Series,Wagon,Automatic,4WD/AWD,Dealer,2004.0,70000.0,38.0,0,0,0,0,6750.0,sold,2004 BMW 325xi Touring,"Ended December 23rd, 2025 at 4:30 AM","Pompano Beach, FL 33060",22.0
Jaguar,XKR,Convertible,Automatic,RWD,Private Party,2010.0,71800.0,29.0,0,1,1,0,17777.0,sold,2010 Jaguar XKR Convertible,"Ended December 20th, 2025 at 4:55 AM","Longmont, CO 80501",16.0
Acura,TL,Sedan,Manual,4WD/AWD,Private Party,2010.0,163400.0,33.0,1,0,1,1,8200.0,sold,2010 Acura TL SH-AWD,"Ended November 26th, 2025 at 4:47 AM","Minneapolis, MN 55420",16.0
Toyota,HiAce,Van/Minivan,Automatic,4WD/AWD,Private Party,1996.0,138600.0,44.0,0,0,1,1,13000.0,sold,1996 Toyota HiAce Super Custom Limited 4WD,"Ended December 24th, 2025 at 3:57 AM","South Bound Brook, NJ 08880",30.0
GMC,Sierra,Truck,Automatic,4WD/AWD,Dealer,2021.0,109400.0,43.0,0,0,0,1,31000.0,sold,2021 GMC Sierra 1500 Denali Crew Cab 4x4,Ended February 6th at 3:05 AM,"Staten Island, NY 10306",5.0
Lexus,IS,Sedan,Automatic,4WD/AWD,Private Party,2017.0,37500.0,26.0,0,0,1,0,24250.0,sold,2017 Lexus IS 300 F Sport,"Ended November 27th, 2025 at 2:47 AM","Providence, RI 02909",9.0
Subaru,Legacy,Sedan,Manual,4WD/AWD,Private Party,2000.0,156100.0,38.0,1,0,1,1,8203.0,sold,2000 Subaru Legacy B4 RSK,Ended February 7th at 3:14 AM,"Norwalk, CT 06850",26.0
Porsche,Cayenne,SUV/Crossover,Automatic,4WD/AWD,Dealer,2012.0,52000.0,19.0,0,0,0,0,23900.0,sold,2012 Porsche Cayenne Turbo,Ended January 15th at 2:48 AM,"West Palm Beach, FL 33401",14.0
Porsche,Cayenne,SUV/Crossover,Automatic,4WD/AWD,Private Party,2016.0,53900.0,40.0,0,0,1,0,21000.0,sold,2016 Porsche Cayenne,Ended March 3rd at 4:34 AM,"Fall City, WA 98024",10.0
Ford,F-150,Truck,Automatic,RWD,Private Party,1997.0,65400.0,19.0,0,1,1,0,6600.0,sold,1997 Ford F-150 XLT,"Ended November 6th, 2025 at 4:34 AM","Tappan, NY 10983",29.0
Audi,B6 S4,Sedan,Automatic,4WD/AWD,Private Party,2004.0,90900.0,19.0,0,0,1,0,4100.0,sold,2004 Audi S4 Sedan,"Ended October 16th, 2025 at 3:01 AM","Villa Rica, GA 30180",22.0
Audi,A4,Wagon,Automatic,4WD/AWD,Dealer,2012.0,110500.0,37.0,0,0,0,1,7200.0,sold,2012 Audi A4 Avant 2.0T Quattro Premium Plus,"Ended October 16th, 2025 at 3:45 AM","Spring Valley, CA 91977",14.0
Smart,Fortwo,Hatchback,Automatic,RWD,Private Party,2015.0,69900.0,50.0,0,1,1,0,12550.0,sold,2015 Smart Fortwo Pure,Ended January 29th at 3:16 AM,"Winter Park, FL 32789",11.0
BMW,3 Series,Convertible,Manual,RWD,Private Party,1989.0,162300.0,40.0,1,1,1,1,8100.0,sold,1989 BMW 325i Convertible,"Ended December 23rd, 2025 at 5:14 AM","Oakdale, PA 15071",37.0
Land Rover,Defender,SUV/Crossover,Manual,4WD/AWD,Private Party,1994.0,51100.0,16.0,1,0,1,0,58500.0,sold,1994 Land Rover Defender 90 NAS Soft Top,"Ended October 23rd, 2025 at 4:06 AM","Thurmont, MD 21788",32.0
Jaguar,XK8,Convertible,Automatic,RWD,Dealer,2002.0,89300.0,12.0,0,1,0,0,4000.0,sold,2002 Jaguar XK8 Convertible,"Ended December 16th, 2025 at 4:18 AM","Bay Shore, NY 11706",24.0
Dodge,Power Wagon,Truck,Automatic,4WD/AWD,Private Party,1957.0,2900.0,38.0,0,0,1,0,19750.0,sold,1957 Dodge Power Wagon,"Ended December 10th, 2025 at 2:53 AM","Wappingers Falls, NY 12590",69.0
Porsche,Cayenne,SUV/Crossover,Automatic,4WD/AWD,Dealer,2008.0,113500.0,44.0,0,0,0,1,7800.0,sold,2008 Porsche Cayenne S,Ended January 3rd at 4:26 AM,"Jacksonville, OR 97530",18.0
BMW,Z4,Convertible,Manual,RWD,Private Party,2006.0,65200.0,24.0,1,1,1,0,23850.0,sold,2006 BMW Z4 M Roadster,"Ended October 18th, 2025 at 3:50 AM","Dallas, TX 75204",20.0
Nissan,Leopard,Sedan,Automatic,RWD,Private Party,1998.0,64300.0,20.0,0,1,1,0,3600.0,sold,1998 Nissan Leopard XV,"Ended December 23rd, 2025 at 4:55 AM","Westminster, CO 80031",28.0
Mercedes-Benz,GLA AMG,SUV/Crossover,Automatic,4WD/AWD,Dealer,2016.0,138500.0,55.0,0,0,0,1,16069.0,sold,2016 Mercedes-AMG GLA45,"Ended October 25th, 2025 at 3:56 AM","Minneapolis, MN 55416",10.0
BMW,E9X M3,Coupe,Automatic,RWD,Private Party,2009.0,100200.0,18.0,0,1,1,1,20750.0,sold,2009 BMW M3 Coupe,"Ended October 21st, 2025 at 3:18 AM","Minneapolis, MN 55413",17.0
BMW,3 Series,Sedan,Manual,RWD,Private Party,2006.0,177400.0,41.0,1,1,1,1,7400.0,sold,2006 BMW 330i Sedan,"Ended November 1st, 2025 at 2:28 AM","Ontario, CA 91762",20.0
Jeep,Grand Cherokee,SUV/Crossover,Automatic,4WD/AWD,Private Party,2015.0,30100.0,22.0,0,0,1,0,35000.0,sold,2015 Jeep Grand Cherokee SRT,"Ended October 22nd, 2025 at 2:11 AM","Medford, OR 97501",11.0
Audi,TT,Coupe,Automatic,4WD/AWD,Private Party,2009.0,68400.0,40.0,0,0,1,0,7600.0,sold,2009 Audi TT Quattro Coupe,"Ended October 22nd, 2025 at 2:05 AM","Rochester, MN 55901",17.0
Lexus,LX,SUV/Crossover,Automatic,4WD/AWD,Private Party,1998.0,250600.0,34.0,0,0,1,1,6400.0,sold,1998 Lexus LX 470,"Ended December 30th, 2025 at 4:52 AM","Lincoln, RI 02865",28.0
BMW,F8X M4,Coupe,Automatic,RWD,Dealer,2018.0,99100.0,22.0,0,1,0,0,26750.0,sold,2018 BMW M4 Coupe,Ended February 26th at 2:43 AM,"Union, NJ 07083",8.0
Porsche,997 911,Coupe,Manual,RWD,Private Party,2008.0,37500.0,27.0,1,1,1,0,154000.0,sold,2008 Porsche 911 GT2,"Ended December 2nd, 2025 at 2:31 AM","Vancouver, BC, Canada",18.0
Mercedes-Benz,GL-Class,SUV/Crossover,Automatic,4WD/AWD,Dealer,2013.0,108400.0,49.0,0,0,0,1,11100.0,sold,2013 Mercedes-Benz GL550,"Ended November 5th, 2025 at 4:23 AM","Medford, OR 97504",13.0
Porsche,Cayenne,SUV/Crossover,Automatic,4WD/AWD,Dealer,2012.0,89100.0,47.0,0,0,0,0,12958.0,sold,2012 Porsche Cayenne S Hybrid,"Ended October 30th, 2025 at 3:29 AM","Dublin, OH 43016",14.0
Honda,S2000,Convertible,Manual,RWD,Private Party,2001.0,55800.0,46.0,1,1,1,0,25000.0,sold,2001 Honda S2000,"Ended October 23rd, 2025 at 1:57 AM","Annandale, VA 22003",25.0
Porsche,986 Boxster,Convertible,Manual,RWD,Private Party,2000.0,108700.0,15.0,1,1,1,1,11100.0,sold,2000 Porsche Boxster S,"Ended October 25th, 2025 at 1:51 AM","New Orleans, LA 70124",26.0
BMW,E9X M3,Coupe,Manual,RWD,Private Party,2008.0,69800.0,24.0,1,1,1,0,33750.0,sold,2008 BMW M3 Coupe,"Ended December 16th, 2025 at 5:00 AM","Appleton, WI 54915",18.0
Buick,Regal,Sedan,Automatic,FWD,Private Party,2012.0,98700.0,13.0,0,0,1,0,5000.0,sold,2012 Buick Regal GS,Ended February 27th at 3:54 AM,"Germantown, MD 20876",14.0
Toyota,4Runner,SUV/Crossover,Automatic,4WD/AWD,Private Party,2008.0,185000.0,60.0,0,0,1,1,19750.0,sold,2008 Toyota 4Runner SR5 4x4,"Ended October 24th, 2025 at 2:03 AM","Mesa, AZ 85210",18.0
Jeep,Wrangler,SUV/Crossover,Automatic,4WD/AWD,Private Party,2020.0,42000.0,30.0,0,0,1,0,27000.0,sold,2020 Jeep Wrangler Unlimited Sport 4x4,"Ended October 25th, 2025 at 1:49 AM","Aliso Viejo, CA 92656",6.0
Mercedes-Benz,G Wagen,SUV/Crossover,Automatic,4WD/AWD,Private Party,2021.0,11000.0,29.0,0,0,1,0,149000.0,sold,2021 Mercedes-AMG G63,"Ended October 29th, 2025 at 2:44 AM","Chicago, IL 60601",5.0
Rover,Mini,Hatchback,Manual,FWD,Private Party,1998.0,30700.0,30.0,1,0,1,0,29995.0,sold,1998 Rover Mini,Ended February 19th at 4:33 AM,"Miami, FL 33133",28.0
Fiat,Multipla,Van/Minivan,Manual,FWD,Private Party,1999.0,114600.0,25.0,1,0,1,1,10100.0,sold,1999 Fiat Multipla,Ended February 14th at 2:24 AM,"Encinitas, CA 92024",27.0
Hyundai,Excel,Hatchback,Automatic,FWD,Dealer,1991.0,32700.0,23.0,0,0,0,0,5200.0,sold,1991 Hyundai Excel,"Ended November 5th, 2025 at 5:01 AM","New Braunfels, TX 78130",35.0
Lexus,LS,Sedan,Automatic,RWD,Dealer,2007.0,199600.0,40.0,0,1,0,1,7300.0,sold,2007 Lexus LS 460 L,"Ended October 28th, 2025 at 2:13 AM","Northbrook, IL 60062",19.0
MINI,Cooper,Hatchback,Manual,FWD,Private Party,2013.0,62400.0,34.0,1,0,1,0,16100.0,sold,2013 Mini John Cooper Works Hardtop,Ended January 6th at 4:12 AM,"Asheville, NC 28803",13.0
Porsche,996 911,Coupe,Manual,RWD,Private Party,2000.0,76100.0,30.0,1,1,1,0,35000.0,sold,2000 Porsche 911 Carrera Coupe,"Ended October 18th, 2025 at 2:11 AM","San Diego, CA 92119",26.0
Dodge,Challenger,Coupe,Automatic,RWD,Private Party,2023.0,1300.0,33.0,0,1,1,0,120170.0,sold,2023 Dodge Challenger SRT Demon 170,"Ended December 13th, 2025 at 5:12 AM","Newport Beach, CA 92660",3.0
Chevrolet,El Camino,Truck,Automatic,RWD,Private Party,1984.0,24200.0,27.0,0,1,1,0,5800.0,sold,1984 Chevrolet El Camino,Ended February 17th at 2:52 AM,"Moses Lake, WA 98837",42.0
Chevrolet,C4 Corvette,Coupe,Automatic,RWD,Private Party,1984.0,96300.0,37.0,0,1,1,0,6754.0,sold,1984 Chevrolet Corvette Coupe,"Ended December 16th, 2025 at 3:16 AM","Salinas, CA 93908",42.0
Volkswagen,Golf R,Hatchback,Manual,4WD/AWD,Private Party,2016.0,50500.0,31.0,1,0,1,0,25500.0,sold,2016 Volkswagen Golf R,"Ended November 13th, 2025 at 3:04 AM","Venice, CA 90291",10.0
Alfa Romeo,164,Sedan,Automatic,FWD,Private Party,1992.0,114500.0,19.0,0,0,1,1,3450.0,sold,1992 Alfa Romeo 164L,"Ended November 26th, 2025 at 3:25 AM","Portland, OR 97220",34.0
Audi,SQ7,SUV/Crossover,Automatic,4WD/AWD,Private Party,2020.0,78100.0,17.0,0,0,1,0,44000.0,sold,2020 Audi SQ7 Prestige,Ended February 21st at 4:04 AM,"Trabuco Canyon, CA 92679",6.0
Ford,Super Duty,Truck,Automatic,4WD/AWD,Private Party,2021.0,16000.0,44.0,0,0,1,0,79145.0,sold,2021 Ford F-250 Super Duty 4×4 MegaRexx,"Ended November 25th, 2025 at 4:47 AM","Litchfield Park, AZ 85340",5.0
Mercedes-Benz,GLA AMG,SUV/Crossover,Automatic,4WD/AWD,Private Party,2015.0,68900.0,18.0,0,0,1,0,18200.0,sold,2015 Mercedes-Benz GLA45 AMG,"Ended November 20th, 2025 at 2:51 AM","Los Gatos, CA 95033",11.0
Scion,FR-S,Coupe,Manual,RWD,Dealer,2013.0,82400.0,40.0,1,1,0,0,9600.0,sold,2013 Scion FR-S,"Ended December 31st, 2025 at 4:06 AM","Granite Falls, WA 98252",13.0
Porsche,996 911,Coupe,Manual,RWD,Private Party,2002.0,48700.0,14.0,1,1,1,0,41000.0,sold,2002 Porsche 911 Carrera Coupe,"Ended December 20th, 2025 at 2:54 AM","Fort Myers, FL 33913",24.0
Ford,F-150,Truck,Automatic,RWD,Private Party,2001.0,54800.0,68.0,0,1,1,0,24999.0,sold,2001 Ford F-150 SVT Lightning,"Ended December 31st, 2025 at 3:43 AM","Shreveport, LA 71106",25.0
Honda,S600,Convertible,Manual,RWD,Private Party,1964.0,41900.0,26.0,1,1,1,0,21500.0,sold,1964 Honda S600 Roadster,"Ended December 13th, 2025 at 2:36 AM","Torrance, CA 90505",62.0
Toyota,Sequoia,SUV/Crossover,Automatic,4WD/AWD,Private Party,2016.0,205000.0,22.0,0,0,1,1,15250.0,sold,2016 Toyota Sequoia Limited 4x4,Ended February 7th at 3:54 AM,"Glenwood Springs, CO 81601",10.0
Honda,S2000,Convertible,Manual,RWD,Private Party,2002.0,56200.0,6.0,1,1,1,0,22000.0,sold,2002 Honda S2000,"Ended October 25th, 2025 at 3:46 AM","Murphy, NC 28906",24.0
Arcimoto,Deliverator,Coupe,Automatic,FWD,Private Party,2021.0,7500.0,14.0,0,0,1,0,3800.0,sold,2021 Arcimoto Deliverator,Ended February 26th at 3:38 AM,"Delray Beach, FL 33445",5.0
Mazda,NA Miata,Convertible,Manual,RWD,Private Party,1996.0,97300.0,9.0,1,1,1,0,8500.0,sold,1996 Mazda MX-5 Miata,Ended January 16th at 2:36 AM,"Pataskala, OH 43062",30.0
BMW,E46 M3,Convertible,Manual,RWD,Dealer,2001.0,45300.0,38.0,1,1,0,0,26750.0,sold,2001 BMW M3 Convertible,"Ended December 23rd, 2025 at 3:52 AM","King Of Prussia, PA 19406",25.0
Subaru,WRX,Hatchback,Manual,4WD/AWD,Private Party,2014.0,130000.0,8.0,1,0,1,1,6500.0,sold,2014 Subaru Impreza WRX Hatchback,"Ended December 16th, 2025 at 2:36 AM","Morris, IL 60450",12.0
Mazda,NC Miata,Convertible,Manual,RWD,Private Party,2006.0,95300.0,23.0,1,1,1,0,8108.0,sold,2006 Mazda MX-5 Miata Grand Touring,Ended January 31st at 3:50 AM,"Portland, ME 04102",20.0
Land Rover,LR4,SUV/Crossover,Automatic,4WD/AWD,Dealer,2011.0,135500.0,13.0,0,0,0,1,6201.0,sold,2011 Land Rover LR4 HSE,Ended February 7th at 4:29 AM,"Miami, FL 33196",15.0
BMW,Z4,Convertible,Automatic,RWD,Private Party,2014.0,77800.0,2.0,0,1,1,0,15000.0,sold,2014 BMW Z4 sDrive28i,"Ended November 13th, 2025 at 3:34 AM","Pompano Beach, FL 33076",12.0
Toyota,Tacoma,Truck,Manual,4WD/AWD,Private Party,2024.0,13200.0,10.0,1,0,1,0,38750.0,sold,2024 Toyota Tacoma TRD Sport Double Cab 4x4,Ended February 27th at 3:22 AM,"Cumming, GA 30028",2.0
Volvo,S60,Sedan,Automatic,4WD/AWD,Private Party,2012.0,110000.0,23.0,0,0,1,1,8300.0,sold,2012 Volvo S60 T6 R-Design AWD,"Ended November 22nd, 2025 at 5:02 AM","Manhattan, KS 66502",14.0
Tesla,Model Y,SUV/Crossover,Automatic,4WD/AWD,Private Party,2020.0,76600.0,25.0,0,0,1,0,25250.0,sold,2020 Tesla Model Y Performance,"Ended November 6th, 2025 at 2:54 AM","Greenbrae, CA 94904",6.0
Audi,Q7,SUV/Crossover,Automatic,4WD/AWD,Dealer,2010.0,128000.0,34.0,0,0,0,1,7600.0,sold,2010 Audi Q7 TDI Prestige,Ended February 20th at 4:05 AM,"Orlando, FL 32820",16.0
Ford,Bronco,SUV/Crossover,Automatic,4WD/AWD,Private Party,2022.0,5700.0,3.0,0,0,1,0,39250.0,sold,2022 Ford Bronco Badlands,Ended January 16th at 4:00 AM,"Raleigh, NC 27608",4.0
Cadillac,CTS,Wagon,Automatic,4WD/AWD,Private Party,2010.0,121500.0,16.0,0,0,1,1,8450.0,sold,2010 Cadillac CTS Premium Sport Wagon,"Ended December 3rd, 2025 at 4:15 AM","Macon, GA 31204",16.0
Volkswagen,Touareg,SUV/Crossover,Automatic,4WD/AWD,Dealer,2011.0,149000.0,14.0,0,0,0,1,7000.0,sold,2011 Volkswagen Touareg TDI,"Ended December 30th, 2025 at 4:12 AM","Lathrop, CA 95330",15.0
Ford,Bronco,SUV/Crossover,Automatic,4WD/AWD,Dealer,2022.0,6600.0,27.0,0,0,0,0,41000.0,sold,2022 Ford Bronco Badlands,Ended January 31st at 3:46 AM,"Mount Kisco, NY 10549",4.0
Ford,Bronco,SUV/Crossover,Automatic,4WD/AWD,Private Party,1979.0,28100.0,54.0,0,0,1,0,14000.0,sold,1979 Ford Bronco,"Ended October 16th, 2025 at 2:03 AM","Vancouver, BC, Canada",47.0
Toyota,Century,Sedan,Automatic,RWD,Private Party,1998.0,64500.0,38.0,0,1,1,0,15750.0,sold,1998 Toyota Century,"Ended November 21st, 2025 at 2:35 AM","Baltimore, MD 21210",28.0
Porsche,Cayenne,SUV/Crossover,Automatic,4WD/AWD,Private Party,2011.0,97300.0,32.0,0,0,1,0,23000.0,sold,2011 Porsche Cayenne S,"Ended November 26th, 2025 at 3:50 AM","Whitestone, NY 11357",15.0
Chevrolet,Suburban,SUV/Crossover,Automatic,4WD/AWD,Private Party,1996.0,131100.0,3.0,0,0,1,1,5600.0,sold,1996 Chevrolet Suburban 1500 4x4,Ended February 6th at 4:22 AM,"Salinas, CA 93908",30.0
Toyota,Tacoma,Truck,Manual,4WD/AWD,Private Party,2012.0,78000.0,9.0,1,0,1,0,22500.0,sold,2012 Toyota Tacoma TRD Sport Access Cab 4x4,Ended February 25th at 3:18 AM,"Portland, OR 97229",14.0
Honda,Acty,Truck,Manual,4WD/AWD,Dealer,1995.0,34800.0,40.0,1,0,0,0,6900.0,sold,1995 Honda Acty 4WD,"Ended October 24th, 2025 at 3:29 AM","Tacoma, WA 98409",31.0
Fiat,500 Abarth,Hatchback,Manual,FWD,Private Party,2013.0,88400.0,25.0,1,0,1,0,7100.0,sold,2013 Fiat 500 Abarth,Ended February 14th at 3:36 AM,"Saratoga Springs, UT 84045",13.0
Maserati,Quattroporte,Sedan,Automatic,4WD/AWD,Private Party,2014.0,88100.0,19.0,0,0,1,0,12600.0,sold,2014 Maserati Quattroporte S Q4,Ended January 8th at 3:18 AM,"Portland, OR 97229",12.0
Mercedes-Benz,GL-Class,SUV/Crossover,Automatic,4WD/AWD,Private Party,2011.0,147500.0,42.0,0,0,1,1,8000.0,sold,2011 Mercedes-Benz GL550,"Ended November 7th, 2025 at 4:09 AM","Georgetown, NY 13072",15.0
GMC,Sierra,Truck,Automatic,4WD/AWD,Private Party,1998.0,55000.0,19.0,0,0,1,0,18250.0,sold,1998 GMC Sierra 3500 SL 4x4,"Ended December 24th, 2025 at 2:47 AM","Tampa, FL 33611",28.0
Subaru,WRX,Sedan,Manual,4WD/AWD,Private Party,2020.0,78100.0,38.0,1,0,1,0,17250.0,sold,2020 Subaru WRX Premium,Ended February 13th at 3:34 AM,"Cumberland, RI 02864",6.0
Dodge,Viper,Convertible,Automatic,RWD,Private Party,2001.0,80000.0,55.0,0,1,1,0,33250.0,sold,2001 Dodge Viper RT/10,Ended January 7th at 2:47 AM,"San Diego, CA 92121",25.0
Toyota,Crown,Sedan,Automatic,RWD,Private Party,1999.0,84000.0,12.0,0,1,1,0,5500.0,sold,1999 Toyota Crown Royal Saloon,"Ended December 31st, 2025 at 3:34 AM","Bonney Lake, WA 98391",27.0
Mercedes-Benz,AMG GT,Convertible,Automatic,RWD,Private Party,2020.0,21700.0,11.0,0,1,1,0,72000.0,sold,2020 Mercedes-AMG GT Roadster,"Ended November 18th, 2025 at 2:31 AM","McLean, VA 22102",6.0
MINI,Cooper,Hatchback,Manual,FWD,Private Party,2007.0,159100.0,23.0,1,0,1,1,7100.0,sold,2007 Mini Cooper S,"Ended November 18th, 2025 at 3:33 AM","Los Angeles, CA 90034",19.0
Ferrari,Testarossa,Coupe,Manual,RWD,Private Party,1993.0,74400.0,36.0,1,1,1,0,195000.0,sold,1993 Ferrari 512 TR,"Ended November 4th, 2025 at 2:30 AM","Bellevue, WA 98006",33.0
Lotus,Evora,Coupe,Manual,RWD,Private Party,2014.0,18200.0,51.0,1,1,1,0,56000.0,sold,2014 Lotus Evora S 2+2,"Ended October 16th, 2025 at 3:38 AM","Latham, NY 12110",12.0
BMW,3 Series,Sedan,Manual,4WD/AWD,Private Party,2004.0,136500.0,16.0,1,0,1,1,5650.0,sold,2004 BMW 325xi Sedan,"Ended December 24th, 2025 at 3:19 AM","Woodland Hills, CA 91367",22.0
BMW,3 Series,Convertible,Manual,RWD,Dealer,2011.0,65800.0,40.0,1,1,0,0,14000.0,sold,2011 BMW 335i Convertible,Ended February 6th at 4:09 AM,"San Diego, CA 92115",15.0
BMW,E9X M3,Convertible,Automatic,RWD,Private Party,2009.0,95100.0,26.0,0,1,1,0,19250.0,sold,2009 BMW M3 Convertible,"Ended October 31st, 2025 at 1:53 AM","Centreville, VA 20120",17.0
Lexus,LS,Sedan,Automatic,RWD,Dealer,1999.0,125200.0,66.0,0,1,0,1,12200.0,sold,1999 Lexus LS 400,Ended February 13th at 3:15 AM,"Marietta, GA 30060",27.0
Porsche,986 Boxster,Convertible,Manual,RWD,Private Party,2000.0,109700.0,13.0,1,1,1,1,6400.0,sold,2000 Porsche Boxster,"Ended November 22nd, 2025 at 3:05 AM","Calabogie, ON, Canada",26.0
Jaguar,XK,Coupe,Automatic,RWD,Private Party,2003.0,28700.0,25.0,0,1,1,0,15500.0,sold,2003 Jaguar XK8 Coupe,Ended March 3rd at 3:10 AM,"Irvine, CA 92618",23.0
Acura,RL,Sedan,Automatic,4WD/AWD,Dealer,2005.0,63200.0,40.0,0,0,0,0,12800.0,sold,2005 Acura RL SH-AWD,"Ended December 10th, 2025 at 2:43 AM","Dublin, OH 43016",21.0
Volkswagen,Eurovan,Van/Minivan,Automatic,FWD,Private Party,1997.0,75800.0,61.0,0,0,1,0,18750.0,sold,1997 Volkswagen EuroVan Camper,"Ended October 31st, 2025 at 1:27 AM","San Diego, CA 92103",29.0
Land Rover,LR4,SUV/Crossover,Automatic,4WD/AWD,Dealer,2013.0,126900.0,46.0,0,0,0,1,9900.0,sold,2013 Land Rover LR4 HSE,Ended January 28th at 4:14 AM,"Pompano Beach, FL 33060",13.0
Tesla,Model Y,SUV/Crossover,Automatic,4WD/AWD,Private Party,2022.0,20500.0,27.0,0,0,1,0,28765.0,sold,2022 Tesla Model Y Long Range,"Ended October 21st, 2025 at 3:14 AM","Valdosta, GA 31602",4.0
Volvo,S60,Sedan,Automatic,4WD/AWD,Dealer,2007.0,155700.0,8.0,0,0,0,1,4767.0,sold,2007 Volvo S60R,Ended February 24th at 3:14 AM,"Anacortes, WA 98221",19.0
Chrysler,PT Cruiser,Hatchback,Manual,FWD,Private Party,2009.0,83200.0,21.0,1,0,1,0,3400.0,sold,2009 Chrysler PT Cruiser,Ended February 6th at 4:48 AM,"Martinez, CA 94553",17.0
BMW,3 Series,Convertible,Automatic,RWD,Private Party,2009.0,126100.0,45.0,0,1,1,1,6210.0,sold,2009 BMW 335i Convertible,Ended February 4th at 3:55 AM,"Winter Park, FL 32789",17.0
Mercedes-Benz,S-Class,Sedan,Automatic,RWD,Private Party,2001.0,99200.0,15.0,0,1,1,0,3300.0,sold,2001 Mercedes-Benz S500,Ended February 11th at 3:14 AM,"Lansdowne, PA 19050",25.0
Mercedes-Benz,R107 SL,Convertible,Automatic,RWD,Dealer,1989.0,83900.0,52.0,0,1,0,0,19500.0,sold,1989 Mercedes-Benz 560SL,"Ended November 22nd, 2025 at 3:44 AM","Ventura, CA 93003",37.0
Scion,FR-S,Coupe,Manual,RWD,Private Party,2015.0,33700.0,16.0,1,1,1,0,14100.0,sold,2015 Scion FR-S,Ended January 10th at 4:00 AM,"Vallejo, CA 94589",11.0
Lexus,RC F,Coupe,Automatic,RWD,Private Party,2015.0,89000.0,17.0,0,1,1,0,32000.0,sold,2015 Lexus RC F,"Ended November 20th, 2025 at 3:58 AM","San Antonio, TX 78260",11.0
Autozam,AZ-1,Coupe,Manual,RWD,Dealer,1994.0,25800.0,5.0,1,1,0,0,20250.0,sold,1994 Autozam AZ-1,Ended February 25th at 3:30 AM,"Tacoma, WA 98406",32.0
Volvo,C30,Hatchback,Manual,FWD,Private Party,2011.0,87900.0,28.0,1,0,1,0,10877.0,sold,2011 Volvo C30 T5 R-Design,"Ended December 23rd, 2025 at 4:20 AM","Fulshear, TX 77441",15.0
BMW,E46 M3,Coupe,Manual,RWD,Dealer,2006.0,151800.0,67.0,1,1,0,1,21500.0,sold,2006 BMW M3 Coupe,"Ended December 30th, 2025 at 4:59 AM","Lubbock, TX 79404",20.0
Mercedes-Benz,G Wagen,SUV/Crossover,Automatic,4WD/AWD,Private Party,2002.0,74700.0,21.0,0,0,1,0,25000.0,sold,2002 Mercedes-Benz G500,"Ended October 15th, 2025 at 3:35 AM","Houston, TX 77005",24.0
Mercedes-Benz,R107 SL,Convertible,Automatic,RWD,Private Party,1985.0,162200.0,25.0,0,1,1,1,6000.0,sold,1985 Mercedes-Benz 380SL,"Ended November 5th, 2025 at 4:47 AM","Milledgeville, GA 31061",41.0
Acura,NSX,Coupe,Manual,RWD,Private Party,1991.0,107000.0,49.0,1,1,1,1,66501.0,sold,1991 Acura NSX,"Ended October 16th, 2025 at 4:11 AM","Ajax, ON, Canada",35.0
Mercedes-Benz,GLE-Class,SUV/Crossover,Automatic,4WD/AWD,Dealer,2016.0,66500.0,48.0,0,0,0,0,39750.0,sold,2016 Mercedes-AMG GLE63 S Coupe,"Ended October 23rd, 2025 at 1:55 AM","Newbury Park, CA 91320",10.0
Lexus,IS,Sedan,Automatic,RWD,Private Party,2013.0,52400.0,37.0,0,1,1,0,15000.0,sold,2013 Lexus IS 250,Ended February 13th at 4:38 AM,"Martinez, CA 94553",13.0
Volkswagen,Golf R,Hatchback,Manual,4WD/AWD,Private Party,2024.0,5300.0,15.0,1,0,1,0,39000.0,sold,2024 Volkswagen Golf R,Ended March 3rd at 3:46 AM,"Fort Myers, FL 33901",2.0
Fiat,500 Abarth,Convertible,Manual,FWD,Private Party,2013.0,84500.0,21.0,1,0,1,0,5700.0,sold,2013 Fiat 500C Abarth Cabriolet,"Ended December 24th, 2025 at 2:52 AM","Charlotte, NC 28273",13.0
BMW,3 Series,Coupe,Manual,RWD,Private Party,1991.0,45400.0,21.0,1,1,1,0,34999.0,sold,1991 BMW 318is Coupe,"Ended November 18th, 2025 at 2:47 AM","Studio City, CA 91604",35.0
Acura,NSX,Coupe,Manual,RWD,Private Party,2005.0,60300.0,49.0,1,1,1,0,121000.0,sold,2005 Acura NSX-T,Ended January 31st at 2:46 AM,"Columbus, GA 31907",21.0
Chevrolet,Suburban,SUV/Crossover,Automatic,4WD/AWD,Private Party,2004.0,92100.0,13.0,0,0,1,0,21500.0,sold,2004 Chevrolet Suburban 2500 LT 4x4,Ended February 28th at 3:42 AM,"Camas, WA 98607",22.0
Ford,Mustang,Convertible,Manual,RWD,Private Party,2003.0,13400.0,35.0,1,1,1,0,31000.0,sold,2003 Ford Mustang SVT Cobra Convertible,"Ended October 28th, 2025 at 2:30 AM","Pleasant Hill, IA 50327",23.0
Cadillac,ELR,Coupe,Automatic,FWD,Private Party,2014.0,51700.0,40.0,0,0,1,0,12000.0,sold,2014 Cadillac ELR,Ended January 10th at 4:25 AM,"Loris, SC 29569",12.0
Mazda,Mazda5,Van/Minivan,Manual,FWD,Private Party,2014.0,30400.0,36.0,1,0,1,0,13700.0,sold,2014 Mazda5 Sport,Ended January 21st at 5:28 AM,"Seattle, WA 98104",12.0
MINI,Cooper,Hatchback,Manual,FWD,Private Party,2005.0,94500.0,42.0,1,0,1,0,10099.0,sold,2005 Mini Cooper S,"Ended December 11th, 2025 at 3:33 AM","Redwood City, CA 94062",21.0
BMW,F90 M5,Sedan,Automatic,4WD/AWD,Private Party,2021.0,41700.0,25.0,0,0,1,0,66500.0,sold,2021 BMW M5 Competition Package,"Ended November 29th, 2025 at 3:00 AM","Miami, FL 33166",5.0
Tesla,Model S,Sedan,Automatic,RWD,Private Party,2012.0,100300.0,51.0,0,1,1,1,16000.0,sold,2012 Tesla Model S Signature Performance,"Ended November 14th, 2025 at 3:05 AM","Austin, TX 78723",14.0
Porsche,996 911,Convertible,Automatic,RWD,Dealer,2001.0,90800.0,55.0,0,1,0,0,20500.0,sold,2001 Porsche 911 Carrera Cabriolet,"Ended October 22nd, 2025 at 3:47 AM","Saint George, UT 84770",25.0
Volkswagen,Mk7 GTI,Hatchback,Manual,FWD,Private Party,2017.0,72000.0,17.0,1,0,1,0,14500.0,sold,2017 Volkswagen GTI Sport,"Ended November 5th, 2025 at 3:54 AM","Champaign, IL 61821",9.0
Porsche,987 Boxster,Convertible,Manual,RWD,Dealer,2008.0,19500.0,33.0,1,1,0,0,28550.0,sold,2008 Porsche Boxster S,"Ended November 5th, 2025 at 4:14 AM","Seattle, WA 98133",18.0
Audi,S5,Coupe,Automatic,4WD/AWD,Private Party,2015.0,139200.0,40.0,0,0,1,1,12500.0,sold,2015 Audi S5 Coupe Prestige,"Ended December 6th, 2025 at 4:19 AM","Streamwood, IL 60107",11.0
Land Rover,Range Rover,SUV/Crossover,Automatic,4WD/AWD,Dealer,2011.0,174900.0,22.0,0,0,0,1,5100.0,sold,2011 Range Rover HSE,"Ended October 21st, 2025 at 2:29 AM","Roswell, GA 30075",15.0
Lexus,LX,SUV/Crossover,Automatic,4WD/AWD,Dealer,2005.0,143800.0,52.0,0,0,0,1,16425.0,sold,2005 Lexus LX 470,"Ended October 25th, 2025 at 3:05 AM","Roswell, GA 30075",21.0
Porsche,Panamera,Sedan,Automatic,4WD/AWD,Private Party,2010.0,101100.0,39.0,0,0,1,1,22750.0,sold,2010 Porsche Panamera Turbo,Ended January 29th at 3:57 AM,"Provo, UT 84604",16.0
Audi,A4,Wagon,Automatic,4WD/AWD,Private Party,2012.0,94400.0,43.0,0,0,1,0,13000.0,sold,2012 Audi A4 Avant 2.0T Quattro Premium Plus,"Ended November 26th, 2025 at 3:58 AM","Martinez, CA 94553",14.0
Land Rover,Range Rover Sport,SUV/Crossover,Automatic,4WD/AWD,Dealer,2012.0,24900.0,35.0,0,0,0,0,21500.0,sold,2012 Range Rover Sport HSE,"Ended October 16th, 2025 at 3:05 AM","Lathrop, CA 95330",14.0
Ford,Transit,Van/Minivan,Automatic,4WD/AWD,Private Party,2023.0,21100.0,31.0,0,0,1,0,61500.0,sold,2023 Ford Transit 250 AWD,Ended February 20th at 3:23 AM,"Davidsonville, MD 21035",3.0
BMW,4 Series,Sedan,Automatic,4WD/AWD,Private Party,2017.0,59400.0,34.0,0,0,1,0,26000.0,sold,2017 BMW 440i xDrive Gran Coupe,"Ended November 15th, 2025 at 3:25 AM","Bellevue, WA 98004",9.0
Toyota,GR Corolla,Hatchback,Manual,4WD/AWD,Private Party,2023.0,5900.0,10.0,1,0,1,0,31000.0,sold,2023 Toyota GR Corolla Core,Ended February 10th at 4:56 AM,"Glendale, AZ 85308",3.0
Toyota,MR2 Spyder,Convertible,Manual,RWD,Private Party,2000.0,75800.0,21.0,1,1,1,0,7400.0,sold,2000 Toyota MR2 Spyder,Ended January 28th at 3:46 AM,"Spokane, WA 99218",26.0
Toyota,4Runner,SUV/Crossover,Automatic,4WD/AWD,Private Party,2008.0,178500.0,12.0,0,0,1,1,4500.0,sold,2008 Toyota 4Runner SR5 4x4,Ended February 25th at 4:23 AM,"Denver, CO 80228",18.0
BMW,5 Series,Sedan,Automatic,RWD,Dealer,2002.0,94600.0,19.0,0,1,0,0,4100.0,sold,2002 BMW 525i Sedan,Ended February 3rd at 4:31 AM,"Lathrop, CA 95330",24.0
Porsche,997 911,Convertible,Manual,RWD,Private Party,2005.0,127500.0,38.0,1,1,1,1,27750.0,sold,2005 Porsche 911 Carrera Cabriolet,"Ended October 28th, 2025 at 1:56 AM","Brentwood, TN 37027",21.0
Volkswagen,Mk6 GTI,Hatchback,Automatic,FWD,Private Party,2013.0,129600.0,17.0,0,0,1,1,7000.0,sold,2013 Volkswagen GTI Wolfsburg Edition,"Ended October 31st, 2025 at 4:02 AM","Martinez, CA 94553",13.0
Honda,Accord,Sedan,Automatic,FWD,Private Party,1997.0,48700.0,29.0,0,0,1,0,5775.0,sold,1997 Honda Accord 2.0LEV,Ended February 21st at 4:38 AM,"Laurel, MT 59044",29.0
Cadillac,Escalade,SUV/Crossover,Automatic,4WD/AWD,Private Party,2000.0,127600.0,22.0,0,0,1,1,6200.0,sold,2000 Cadillac Escalade,"Ended October 21st, 2025 at 1:53 AM","Pensacola, FL 32504",26.0
Toyota,MR2,Coupe,Manual,RWD,Private Party,1991.0,124600.0,50.0,1,1,1,1,12000.0,sold,1991 Toyota MR2 Turbo,Ended February 5th at 4:13 AM,"Mobile, AL 36619",35.0
Lexus,LS,Sedan,Automatic,RWD,Dealer,2004.0,98900.0,11.0,0,1,0,0,9200.0,sold,2004 Lexus LS 430,"Ended October 24th, 2025 at 2:24 AM","Pompano Beach, FL 33060",22.0
Porsche,991 911,Coupe,Automatic,RWD,Private Party,2015.0,28900.0,42.0,0,1,1,0,130000.0,sold,2015 Porsche 911 GT3,"Ended October 30th, 2025 at 1:41 AM","Boulder, CO 80302",11.0
Audi,A6,Sedan,Automatic,4WD/AWD,Dealer,2014.0,104300.0,55.0,0,0,0,1,11400.0,sold,2014 Audi A6 TDI Quattro Prestige,"Ended December 3rd, 2025 at 3:57 AM","Medford, OR 97504",12.0
BMW,F8X M4,Coupe,Manual,RWD,Private Party,2018.0,20300.0,26.0,1,1,1,0,48000.0,sold,2018 BMW M4 Coupe Competition Package,Ended January 14th at 3:18 AM,"Silver Spring, MD 20906",8.0
Tesla,Model 3,Sedan,Automatic,4WD/AWD,Private Party,2018.0,96500.0,21.0,0,0,1,0,16300.0,sold,2018 Tesla Model 3 Long Range AWD,"Ended October 22nd, 2025 at 2:22 AM","Delmar, NY 12054",8.0
GMC,Yukon,SUV/Crossover,Automatic,RWD,Dealer,2005.0,55600.0,14.0,0,1,0,0,8600.0,sold,2005 GMC Yukon SLT,"Ended October 25th, 2025 at 3:26 AM","Bellflower, CA 90706",21.0
Subaru,BRZ,Coupe,Manual,RWD,Private Party,2013.0,69600.0,13.0,1,1,1,0,16750.0,sold,2013 Subaru BRZ Limited,Ended February 12th at 3:33 AM,"Weymouth, MA 02190",13.0
Smart,Crossblade,Convertible,Automatic,RWD,Private Party,2003.0,1000.0,47.0,0,1,1,0,51000.0,sold,2003 Smart Crossblade,"Ended December 4th, 2025 at 2:42 AM","Efland, NC 27243",23.0
Ford,Excursion,SUV/Crossover,Automatic,4WD/AWD,Dealer,2004.0,88400.0,42.0,0,0,0,0,30500.0,sold,2004 Ford Excursion Limited 4x4,"Ended December 2nd, 2025 at 3:50 AM","Costa Mesa, CA 92626",22.0
Jaguar,S-Type,Sedan,Automatic,RWD,Private Party,2003.0,42800.0,29.0,0,1,1,0,14995.0,sold,2003 Jaguar S-Type R,Ended February 12th at 4:38 AM,"Martinez, CA 94553",23.0
Audi,A4,Convertible,Automatic,FWD,Dealer,2004.0,26000.0,31.0,0,0,0,0,8200.0,sold,2004 Audi A4 3.0 Cabriolet,"Ended December 17th, 2025 at 4:28 AM","Los Angeles, CA 90041",22.0
Nissan,Gloria,Sedan,Automatic,RWD,Dealer,1996.0,9000.0,28.0,0,1,0,0,15000.0,sold,1996 Nissan Gloria Gran Turismo Ultima,Ended February 20th at 3:14 AM,"Tualatin, OR 97062",30.0
BMW,3 Series,Wagon,Manual,RWD,Private Party,2007.0,143800.0,36.0,1,1,1,1,28050.0,sold,2007 BMW 328xi Sports Wagon,"Ended December 2nd, 2025 at 2:44 AM","Montague, MA 01351",19.0
Toyota,Land Cruiser,SUV/Crossover,Automatic,4WD/AWD,Private Party,1991.0,213700.0,32.0,0,0,1,1,16000.0,sold,1991 Toyota Land Cruiser,"Ended December 5th, 2025 at 2:40 AM","Shawnee Mission, KS 66206",35.0
Porsche,Cayenne,SUV/Crossover,Automatic,4WD/AWD,Private Party,2015.0,97300.0,43.0,0,0,1,0,38000.0,sold,2015 Porsche Cayenne Turbo,"Ended November 13th, 2025 at 3:15 AM","Crystal Lake, IL 60014",11.0
Ferrari,FF,Coupe,Automatic,4WD/AWD,Private Party,2012.0,23900.0,23.0,0,0,1,0,105012.0,sold,2012 Ferrari FF,"Ended November 13th, 2025 at 4:23 AM","Corrales, NM 87048",14.0
Jeep,Wrangler,SUV/Crossover,Manual,4WD/AWD,Private Party,2007.0,101200.0,18.0,1,0,1,1,7300.0,sold,2007 Jeep Wrangler Sahara 4x4,Ended January 15th at 3:20 AM,"West New York, NJ 07093",19.0
Acura,NSX,Coupe,Manual,RWD,Dealer,1995.0,320600.0,50.0,1,1,0,1,80567.0,sold,1995 Acura NSX-T,Ended January 27th at 2:32 AM,"San Diego, CA 92103",31.0
Chevrolet,Camaro,Convertible,Automatic,RWD,Private Party,2019.0,33900.0,13.0,0,1,1,0,24500.0,sold,2019 Chevrolet Camaro 2SS Convertible,Ended February 18th at 2:38 AM,"Culpeper, VA 22701",7.0
Mazda,Mazdaspeed 6,Sedan,Manual,4WD/AWD,Dealer,2006.0,106400.0,34.0,1,0,0,1,9900.0,sold,2006 Mazdaspeed6 Grand Touring,Ended February 17th at 3:46 AM,"Orlando, FL 32820",20.0
BMW,3 Series,Sedan,Automatic,4WD/AWD,Private Party,2016.0,67100.0,60.0,0,0,1,0,30250.0,sold,2016 BMW 340i xDrive Sedan,"Ended October 17th, 2025 at 3:38 AM","Glenview Nas, IL 60026",10.0
Volkswagen,Mk7 GTI,Hatchback,Automatic,FWD,Private Party,2018.0,70600.0,24.0,0,0,1,0,14200.0,sold,2018 Volkswagen GTI SE,Ended February 24th at 3:55 AM,"Sammamish, WA 98075",8.0
Mercedes-Benz,C-Class,Sedan,Manual,RWD,Private Party,2010.0,108400.0,14.0,1,1,1,1,4500.0,sold,2010 Mercedes-Benz C300 Sedan,"Ended November 29th, 2025 at 2:46 AM","Vancouver, BC, Canada",16.0
Porsche,991 911,Coupe,Automatic,RWD,Private Party,2014.0,62200.0,35.0,0,1,1,0,71000.0,sold,2014 Porsche 911 Carrera S Coupe,"Ended December 13th, 2025 at 4:56 AM","Fallbrook, CA 92028",12.0
Lexus,IS F,Sedan,Automatic,RWD,Private Party,2011.0,120900.0,24.0,0,1,1,1,26800.0,sold,2011 Lexus IS F,Ended January 13th at 2:43 AM,"Marion, TX 78124",15.0
Porsche,997 911,Coupe,Manual,4WD/AWD,Private Party,2009.0,63300.0,37.0,1,0,1,0,70500.0,sold,2009 Porsche 911 Carrera 4S Coupe,"Ended November 7th, 2025 at 3:22 AM","Los Angeles, CA 90049",17.0
BMW,E63/E64 M6,Coupe,Automatic,RWD,Private Party,2006.0,98900.0,30.0,0,1,1,0,11000.0,sold,2006 BMW M6 Coupe,Ended February 14th at 3:38 AM,"Cranston, RI 02910",20.0
Audi,B7 S4,Sedan,Manual,4WD/AWD,Private Party,2007.0,147500.0,22.0,1,0,1,1,8200.0,sold,2007 Audi S4 Sedan,Ended February 5th at 4:30 AM,"Duncan, SC 29334",19.0
Porsche,987 Boxster,Convertible,Manual,RWD,Dealer,2007.0,108400.0,44.0,1,1,0,1,15340.0,sold,2007 Porsche Boxster,Ended February 21st at 2:46 AM,"Loveland, CO 80538",19.0
BMW,5 Series,Sedan,Manual,RWD,Dealer,2011.0,86400.0,14.0,1,1,0,0,10700.0,sold,2011 BMW 550i,Ended February 12th at 2:59 AM,"Savannah, GA 31405",15.0
BMW,Z4,Convertible,Manual,RWD,Private Party,2003.0,80300.0,43.0,1,1,1,0,8600.0,sold,2003 BMW Z4 3.0i Roadster,"Ended November 13th, 2025 at 4:08 AM","York, PA 17406",23.0
Porsche,996 911,Convertible,Manual,RWD,Private Party,2004.0,123200.0,20.0,1,1,1,1,21000.0,sold,2004 Porsche 911 Carrera Cabriolet,Ended February 20th at 2:58 AM,"Miami, FL 33180",22.0
Toyota,86,Coupe,Manual,RWD,Dealer,2023.0,15300.0,9.0,1,1,0,0,24250.0,sold,2023 Toyota GR86 10th Anniversary Special Edition,Ended January 30th at 4:07 AM,"Sierra Vista, AZ 85635",3.0
Oldsmobile,Aurora,Sedan,Automatic,FWD,Dealer,1995.0,99600.0,22.0,0,0,0,0,4100.0,sold,1995 Oldsmobile Aurora,"Ended December 10th, 2025 at 3:46 AM","San Diego, CA 92122",31.0
Land Rover,Defender,SUV/Crossover,Automatic,4WD/AWD,Private Party,2023.0,29000.0,22.0,0,0,1,0,42250.0,sold,2023 Land Rover Defender 110 S 30th Anniversary Edition,Ended January 8th at 4:57 AM,"Sarasota, FL 34231",3.0
Mercedes-Benz,GLA AMG,SUV/Crossover,Automatic,4WD/AWD,Private Party,2015.0,68200.0,15.0,0,0,1,0,20500.0,sold,2015 Mercedes-Benz GLA45 AMG,"Ended October 18th, 2025 at 3:25 AM","Marina Del Rey, CA 90292",11.0
Land Rover,Defender,SUV/Crossover,Manual,4WD/AWD,Private Party,1999.0,155800.0,37.0,1,0,1,1,24250.0,sold,1999 Land Rover Defender 110,"Ended November 19th, 2025 at 2:45 AM","San Diego, CA 92105",27.0
Mercedes-Benz,R129 SL,Convertible,Automatic,RWD,Private Party,1999.0,127800.0,25.0,0,1,1,1,10330.0,sold,1999 Mercedes-Benz SL500,"Ended December 2nd, 2025 at 4:09 AM","Port Saint Lucie, FL 34984",27.0
Subaru,WRX STI,Hatchback,Manual,4WD/AWD,Private Party,2014.0,87100.0,36.0,1,0,1,0,19250.0,sold,2014 Subaru Impreza WRX STI Hatchback,Ended February 12th at 2:50 AM,"Miami, FL 33177",12.0
Audi,B5 S4,Sedan,Automatic,4WD/AWD,Private Party,2001.0,131800.0,20.0,0,0,1,1,6800.0,sold,2001 Audi S4 Sedan,Ended February 7th at 2:34 AM,"Portland, OR 97215",25.0
Mercedes-Benz,E-Class,Wagon,Automatic,4WD/AWD,Private Party,2011.0,71200.0,34.0,0,0,1,0,11500.0,sold,2011 Mercedes-Benz E350 4Matic Wagon,Ended February 13th at 3:40 AM,"Los Altos, CA 94024",15.0
Audi,B7 RS4,Wagon,Manual,4WD/AWD,Dealer,2007.0,74100.0,28.0,1,0,0,0,47000.0,sold,2007 Audi RS4 Avant,"Ended October 28th, 2025 at 1:41 AM","Levis, Quebec, Canada",19.0
Honda,S2000,Convertible,Manual,RWD,Private Party,2005.0,57100.0,38.0,1,1,1,0,26500.0,sold,2005 Honda S2000,"Ended October 21st, 2025 at 4:00 AM","Gainesville, VA 20155",21.0
Ford,F-150,Truck,Automatic,4WD/AWD,Dealer,2017.0,17600.0,26.0,0,0,0,0,66000.0,sold,2017 Ford Shelby F-150 SuperCrew 4x4,Ended February 19th at 4:48 AM,"Anacortes, WA 98221",9.0
Porsche,996 911,Convertible,Manual,4WD/AWD,Dealer,2004.0,58000.0,23.0,1,0,0,0,57000.0,sold,2004 Porsche 911 Turbo Cabriolet,Ended January 14th at 4:37 AM,"Vero Beach, FL 32960",22.0
Ford,Super Duty,Truck,Automatic,4WD/AWD,Dealer,2005.0,39800.0,61.0,0,0,0,0,20500.0,sold,2005 Ford F-550 Super Duty 4x4 Fire Truck,"Ended October 22nd, 2025 at 3:02 AM","Bakersfield, CA 93313",21.0
BMW,M2,Coupe,Manual,RWD,Private Party,2018.0,43500.0,22.0,1,1,1,0,35250.0,sold,2018 BMW M2,"Ended November 29th, 2025 at 3:44 AM","Tucson, AZ 85750",8.0
BMW,5 Series,Sedan,Automatic,4WD/AWD,Dealer,2013.0,97100.0,31.0,0,0,0,0,8200.0,sold,2013 BMW 535i xDrive,"Ended December 3rd, 2025 at 3:19 AM","Hollywood, FL 33023",13.0
BMW,X5,SUV/Crossover,Automatic,4WD/AWD,Private Party,2013.0,123100.0,22.0,0,0,1,1,8077.0,sold,2013 BMW X5 M,"Ended October 31st, 2025 at 3:02 AM","South Jordan, UT 84095",13.0
Jaguar,F-Type,Coupe,Automatic,4WD/AWD,Private Party,2018.0,20600.0,26.0,0,0,1,0,44000.0,sold,2018 Jaguar F-Type R Coupe,"Ended November 20th, 2025 at 4:58 AM","Thousand Oaks, CA 91360",8.0
Porsche,986 Boxster,Convertible,Manual,RWD,Private Party,2003.0,104400.0,30.0,1,1,1,1,11601.0,sold,2003 Porsche Boxster,Ended February 25th at 3:59 AM,"San Marino, CA 91108",23.0
Cadillac,Escalade,SUV/Crossover,Automatic,RWD,Dealer,2005.0,87600.0,39.0,0,1,0,0,11669.0,sold,2005 Cadillac Escalade,"Ended December 20th, 2025 at 3:55 AM","Pompano Beach, FL 33062",21.0
Audi,A4,Convertible,Automatic,FWD,Private Party,2009.0,91000.0,24.0,0,0,1,0,5600.0,sold,2009 Audi A4 2.0T Cabriolet,"Ended October 21st, 2025 at 2:08 AM","Pompano Beach, FL 33060",17.0
Lexus,LX,SUV/Crossover,Automatic,4WD/AWD,Dealer,2004.0,257500.0,59.0,0,0,0,1,13200.0,sold,2004 Lexus LX 470,"Ended October 30th, 2025 at 3:48 AM","Hagerstown, MD 21740",22.0
Honda,S2000,Convertible,Manual,RWD,Private Party,2000.0,26000.0,19.0,1,1,1,0,28750.0,sold,2000 Honda S2000,"Ended November 19th, 2025 at 3:18 AM","Quincy, IL 62301",26.0
Subaru,WRX,Sedan,Manual,4WD/AWD,Private Party,2017.0,83000.0,35.0,1,0,1,0,13300.0,sold,2017 Subaru WRX Premium,"Ended November 15th, 2025 at 4:07 AM","Reinholds, PA 17569",9.0
Oldsmobile,Alero,Coupe,Automatic,FWD,Private Party,2000.0,5300.0,20.0,0,0,1,0,4100.0,sold,2000 Oldsmobile Alero GX Coupe,Ended January 28th at 2:34 AM,"Miami, FL 33186",26.0
BMW,E9X M3,Coupe,Automatic,RWD,Private Party,2012.0,64500.0,32.0,0,1,1,0,31750.0,sold,2012 BMW M3 Coupe Competition Package,"Ended November 27th, 2025 at 2:34 AM","Santa Monica, CA 90404",14.0
Volkswagen,Beetle,Convertible,Automatic,FWD,Dealer,2003.0,59700.0,30.0,0,0,0,0,6000.0,sold,2003 Volkswagen New Beetle Convertible GLS,"Ended October 17th, 2025 at 3:17 AM","Charlotte, NC 28227",23.0
Mercedes-Benz,CLS AMG,Sedan,Automatic,4WD/AWD,Private Party,2017.0,38300.0,46.0,0,0,1,0,45500.0,sold,2017 Mercedes-AMG CLS63 S,Ended January 7th at 4:42 AM,"Miami, FL 33137",9.0
Jaguar,XJL,Sedan,Automatic,RWD,Dealer,2012.0,57800.0,36.0,0,1,0,0,9850.0,sold,2012 Jaguar XJL Supercharged,"Ended November 25th, 2025 at 4:13 AM","Ronkonkoma, NY 11779",14.0
Mercedes-Benz,E-Class,Wagon,Automatic,4WD/AWD,Private Party,2014.0,127800.0,15.0,0,0,1,1,12000.0,sold,2014 Mercedes-Benz E350 4Matic Wagon,Ended January 7th at 3:27 AM,"Alexandria, VA 22315",12.0
MINI,Classic Mini,Coupe,Manual,FWD,Private Party,1965.0,44000.0,31.0,1,0,1,0,7500.0,sold,1965 Austin Mini Cooper S,"Ended December 13th, 2025 at 3:13 AM","Cedar Crest, NM 87008",61.0
Lexus,GX,SUV/Crossover,Automatic,4WD/AWD,Dealer,2004.0,289600.0,21.0,0,0,0,1,9300.0,sold,2004 Lexus GX 470,"Ended November 20th, 2025 at 4:23 AM","Pompano Beach, FL 33060",22.0
Porsche,Panamera,Sedan,Automatic,RWD,Dealer,2012.0,169800.0,50.0,0,1,0,1,9400.0,sold,2012 Porsche Panamera S,"Ended December 4th, 2025 at 4:07 AM","Hamilton, OH 45011",14.0
Volkswagen,R32,Hatchback,Automatic,4WD/AWD,Private Party,2008.0,48900.0,44.0,0,0,1,0,24000.0,sold,2008 Volkswagen R32,"Ended December 20th, 2025 at 4:18 AM","Southlake, TX 76092",18.0
Mercedes-Benz,ML-Class,SUV/Crossover,Automatic,4WD/AWD,Dealer,2010.0,137000.0,41.0,0,0,0,1,7500.0,sold,2010 Mercedes-Benz ML550,Ended January 15th at 4:14 AM,"Boca Raton, FL 33431",16.0
Jaguar,XKR,Convertible,Automatic,RWD,Private Party,2007.0,102100.0,61.0,0,1,1,1,14300.0,sold,2007 Jaguar XKR Convertible,"Ended November 15th, 2025 at 4:05 AM","Ponte Vedra Beach, FL 32082",19.0
Porsche,928,Coupe,Automatic,RWD,Private Party,1985.0,79400.0,37.0,0,1,1,0,7600.0,sold,1985 Porsche 928 S,"Ended December 23rd, 2025 at 2:55 AM","Ormond Beach, FL 32174",41.0
Porsche,981 Cayman,Coupe,Manual,RWD,Private Party,2016.0,12800.0,40.0,1,1,1,0,101776.0,sold,2016 Porsche Cayman GT4,"Ended December 13th, 2025 at 5:20 AM","Draper, UT 84020",10.0
BMW,E9X M3,Sedan,Automatic,RWD,Dealer,2009.0,112800.0,15.0,0,1,0,1,21500.0,sold,2009 BMW M3 Sedan,"Ended October 23rd, 2025 at 4:02 AM","King Of Prussia, PA 19406",17.0
Audi,B7 S4,Sedan,Manual,4WD/AWD,Private Party,2005.0,101000.0,13.0,1,0,1,1,8000.0,sold,2005 Audi S4 Sedan,"Ended November 20th, 2025 at 4:08 AM","San Diego, CA 92128",21.0
Porsche,986 Boxster,Convertible,Manual,RWD,Private Party,2000.0,46600.0,45.0,1,1,1,0,16250.0,sold,2000 Porsche Boxster S,"Ended December 2nd, 2025 at 4:39 AM","Saugatuck, MI 49453",26.0
Jeep,Wrangler,SUV/Crossover,Automatic,4WD/AWD,Private Party,2009.0,134700.0,46.0,0,0,1,1,8500.0,sold,2009 Jeep Wrangler Unlimited X 4x4,"Ended October 21st, 2025 at 3:42 AM","Walpole, MA 02081",17.0
Nissan,Pulsar,Hatchback,Manual,FWD,Private Party,1998.0,78600.0,10.0,1,0,1,0,6600.0,sold,1998 Nissan Pulsar VZ-R,"Ended October 22nd, 2025 at 3:00 AM","Fullerton, CA 92833",28.0
Jeep,CJ-7,SUV/Crossover,Manual,4WD/AWD,Private Party,1984.0,125200.0,33.0,1,0,1,1,8000.0,sold,1984 Jeep CJ-7,Ended February 6th at 3:25 AM,"Hyattsville, MD 20782",42.0
Honda,Acty,Truck,Manual,4WD/AWD,Dealer,1996.0,91500.0,15.0,1,0,0,0,5500.0,sold,1996 Honda Acty SDX 4WD,"Ended December 12th, 2025 at 4:42 AM","Boyds, MD 20841",30.0
BMW,E46 M3,Convertible,Automatic,RWD,Private Party,2004.0,59800.0,32.0,0,1,1,0,18500.0,sold,2004 BMW M3 Convertible,"Ended October 25th, 2025 at 2:00 AM","Concord, CA 94521",22.0
Nissan,300ZX,Convertible,Automatic,RWD,Dealer,1994.0,60400.0,27.0,0,1,0,0,12500.0,sold,1994 Nissan 300ZX Convertible,Ended January 15th at 3:00 AM,"West Chester, PA 19382",32.0
Ford,Fiesta,Hatchback,Manual,FWD,Private Party,2017.0,95200.0,17.0,1,0,1,0,6000.0,sold,2017 Ford Fiesta ST,Ended January 1st at 3:41 AM,"Seattle, WA 98102",9.0
Maserati,GranTurismo,Coupe,Automatic,RWD,Dealer,2008.0,56800.0,19.0,0,1,0,0,17250.0,sold,2008 Maserati GranTurismo,"Ended December 23rd, 2025 at 4:22 AM","Layton, UT 84041",18.0
Porsche,996 911,Convertible,Manual,RWD,Dealer,2001.0,85600.0,13.0,1,1,0,0,19777.0,sold,2001 Porsche 911 Carrera Cabriolet,"Ended November 22nd, 2025 at 4:05 AM","Puyallup, WA 98371",25.0
Volvo,V50,Wagon,Automatic,4WD/AWD,Private Party,2007.0,115000.0,27.0,0,0,1,1,5200.0,sold,2007 Volvo V50 T5 AWD,"Ended November 8th, 2025 at 4:34 AM","Portland, OR 97219",19.0
Lincoln,Town Car,Sedan,Automatic,RWD,Private Party,2001.0,87900.0,29.0,0,1,1,0,5800.0,sold,2001 Lincoln Town Car Cartier,Ended February 18th at 2:48 AM,"Mapleton, UT 84664",25.0
Mazda,NA Miata,Convertible,Manual,RWD,Private Party,1994.0,154400.0,43.0,1,1,1,1,7570.0,sold,1994 Mazda MX-5 Miata,"Ended November 29th, 2025 at 4:08 AM","Charlotte, NC 28273",32.0
Mercedes-Benz,W211 E63 AMG,Sedan,Automatic,RWD,Private Party,2007.0,94000.0,37.0,0,1,1,0,18000.0,sold,2007 Mercedes-Benz E63 AMG Sedan,Ended February 7th at 3:21 AM,"Buford, GA 30518",19.0
BMW,1 Series,Coupe,Automatic,RWD,Private Party,2013.0,129900.0,27.0,0,1,1,1,11400.0,sold,2013 BMW 135i Coupe,Ended February 11th at 4:16 AM,"Encinitas, CA 92024",13.0
Lexus,IS F,Sedan,Automatic,RWD,Dealer,2014.0,82800.0,20.0,0,1,0,0,41000.0,sold,2014 Lexus IS F,Ended January 29th at 4:43 AM,"Chula Vista, CA 91911",12.0
Porsche,Cayenne,SUV/Crossover,Automatic,4WD/AWD,Dealer,2015.0,113100.0,57.0,0,0,0,1,19250.0,sold,2015 Porsche Cayenne Turbo,"Ended December 17th, 2025 at 5:25 AM","Medford, OR 97504",11.0
Honda,Civic Type R,Hatchback,Manual,FWD,Dealer,1998.0,126600.0,42.0,1,0,0,1,22350.0,sold,1998 Honda Civic Type R,Ended January 1st at 2:45 AM,"Salt Lake City, UT 84116",28.0
Audi,S6,Sedan,Automatic,4WD/AWD,Private Party,2020.0,82000.0,50.0,0,0,1,0,26750.0,sold,2020 Audi S6 Premium Plus,"Ended November 29th, 2025 at 3:13 AM","West Lafayette, IN 47906",6.0
Subaru,Legacy,Sedan,Manual,4WD/AWD,Private Party,2000.0,156100.0,40.0,1,0,1,1,9200.0,sold,2000 Subaru Legacy B4 RSK,Ended February 24th at 3:28 AM,"Norwalk, CT 06850",26.0
BMW,1 Series,Coupe,Manual,RWD,Private Party,2008.0,127900.0,46.0,1,1,1,1,11100.0,sold,2008 BMW 128i Coupe,"Ended November 15th, 2025 at 4:59 AM","Calabasas, CA 91302",18.0
Porsche,Panamera,Sedan,Automatic,4WD/AWD,Dealer,2012.0,102900.0,37.0,0,0,0,1,23500.0,sold,2012 Porsche Panamera Turbo S,Ended January 22nd at 4:17 AM,"Long Beach, CA 90806",14.0
Toyota,4Runner,SUV/Crossover,Automatic,4WD/AWD,Dealer,2007.0,127600.0,47.0,0,0,0,1,13750.0,sold,2007 Toyota 4Runner Limited 4x4,"Ended November 5th, 2025 at 4:30 AM","Hagerstown, MD 21740",19.0
BMW,i8,Coupe,Automatic,4WD/AWD,Private Party,2014.0,38400.0,52.0,0,0,1,0,44000.0,sold,2014 BMW i8,"Ended November 5th, 2025 at 4:07 AM","Fairfax, VA 22033",12.0
Chevrolet,C5 Corvette,Coupe,Manual,RWD,Private Party,2003.0,123600.0,28.0,1,1,1,1,16250.0,sold,2003 Chevrolet Corvette Z06,"Ended October 24th, 2025 at 3:26 AM","Naperville, IL 60540",23.0
BMW,X7,SUV/Crossover,Automatic,4WD/AWD,Private Party,2021.0,24100.0,24.0,0,0,1,0,68888.0,sold,2021 BMW Alpina XB7,Ended January 24th at 5:07 AM,"Las Vegas, NV 89145",5.0
Subaru,BRZ,Coupe,Manual,RWD,Dealer,2018.0,60600.0,38.0,1,1,0,0,17999.0,sold,2018 Subaru BRZ Limited,"Ended November 27th, 2025 at 4:06 AM","Gulfport, MS 39503",8.0
Mitsubishi,Montero,SUV/Crossover,Automatic,4WD/AWD,Private Party,1990.0,201700.0,8.0,0,0,1,1,4500.0,sold,1990 Mitsubishi Montero 4x4,Ended February 11th at 4:50 AM,"Grants Pass, OR 97526",36.0
BMW,5 Series,Sedan,Automatic,RWD,Private Party,2014.0,71800.0,31.0,0,1,1,0,9650.0,sold,2014 BMW 535d,"Ended December 24th, 2025 at 3:04 AM","Gainesville, FL 32608",12.0
Porsche,Macan,SUV/Crossover,Automatic,4WD/AWD,Private Party,2015.0,116300.0,11.0,0,0,1,1,18500.0,sold,2015 Porsche Macan Turbo,"Ended December 23rd, 2025 at 3:27 AM","Glen Head, NY 11545",11.0
Jeep,Cherokee,SUV/Crossover,Automatic,4WD/AWD,Dealer,2014.0,148400.0,24.0,0,0,0,1,8300.0,sold,2014 Jeep Grand Cherokee Overland 4x4,"Ended October 23rd, 2025 at 2:47 AM","Savannah, GA 31405",12.0
Mazda,ND Miata,Convertible,Manual,RWD,Private Party,2019.0,32600.0,24.0,1,1,1,0,22000.0,sold,2019 Mazda MX-5 Miata RF Club,Ended January 28th at 2:42 AM,"Fletcher, NC 28732",7.0
Lotus,Emira,Coupe,Manual,RWD,Dealer,2024.0,2200.0,34.0,1,1,0,0,89000.0,sold,2024 Lotus Emira V6 First Edition,Ended February 28th at 2:44 AM,"Cedar Rapids, IA 52404",2.0
Land Rover,Defender,SUV/Crossover,Automatic,4WD/AWD,Private Party,1984.0,14300.0,38.0,0,0,1,0,79000.0,sold,1984 Land Rover 110,Ended March 3rd at 5:06 AM,"Danville, CA 94506",42.0
Volkswagen,Mk7 GTI,Hatchback,Manual,FWD,Private Party,2019.0,38100.0,32.0,1,0,1,0,23750.0,sold,2019 Volkswagen GTI Rabbit Edition,"Ended November 7th, 2025 at 4:17 AM","Irvine, CA 92612",7.0
Volvo,S60,Sedan,Manual,4WD/AWD,Private Party,2006.0,185000.0,81.0,1,0,1,1,16000.0,sold,2006 Volvo S60R,"Ended December 20th, 2025 at 5:01 AM","Fremont, CA 94538",20.0
BMW,E46 M3,Coupe,Manual,RWD,Private Party,2006.0,72000.0,30.0,1,1,1,0,35000.0,sold,2006 BMW M3 Coupe Competition Package,"Ended November 25th, 2025 at 4:23 AM","Boca Raton, FL 33486",20.0
Mercedes-Benz,E-Class,Convertible,Automatic,RWD,Dealer,2013.0,68100.0,31.0,0,1,0,0,15750.0,sold,2013 Mercedes-Benz E550 Cabriolet,"Ended November 5th, 2025 at 4:07 AM","Buffalo, NY 14206",13.0
BMW,5 Series,Sedan,Manual,RWD,Private Party,2013.0,145700.0,31.0,1,1,1,1,10100.0,sold,2013 BMW 535i,"Ended October 17th, 2025 at 3:31 AM","Fort Mill, SC 29707",13.0
Toyota,Land Cruiser,SUV/Crossover,Automatic,4WD/AWD,Dealer,1998.0,194400.0,17.0,0,0,0,1,13600.0,sold,1998 Toyota Land Cruiser VX Limited,Ended February 10th at 4:17 AM,"Ceres, CA 95307",28.0
Ford,Bronco,SUV/Crossover,Manual,4WD/AWD,Private Party,2023.0,14900.0,25.0,1,0,1,0,39500.0,sold,2023 Ford Bronco Heritage Edition,"Ended October 31st, 2025 at 1:54 AM","La Honda, CA 94020",3.0
Toyota,Century,Sedan,Automatic,RWD,Private Party,1997.0,109800.0,35.0,0,1,1,1,11100.0,sold,1997 Toyota Century,Ended January 6th at 3:30 AM,"Austin, TX 78744",29.0
Audi,S5,Hatchback,Automatic,4WD/AWD,Private Party,2018.0,65100.0,44.0,0,0,1,0,29250.0,sold,2018 Audi S5 Sportback Prestige,"Ended October 22nd, 2025 at 2:44 AM","San Jose, CA 95125",8.0
Mitsubishi,3000GT,Coupe,Manual,4WD/AWD,Private Party,1993.0,126800.0,12.0,1,0,1,1,11200.0,sold,1993 Mitsubishi 3000GT VR-4,"Ended November 8th, 2025 at 2:46 AM","La Pine, OR 97739",33.0
BMW,X5,SUV/Crossover,Automatic,4WD/AWD,Dealer,2013.0,173400.0,43.0,0,0,0,1,8500.0,sold,2013 BMW X5 xDrive35d,Ended February 20th at 4:41 AM,"Hamilton, OH 45015",13.0
BMW,X5,SUV/Crossover,Automatic,4WD/AWD,Private Party,2023.0,27100.0,51.0,0,0,1,0,60000.0,sold,2023 BMW X5 M50i,Ended February 12th at 3:18 AM,"Cocoa, FL 32926",3.0
Mazda,ND Miata,Convertible,Manual,RWD,Dealer,2024.0,5200.0,28.0,1,1,0,0,34000.0,sold,2024 Mazda MX-5 Miata RF Club,"Ended November 13th, 2025 at 2:41 AM","Portland, OR 97220",2.0
BMW,M2,Coupe,Manual,RWD,Private Party,2021.0,57000.0,32.0,1,1,1,0,42000.0,sold,2021 BMW M2 Competition,Ended February 6th at 2:33 AM,"Saugus, MA 01906",5.0
Ford,Mustang,Hatchback,Manual,RWD,Private Party,1979.0,460.0,28.0,1,1,1,0,7950.0,sold,1979 Ford Mustang Ghia Hatchback,"Ended November 7th, 2025 at 3:58 AM","Southbury, CT 06488",47.0
BMW,X7,SUV/Crossover,Automatic,4WD/AWD,Private Party,2021.0,36000.0,47.0,0,0,1,0,52000.0,sold,2021 BMW X7 M50i,Ended January 16th at 3:02 AM,"Decatur, GA 30033",5.0
Nissan,R33 Skyline,Coupe,Manual,RWD,Private Party,1997.0,172500.0,51.0,1,1,1,1,16250.0,sold,1997 Nissan Skyline GTS-25T Type M Coupe,Ended January 24th at 5:44 AM,"Hendersonville, TN 37075",29.0
BMW,E36 M3,Coupe,Manual,RWD,Dealer,1998.0,49000.0,10.0,1,1,0,0,38750.0,sold,1998 BMW M3 Coupe,"Ended November 19th, 2025 at 4:38 AM","Savannah, GA 31415",28.0
BMW,3 Series,Wagon,Automatic,4WD/AWD,Private Party,2018.0,61000.0,16.0,0,0,1,0,20828.0,sold,2018 BMW 328d xDrive Sports Wagon,"Ended November 15th, 2025 at 4:02 AM","Santa Rosa, CA 95409",8.0
Lexus,GX,SUV/Crossover,Automatic,4WD/AWD,Private Party,2017.0,86500.0,38.0,0,0,1,0,37750.0,sold,2017 Lexus GX 460,"Ended October 17th, 2025 at 2:51 AM","Escondido, CA 92029",9.0
Mercedes-Benz,S-Class AMG,Sedan,Automatic,RWD,Private Party,2006.0,157800.0,24.0,0,1,1,1,8000.0,sold,2006 Mercedes-Benz S55 AMG,"Ended November 22nd, 2025 at 2:50 AM","San Diego, CA 92117",20.0
Volkswagen,Mk7 GTI,Hatchback,Manual,FWD,Private Party,2019.0,98400.0,56.0,1,0,1,0,14000.0,sold,2019 Volkswagen GTI S,Ended February 5th at 3:44 AM,"Aldie, VA 20105",7.0
Audi,B8 S4,Sedan,Manual,4WD/AWD,Private Party,2013.0,181300.0,6.0,1,0,1,1,8703.0,sold,2013 Audi S4 Premium Plus,Ended February 27th at 4:10 AM,"Atlanta, GA 30317",13.0
Porsche,986 Boxster,Convertible,Manual,RWD,Private Party,2003.0,59700.0,36.0,1,1,1,0,16750.0,sold,2003 Porsche Boxster S,"Ended October 28th, 2025 at 3:06 AM","Phoenix, AZ 85027",23.0
Porsche,986 Boxster,Convertible,Manual,RWD,Private Party,2000.0,109500.0,35.0,1,1,1,1,8900.0,sold,2000 Porsche Boxster,"Ended October 18th, 2025 at 3:06 AM","Calabogie, ON, Canada",26.0
Honda,S2000,Convertible,Manual,RWD,Private Party,2004.0,107100.0,36.0,1,1,1,1,16500.0,sold,2004 Honda S2000,"Ended November 18th, 2025 at 4:30 AM","Claypool, IN 46510",22.0
Chevrolet,C5 Corvette,Coupe,Automatic,RWD,Private Party,1999.0,123600.0,27.0,0,1,1,1,8200.0,sold,1999 Chevrolet Corvette Coupe,Ended February 24th at 3:59 AM,"Lexington, SC 29072",27.0
Chevrolet,C5 Corvette,Convertible,Manual,RWD,Private Party,1999.0,126200.0,25.0,1,1,1,1,12500.0,sold,1999 Chevrolet Corvette Convertible,Ended January 22nd at 2:58 AM,"Wilmington, NC 28403",27.0
BMW,i3,Hatchback,Automatic,RWD,Private Party,2015.0,73400.0,41.0,0,1,1,0,9300.0,sold,2015 BMW i3 Range Extender,"Ended November 19th, 2025 at 4:16 AM","Clover, SC 29710",11.0
Ford,Mustang,Coupe,Manual,RWD,Dealer,1996.0,90000.0,26.0,1,1,0,0,7900.0,sold,1996 Ford Mustang SVT Cobra Coupe,"Ended December 30th, 2025 at 3:00 AM","Sacramento, CA 95818",30.0
Mercedes-Benz,SLK-Class,Convertible,Manual,RWD,Private Party,2005.0,118200.0,44.0,1,1,1,1,8000.0,sold,2005 Mercedes-Benz SLK350,Ended February 3rd at 4:05 AM,"Irvine, CA 92612",21.0
Porsche,Cayenne,SUV/Crossover,Automatic,4WD/AWD,Dealer,2014.0,114100.0,30.0,0,0,0,1,12800.0,sold,2014 Porsche Cayenne S,Ended February 21st at 3:22 AM,"Pompano Beach, FL 33060",12.0
Pontiac,Firebird,Coupe,Automatic,RWD,Private Party,1987.0,79100.0,22.0,0,1,1,0,4900.0,sold,1987 Pontiac Firebird Trans Am GTA,Ended February 24th at 3:38 AM,"Brush, CO 80723",39.0
BMW,4 Series,Coupe,Automatic,RWD,Private Party,2015.0,66700.0,53.0,0,1,1,0,14000.0,sold,2015 BMW 435i Coupe,Ended January 1st at 3:21 AM,"Los Angeles, CA 90036",11.0
Ford,F-150,Truck,Automatic,RWD,Private Party,2003.0,70500.0,36.0,0,1,1,0,28550.0,sold,2003 Ford F-150 SVT Lightning,"Ended November 12th, 2025 at 4:03 AM","Leesburg, GA 31763",23.0
BMW,5 Series,Sedan,Manual,RWD,Private Party,2002.0,142300.0,17.0,1,1,1,1,7530.0,sold,2002 BMW 530i Sedan,"Ended November 6th, 2025 at 4:23 AM","Templeton, CA 93465",24.0
Audi,A4,Sedan,Automatic,4WD/AWD,Private Party,2018.0,65200.0,30.0,0,0,1,0,13920.0,sold,2018 Audi A4 2.0T Quattro Premium Plus Sedan,Ended February 17th at 4:24 AM,"Sacramento, CA 95835",8.0
BMW,E46 M3,Coupe,Manual,RWD,Private Party,2006.0,130100.0,22.0,1,1,1,1,26500.0,sold,2006 BMW M3 Coupe Competition Package,"Ended December 23rd, 2025 at 2:50 AM","La Canada Flintridge, CA 91011",20.0
BMW,3 Series,Sedan,Automatic,RWD,Dealer,2004.0,84800.0,4.0,0,1,0,0,4600.0,sold,2004 BMW 325i Sedan,"Ended October 17th, 2025 at 3:02 AM","Roswell, GA 30075",22.0
BMW,X6,SUV/Crossover,Automatic,4WD/AWD,Dealer,2009.0,51000.0,50.0,0,0,0,0,11000.0,sold,2009 BMW X6 xDrive50i,"Ended December 16th, 2025 at 3:40 AM","Great Neck, NY 11021",17.0
Jaguar,XF,Sedan,Automatic,RWD,Dealer,2009.0,94300.0,26.0,0,1,0,0,5500.0,sold,2009 Jaguar XF Premium Luxury,"Ended November 8th, 2025 at 3:35 AM","Ronkonkoma, NY 11779",17.0
BMW,1 Series,Coupe,Manual,RWD,Private Party,2008.0,159000.0,23.0,1,1,1,1,10000.0,sold,2008 BMW 135i Coupe,Ended January 30th at 4:02 AM,"Santa Cruz, CA 95060",18.0
BMW,E46 M3,Convertible,Automatic,RWD,Private Party,2003.0,56700.0,48.0,0,1,1,0,17777.0,sold,2003 BMW M3 Convertible,Ended February 10th at 4:48 AM,"Chesterfield, MO 63017",23.0
Honda,S2000,Convertible,Manual,RWD,Private Party,2005.0,23500.0,21.0,1,1,1,0,42000.0,sold,2005 Honda S2000,"Ended October 31st, 2025 at 4:00 AM","Seneca, SC 29678",21.0
Ford,Focus,Hatchback,Manual,FWD,Private Party,2015.0,149300.0,8.0,1,0,1,1,6400.0,sold,2015 Ford Focus ST,Ended February 3rd at 4:14 AM,"San Diego, CA 92128",11.0
Ford,Mustang,Coupe,Automatic,RWD,Private Party,2022.0,6800.0,42.0,0,1,1,0,100500.0,sold,2022 Ford Mustang Shelby GT500 Heritage Edition,Ended January 9th at 3:21 AM,"Liberty Hill, TX 78642",4.0
Volvo,S60,Sedan,Manual,4WD/AWD,Private Party,2005.0,137900.0,31.0,1,0,1,1,10150.0,sold,2005 Volvo S60R,"Ended December 6th, 2025 at 4:46 AM","San Diego, CA 92117",21.0
Chevrolet,Camaro,Coupe,Manual,RWD,Private Party,2022.0,3700.0,31.0,1,1,1,0,79500.0,sold,2022 Chevrolet Camaro ZL1 Coupe,"Ended November 19th, 2025 at 5:02 AM","Huntington Station, NY 11746",4.0
Nissan,350Z,Convertible,Manual,RWD,Dealer,2004.0,34300.0,10.0,1,1,0,0,12500.0,sold,2004 Nissan 350Z Touring Roadster,Ended March 3rd at 3:44 AM,"San Antonio, TX 78258",22.0
Audi,B9 S4,Sedan,Automatic,4WD/AWD,Private Party,2021.0,31000.0,40.0,0,0,1,0,39025.0,sold,2021 Audi S4 Premium Plus,"Ended October 21st, 2025 at 2:38 AM","Palatine, IL 60074",5.0
BMW,E46 M3,Convertible,Manual,RWD,Private Party,2003.0,76500.0,22.0,1,1,1,0,17500.0,sold,2003 BMW M3 Convertible,Ended January 27th at 2:44 AM,"Plymouth Meeting, PA 19462",23.0
BMW,E60 M5,Sedan,Automatic,RWD,Private Party,2006.0,115100.0,55.0,0,1,1,1,14100.0,sold,2006 BMW M5,"Ended December 24th, 2025 at 3:55 AM","Fort Lauderdale, FL 33331",20.0
BMW,i8,Coupe,Automatic,4WD/AWD,Private Party,2017.0,62000.0,40.0,0,0,1,0,38250.0,sold,2017 BMW i8 Coupe,"Ended November 1st, 2025 at 2:09 AM","Leslie, MI 49251",9.0
Mercedes-Benz,W211 E63 AMG,Sedan,Automatic,RWD,Private Party,2007.0,92500.0,29.0,0,1,1,0,12500.0,sold,2007 Mercedes-Benz E63 AMG Sedan,Ended January 27th at 2:35 AM,"Glen Burnie, MD 21061",19.0
BMW,3 Series,Convertible,Automatic,RWD,Dealer,2008.0,83900.0,16.0,0,1,0,0,7400.0,sold,2008 BMW 328i Convertible,Ended February 11th at 4:38 AM,"Marietta, GA 30062",18.0
Porsche,718 Boxster,Convertible,Automatic,RWD,Private Party,2018.0,23800.0,27.0,0,1,1,0,39250.0,sold,2018 Porsche 718 Boxster,Ended January 22nd at 4:36 AM,"Spring, TX 77381",8.0
BMW,1 Series,Coupe,Manual,RWD,Dealer,2012.0,125800.0,53.0,1,1,0,1,13600.0,sold,2012 BMW 135i Coupe,Ended January 1st at 3:02 AM,"Orlando, FL 32820",14.0
Porsche,991 911,Convertible,Automatic,RWD,Private Party,2019.0,43900.0,53.0,0,1,1,0,73000.0,sold,2019 Porsche 911 Carrera Cabriolet,Ended January 3rd at 4:46 AM,"Sarasota, FL 34234",7.0
Lexus,LX,SUV/Crossover,Automatic,4WD/AWD,Private Party,2003.0,127700.0,18.0,0,0,1,1,21000.0,sold,2003 Lexus LX 470,Ended February 6th at 4:12 AM,"White Plains, NY 10606",23.0
Mercedes-Benz,CL AMG,Convertible,Automatic,4WD/AWD,Private Party,2025.0,6000.0,27.0,0,0,1,0,76000.0,sold,2025 Mercedes-AMG CLE53 Cabriolet,Ended February 10th at 3:41 AM,"Greenville, SC 29601",1.0
Rossion,Q1,Coupe,Manual,RWD,Dealer,2009.0,16300.0,32.0,1,1,0,0,63000.0,sold,2009 Rossion Q1,"Ended December 11th, 2025 at 2:31 AM","Saint Louis, MO 63132",17.0
BMW,3 Series,Coupe,Manual,RWD,Private Party,1982.0,193400.0,33.0,1,1,1,1,14100.0,sold,1982 BMW 320i Sport,Ended January 10th at 4:54 AM,"Calabasas, CA 91302",44.0
Subaru,Impreza,Hatchback,Manual,4WD/AWD,Private Party,2013.0,65500.0,43.0,1,0,1,0,13600.0,sold,2013 Subaru Impreza WRX Hatchback,Ended January 10th at 2:58 AM,"Daleville, AL 36322",13.0
Porsche,Cayenne,SUV/Crossover,Automatic,4WD/AWD,Private Party,2006.0,138700.0,37.0,0,0,1,1,16450.0,sold,2006 Porsche Cayenne S Titanium Edition,"Ended November 20th, 2025 at 3:32 AM","San Diego, CA 92104",20.0
Subaru,BRZ,Coupe,Manual,RWD,Private Party,2014.0,103500.0,21.0,1,1,1,1,10000.0,sold,2014 Subaru BRZ Limited,"Ended December 24th, 2025 at 3:38 AM","Carmichael, CA 95608",12.0
Porsche,996 911,Convertible,Automatic,RWD,Private Party,1999.0,75900.0,15.0,0,1,1,0,19113.0,sold,1999 Porsche 911 Carrera Cabriolet,"Ended December 3rd, 2025 at 4:37 AM","Salt Lake City, UT 84116",27.0
Porsche,996 911,Convertible,Manual,4WD/AWD,Private Party,2004.0,42800.0,8.0,1,0,1,0,60000.0,sold,2004 Porsche 911 Turbo Cabriolet,Ended January 21st at 5:24 AM,"Littleton, CO 80121",22.0
Mercedes-Benz,GLC AMG,SUV/Crossover,Automatic,4WD/AWD,Private Party,2021.0,40100.0,37.0,0,0,1,0,50500.0,sold,2021 Mercedes-AMG GLC 63,Ended February 25th at 3:45 AM,"Las Vegas, NV 89135",5.0
Mazda,ND Miata,Convertible,Manual,RWD,Private Party,2018.0,36100.0,31.0,1,1,1,0,22000.0,sold,2018 Mazda MX-5 Miata Club,"Ended November 12th, 2025 at 4:28 AM","San Mateo, CA 94402",8.0
Ford,Mustang,Coupe,Manual,RWD,Private Party,2018.0,25100.0,26.0,1,1,1,0,37359.0,sold,2018 Ford Mustang Shelby GT350,Ended January 7th at 3:07 AM,"Dearborn, MI 48120",8.0
Toyota,Century,Sedan,Automatic,RWD,Private Party,1997.0,107000.0,27.0,0,1,1,1,12750.0,sold,1997 Toyota Century,"Ended October 16th, 2025 at 3:32 AM","Miami, FL 33193",29.0
Volkswagen,Tiguan,SUV/Crossover,Manual,FWD,Private Party,2013.0,89100.0,9.0,1,0,1,0,3800.0,sold,2013 Volkswagen Tiguan S,Ended February 17th at 4:30 AM,"Plainsboro, NJ 08536",13.0
Porsche,Macan,SUV/Crossover,Automatic,4WD/AWD,Dealer,2017.0,49600.0,36.0,0,0,0,0,26888.0,sold,2017 Porsche Macan Turbo,Ended January 10th at 3:29 AM,"Jacksonville, OR 97530",9.0
Mercedes-Benz,E-Class,Coupe,Automatic,RWD,Private Party,2014.0,59900.0,39.0,0,1,1,0,15250.0,sold,2014 Mercedes-Benz E550 Coupe,"Ended November 27th, 2025 at 3:01 AM","Solana Beach, CA 92075",12.0
Porsche,992 911,Coupe,Automatic,RWD,Private Party,2024.0,3200.0,24.0,0,1,1,0,145500.0,sold,2024 Porsche 911 Carrera S Coupe,Ended February 4th at 4:52 AM,"Evans, GA 30809",2.0
Pontiac,Firebird,Coupe,Automatic,RWD,Private Party,1989.0,39000.0,41.0,0,1,1,0,33250.0,sold,1989 Pontiac Firebird 20th Anniversary Turbo Trans Am,Ended February 27th at 3:41 AM,"Tempe, AZ 85281",37.0
BMW,E39 M5,Sedan,Manual,RWD,Private Party,2003.0,170300.0,31.0,1,1,1,1,15250.0,sold,2003 BMW M5,Ended February 7th at 4:33 AM,"Davenport, FL 33837",23.0
Mitsubishi,Lancer Evolution,Sedan,Automatic,4WD/AWD,Private Party,2008.0,85000.0,36.0,0,0,1,0,20269.0,sold,2008 Mitsubishi Lancer Evolution X MR,Ended January 16th at 4:41 AM,"Oakley, CA 94561",18.0
Audi,S5,Coupe,Automatic,4WD/AWD,Private Party,2015.0,93600.0,61.0,0,0,1,0,20000.0,sold,2015 Audi S5 Coupe Premium Plus,"Ended November 15th, 2025 at 4:51 AM","Victoria, MN 55386",11.0
Suzuki,Vitara,SUV/Crossover,Manual,RWD,Private Party,2000.0,114200.0,29.0,1,1,1,1,5712.0,sold,2000 Suzuki Vitara,"Ended November 15th, 2025 at 2:34 AM","Martinez, CA 94553",26.0
BMW,Z4,Convertible,Automatic,RWD,Dealer,2011.0,52500.0,30.0,0,1,0,0,24750.0,sold,2011 BMW Z4 sDrive35is,"Ended October 28th, 2025 at 2:45 AM","King Of Prussia, PA 19406",15.0
Bentley,Continental,Sedan,Automatic,4WD/AWD,Private Party,2013.0,79100.0,19.0,0,0,1,0,30750.0,sold,2013 Bentley Continental Flying Spur Speed,"Ended December 2nd, 2025 at 4:45 AM","Lake Forest, CA 92630",13.0
Subaru,Legacy,Wagon,Manual,4WD/AWD,Private Party,2000.0,58100.0,32.0,1,0,1,0,11000.0,sold,2000 Subaru Legacy GT-B E-Tune Wagon,Ended January 22nd at 4:59 AM,"Las Vegas, NV 89149",26.0
Nissan,Maxima,Sedan,Automatic,FWD,Dealer,1989.0,108100.0,25.0,0,0,0,1,5200.0,sold,1989 Nissan Maxima,"Ended December 31st, 2025 at 3:03 AM","Marietta, GA 30060",37.0
Nissan,President,Sedan,Automatic,RWD,Dealer,1992.0,88500.0,4.0,0,1,0,0,4600.0,sold,1992 Nissan President,"Ended November 21st, 2025 at 3:18 AM","Miami, FL 33142",34.0
Toyota,Land Cruiser,Truck,Manual,4WD/AWD,Dealer,1981.0,192700.0,45.0,1,0,0,1,20250.0,sold,1981 Toyota Land Cruiser Pickup 4x4,Ended January 10th at 2:36 AM,"Lynnwood, WA 98036",45.0
Porsche,Macan,SUV/Crossover,Automatic,4WD/AWD,Dealer,2015.0,122300.0,47.0,0,0,0,1,14250.0,sold,2015 Porsche Macan S,Ended January 28th at 4:26 AM,"Savannah, GA 31405",11.0
Porsche,996 911,Convertible,Manual,RWD,Dealer,2001.0,76500.0,36.0,1,1,0,0,18000.0,sold,2001 Porsche 911 Carrera Cabriolet,"Ended November 15th, 2025 at 4:15 AM","Portland, OR 97220",25.0
Honda,Prelude,Coupe,Manual,FWD,Dealer,1995.0,58300.0,45.0,1,0,0,0,18500.0,sold,1995 Honda Prelude Si VTEC Sports Stage Version R,Ended February 4th at 4:45 AM,"Phoenix, AZ 85040",31.0
BMW,E36 M3,Coupe,Manual,RWD,Private Party,1999.0,181800.0,15.0,1,1,1,1,14000.0,sold,1999 BMW M3 Coupe,"Ended October 21st, 2025 at 1:35 AM","Pacifica, CA 94044",27.0
BMW,X5,SUV/Crossover,Automatic,RWD,Dealer,2016.0,138700.0,36.0,0,1,0,1,9200.0,sold,2016 BMW X5 sDrive35i,Ended January 3rd at 4:07 AM,"Pompano Beach, FL 33060",10.0
Volkswagen,Golf,Wagon,Manual,FWD,Dealer,2015.0,136900.0,28.0,1,0,0,1,7700.0,sold,2015 Volkswagen Golf SportWagen TDI S,"Ended November 14th, 2025 at 3:32 AM","Orlando, FL 32820",11.0
Audi,B5 S4,Sedan,Manual,4WD/AWD,Private Party,2000.0,172000.0,44.0,1,0,1,1,8100.0,sold,2000 Audi S4 Sedan,"Ended November 13th, 2025 at 4:30 AM","Plainfield, IL 60586",26.0
BMW,3 Series,Wagon,Manual,RWD,Private Party,2002.0,95800.0,56.0,1,1,1,0,21500.0,sold,2002 BMW 325i Touring,Ended January 9th at 4:43 AM,"Middlebury, CT 06762",24.0
Mazda,MPV,Van/Minivan,Automatic,4WD/AWD,Dealer,1998.0,130200.0,48.0,0,0,0,1,8000.0,sold,1998 Mazda MPV All Sport 4x4,"Ended December 17th, 2025 at 2:52 AM","San Diego, CA 92122",28.0
Bentley,Flying Spur,Sedan,Automatic,4WD/AWD,Private Party,2006.0,49100.0,37.0,0,0,1,0,16000.0,sold,2006 Bentley Continental Flying Spur,"Ended December 4th, 2025 at 4:00 AM","Cartersville, GA 30120",20.0
Nissan,Silvia,Coupe,Manual,RWD,Private Party,1999.0,62400.0,58.0,1,1,1,0,30250.0,sold,1999 Nissan Silvia Spec-R,Ended January 7th at 4:57 AM,"Newport Beach, CA 92660",27.0
Ford,Mustang,Coupe,Manual,RWD,Dealer,2012.0,72100.0,58.0,1,1,0,0,15250.0,sold,2012 Ford Mustang GT Premium Coupe,"Ended November 20th, 2025 at 3:49 AM","Orlando, FL 32820",14.0
Honda,Beat,Convertible,Manual,RWD,Private Party,1991.0,92100.0,41.0,1,1,1,0,9007.0,sold,1991 Honda Beat,Ended February 21st at 3:30 AM,"Miami, FL 33155",35.0
BMW,E9X M3,Coupe,Automatic,RWD,Private Party,2008.0,156300.0,51.0,0,1,1,1,23500.0,sold,2008 BMW M3 Coupe,Ended February 25th at 4:40 AM,"Tipp City, OH 45371",18.0
Honda,Insight,Coupe,Manual,FWD,Dealer,2000.0,98800.0,41.0,1,0,0,0,5800.0,sold,2000 Honda Insight,Ended February 20th at 4:49 AM,"Branford, CT 06405",26.0
MINI,Classic Mini,Convertible,Manual,FWD,Private Party,1985.0,63000.0,20.0,1,0,1,0,8800.0,sold,1985 Austin Mini Mayfair Convertible,"Ended November 12th, 2025 at 3:43 AM","Arlington, VA 22204",41.0
Toyota,Hilux,Truck,Manual,4WD/AWD,Private Party,1993.0,3300.0,15.0,1,0,1,0,30000.0,sold,1993 Toyota Hilux SSR 4x4,"Ended December 20th, 2025 at 4:06 AM","Sugar Land, TX 77479",33.0
BMW,7 Series,Sedan,Automatic,4WD/AWD,Private Party,2015.0,65600.0,36.0,0,0,1,0,16250.0,sold,2015 BMW 750i xDrive,"Ended October 18th, 2025 at 2:26 AM","Fort Worth, TX 76107",11.0
Volkswagen,Jetta,Sedan,Manual,FWD,Private Party,2013.0,94600.0,51.0,1,0,1,0,9100.0,sold,2013 Volkswagen Jetta TDI,Ended January 13th at 4:10 AM,"Kent, WA 98030",13.0
BMW,1 Series,Coupe,Manual,RWD,Private Party,2008.0,143000.0,53.0,1,1,1,1,10000.0,sold,2008 BMW 135i Coupe,"Ended November 21st, 2025 at 3:42 AM","Austin, TX 78741",18.0
Arcimoto,FUV,Coupe,Automatic,FWD,Private Party,2020.0,7300.0,16.0,0,0,1,0,6500.0,sold,2020 Arcimoto FUV,Ended February 7th at 4:38 AM,"Delray Beach, FL 33445",6.0
Porsche,Macan,SUV/Crossover,Automatic,4WD/AWD,Dealer,2015.0,125800.0,40.0,0,0,0,1,12259.0,sold,2015 Porsche Macan S,Ended February 4th at 4:08 AM,"Northbrook, IL 60062",11.0
Jeep,Wrangler,SUV/Crossover,Automatic,4WD/AWD,Private Party,2006.0,109400.0,29.0,0,0,1,1,15250.0,sold,2006 Jeep Wrangler Unlimited 4x4,"Ended October 29th, 2025 at 3:31 AM","Clarkesville, GA 30523",20.0
Ford,Bronco,SUV/Crossover,Automatic,4WD/AWD,Private Party,1996.0,130100.0,14.0,0,0,1,1,19250.0,sold,1996 Ford Bronco Eddie Bauer 4x4,"Ended October 25th, 2025 at 2:48 AM","Saint Michael, MN 55376",30.0
Toyota,Tacoma,Truck,Automatic,4WD/AWD,Private Party,2015.0,89600.0,43.0,0,0,1,0,26666.0,sold,2015 Toyota Tacoma TRD Off-Road Double Cab 4x4,Ended February 17th at 2:45 AM,"Wheat Ridge, CO 80033",11.0
Volkswagen,Passat,Wagon,Automatic,4WD/AWD,Private Party,2007.0,78700.0,41.0,0,0,1,0,7750.0,sold,2007 Volkswagen Passat VR6 4Motion Wagon,Ended January 21st at 5:46 AM,"Cincinnati, OH 45219",19.0
Ferrari,308,Convertible,Manual,RWD,Private Party,1984.0,58600.0,34.0,1,1,1,0,60500.0,sold,1984 Ferrari 308 GTSi Quattrovalvole,"Ended October 18th, 2025 at 4:04 AM","San Diego, CA 92103",42.0
Audi,A4,Sedan,Manual,4WD/AWD,Private Party,2006.0,65400.0,64.0,1,0,1,0,15250.0,sold,2006 Audi A4 3.2 Quattro Sedan,"Ended December 9th, 2025 at 3:34 AM","Hamilton, OH 45013",20.0
Audi,Q7,SUV/Crossover,Automatic,4WD/AWD,Private Party,2017.0,77300.0,36.0,0,0,1,0,14400.0,sold,2017 Audi Q7 Prestige,"Ended December 3rd, 2025 at 3:13 AM","Brooklyn, NY 11234",9.0
Audi,S7,Sedan,Automatic,4WD/AWD,Dealer,2014.0,67800.0,55.0,0,0,0,0,25250.0,sold,2014 Audi S7,"Ended November 7th, 2025 at 3:08 AM","Grand Rapids, MI 49548",12.0
Alfa Romeo,164,Sedan,Automatic,FWD,Private Party,1991.0,153300.0,30.0,0,0,1,1,4564.0,sold,1991 Alfa Romeo 164L,"Ended October 24th, 2025 at 2:20 AM","Loomis, CA 95650",35.0
Mercedes-Benz,W211 E55 AMG,Sedan,Automatic,RWD,Private Party,2004.0,112600.0,36.0,0,1,1,1,10600.0,sold,2004 Mercedes-Benz E55 AMG Sedan,"Ended October 31st, 2025 at 3:16 AM","Clovis, NM 88101",22.0
Dodge,Ram,Truck,Manual,4WD/AWD,Private Party,1996.0,143000.0,28.0,1,0,1,1,18000.0,sold,1996 Dodge Ram 2500 Laramie SLT 4x4,"Ended November 20th, 2025 at 2:46 AM","Newark, CA 94560",30.0
Volkswagen,Golf R,Hatchback,Manual,4WD/AWD,Private Party,2016.0,135500.0,23.0,1,0,1,1,14300.0,sold,2016 Volkswagen Golf R,"Ended December 30th, 2025 at 3:42 AM","San Rafael, CA 94903",10.0
Jaguar,XJS,Coupe,Automatic,RWD,Private Party,1988.0,54600.0,22.0,0,1,1,0,8100.0,sold,1988 Jaguar XJS V12 Coupe,"Ended December 9th, 2025 at 2:36 AM","Lakeside, CA 92040",38.0
Mercedes-Benz,E-Class,Coupe,Automatic,RWD,Private Party,1978.0,150200.0,41.0,0,1,1,1,16333.0,sold,1978 Mercedes-Benz 300CD,"Ended November 7th, 2025 at 4:37 AM","Lakewood, WA 98498",48.0
Land Rover,Range Rover,SUV/Crossover,Automatic,4WD/AWD,Dealer,2016.0,65400.0,25.0,0,0,0,0,25250.0,sold,2016 Range Rover Td6,"Ended October 29th, 2025 at 3:52 AM","King Of Prussia, PA 19406",10.0
Honda,Acty,Truck,Manual,4WD/AWD,Dealer,1994.0,48500.0,20.0,1,0,0,0,5100.0,sold,1994 Honda Acty SDX 4WD,"Ended October 21st, 2025 at 3:11 AM","Boyds, MD 20841",32.0
Maserati,Ghibli,Sedan,Automatic,RWD,Private Party,2017.0,41900.0,50.0,0,1,1,0,15750.0,sold,2017 Maserati Ghibli,Ended February 17th at 4:39 AM,"Los Altos, CA 94024",9.0
Toyota,Crown,Sedan,Automatic,RWD,Private Party,2000.0,73600.0,35.0,0,1,1,0,8100.0,sold,2000 Toyota Crown Royal Saloon,"Ended November 15th, 2025 at 2:48 AM","Richardson, TX 75082",26.0
BMW,5 Series,Wagon,Manual,4WD/AWD,Dealer,2007.0,158300.0,7.0,1,0,0,1,6200.0,sold,2007 BMW 530xi Sports Wagon,"Ended December 2nd, 2025 at 4:20 AM","San Diego, CA 92121",19.0
Toyota,MR2,Coupe,Manual,RWD,Private Party,1993.0,173100.0,41.0,1,1,1,1,15000.0,sold,1993 Toyota MR2 Turbo,"Ended December 31st, 2025 at 2:41 AM","Norfolk, VA 23503",33.0
Audi,A4,Wagon,Automatic,4WD/AWD,Private Party,2012.0,94400.0,76.0,0,0,1,0,15250.0,sold,2012 Audi A4 Avant 2.0T Quattro Premium Plus,"Ended November 14th, 2025 at 3:20 AM","Martinez, CA 94553",14.0
Honda,Civic,Sedan,Manual,FWD,Private Party,2009.0,149000.0,42.0,1,0,1,1,8200.0,sold,2009 Honda Civic Si Sedan,"Ended December 18th, 2025 at 2:44 AM","Hilliard, OH 43026",17.0
BMW,8 Series,Coupe,Automatic,RWD,Private Party,1991.0,104600.0,26.0,0,1,1,1,9000.0,sold,1991 BMW 850i,"Ended October 31st, 2025 at 1:50 AM","Ottawa, Ontario, Canada",35.0
Porsche,997 911,Coupe,Automatic,RWD,Private Party,2005.0,97500.0,43.0,0,1,1,0,33250.0,sold,2005 Porsche 911 Carrera Coupe,"Ended December 30th, 2025 at 3:16 AM","Novato, CA 94949",21.0
Toyota,MR2,Coupe,Manual,RWD,Private Party,1993.0,118400.0,41.0,1,1,1,1,18500.0,sold,1993 Toyota MR2 Turbo,"Ended October 25th, 2025 at 2:37 AM","Livonia, MI 48152",33.0
Lincoln,Mark V,Coupe,Automatic,RWD,Private Party,1978.0,18200.0,17.0,0,1,1,0,10300.0,sold,1978 Lincoln Continental Mark V,Ended February 5th at 3:38 AM,"Brooklyn, NY 11224",48.0
Land Rover,Series III,SUV/Crossover,Manual,4WD/AWD,Private Party,1984.0,191100.0,43.0,1,0,1,1,27500.0,sold,1984 Land Rover Series III,"Ended December 3rd, 2025 at 4:46 AM","Carlsbad, CA 92009",42.0
Volvo,C70,Convertible,Automatic,FWD,Dealer,2012.0,69600.0,13.0,0,0,0,0,6600.0,sold,2012 Volvo C70 T5,"Ended November 18th, 2025 at 4:06 AM","Great Neck, NY 11023",14.0
Toyota,Tacoma,Truck,Manual,4WD/AWD,Dealer,1998.0,104900.0,36.0,1,0,0,1,17577.0,sold,1998 Toyota Tacoma SR5 XtraCab 4x4,Ended February 14th at 3:45 AM,"Memphis, TN 38134",28.0
Toyota,FJ Cruiser,SUV/Crossover,Automatic,4WD/AWD,Private Party,2008.0,182100.0,15.0,0,0,1,1,11400.0,sold,2008 Toyota FJ Cruiser,"Ended October 15th, 2025 at 3:22 AM","Charlottesville, VA 22903",18.0
Toyota,Land Cruiser,SUV/Crossover,Manual,4WD/AWD,Private Party,1984.0,100100.0,29.0,1,0,1,1,25250.0,sold,1984 Toyota Land Cruiser,"Ended October 24th, 2025 at 3:02 AM","Oakland, CA 94611",42.0
Mercedes-Benz,S-Class,Sedan,Automatic,4WD/AWD,Private Party,2011.0,51200.0,34.0,0,0,1,0,15250.0,sold,2011 Mercedes-Benz S550 4Matic,"Ended October 28th, 2025 at 3:00 AM","North Reading, MA 01864",15.0
Mercedes-Benz,S-Class,Sedan,Automatic,RWD,Private Party,1988.0,159600.0,26.0,0,1,1,1,6300.0,sold,1988 Mercedes-Benz 420SEL,"Ended November 26th, 2025 at 5:03 AM","Palm Desert, CA 92211",38.0
Chevrolet,C6 Corvette,Coupe,Manual,RWD,Private Party,2007.0,57700.0,25.0,1,1,1,0,23000.0,sold,2007 Chevrolet Corvette Coupe,"Ended October 31st, 2025 at 3:47 AM","Herrin, IL 62948",19.0
Ferrari,360,Coupe,Automatic,RWD,Dealer,2000.0,14000.0,38.0,0,1,0,0,78000.0,sold,2000 Ferrari 360 Modena,"Ended December 20th, 2025 at 5:06 AM","Issaquah, WA 98027",26.0
GMC,Yukon,SUV/Crossover,Automatic,4WD/AWD,Dealer,2004.0,111800.0,30.0,0,0,0,1,16850.0,sold,2004 GMC Yukon XL 2500 SLE 4x4,"Ended November 20th, 2025 at 3:37 AM","Tulsa, OK 74115",22.0
Chevrolet,C4 Corvette,Coupe,Automatic,RWD,Dealer,1992.0,24600.0,19.0,0,1,0,0,9600.0,sold,1992 Chevrolet Corvette Coupe,"Ended October 21st, 2025 at 2:11 AM","Huntington Beach, CA 92648",34.0
Toyota,Land Cruiser,SUV/Crossover,Automatic,4WD/AWD,Private Party,2002.0,344200.0,45.0,0,0,1,1,10000.0,sold,2002 Toyota Land Cruiser,Ended March 3rd at 3:16 AM,"Ringgold, GA 30736",24.0
Land Rover,LR4,SUV/Crossover,Automatic,4WD/AWD,Private Party,2010.0,130900.0,29.0,0,0,1,1,7600.0,sold,2010 Land Rover LR4 HSE,"Ended December 10th, 2025 at 4:14 AM","Fredericksburg, VA 22401",16.0
BMW,E9X M3,Convertible,Manual,RWD,Private Party,2011.0,34800.0,50.0,1,1,1,0,32557.0,sold,2011 BMW M3 Convertible,"Ended October 16th, 2025 at 3:56 AM","Irvine, CA 92620",15.0
BMW,3 Series,Sedan,Automatic,RWD,Private Party,2011.0,98600.0,26.0,0,1,1,0,6900.0,sold,2011 BMW 335i Sedan,"Ended October 30th, 2025 at 3:10 AM","Gaithersburg, MD 20878",15.0
Audi,Allroad,Wagon,Automatic,4WD/AWD,Private Party,2005.0,128000.0,10.0,0,0,1,1,4100.0,sold,2005 Audi Allroad Quattro,"Ended October 18th, 2025 at 2:14 AM","Radford, VA 24141",21.0
Tesla,Model S,Sedan,Automatic,4WD/AWD,Private Party,2022.0,14100.0,43.0,0,0,1,0,43550.0,sold,2022 Tesla Model S Long Range,"Ended October 16th, 2025 at 2:06 AM","Hurst, TX 76054",4.0
Porsche,987 Boxster,Convertible,Manual,RWD,Dealer,2007.0,34500.0,32.0,1,1,0,0,27169.0,sold,2007 Porsche Boxster S,Ended February 10th at 4:54 AM,"West Chester, PA 19382",19.0
Porsche,Cayenne,SUV/Crossover,Automatic,4WD/AWD,Private Party,2015.0,72600.0,22.0,0,0,1,0,27000.0,sold,2015 Porsche Cayenne Diesel,Ended January 8th at 3:36 AM,"Dallas, TX 75230",11.0
BMW,E46 M3,Convertible,Automatic,RWD,Dealer,2003.0,27800.0,35.0,0,1,0,0,27000.0,sold,2003 BMW M3 Convertible,Ended January 3rd at 3:51 AM,"Littleton, CO 80120",23.0
Subaru,Legacy,Wagon,Automatic,4WD/AWD,Private Party,1999.0,86900.0,13.0,0,0,1,0,4000.0,sold,1999 Subaru Legacy Outback,Ended February 28th at 4:18 AM,"Arroyo Grande, CA 93420",27.0
Mercedes-Benz,G Wagen,SUV/Crossover,Automatic,4WD/AWD,Dealer,2024.0,7000.0,29.0,0,0,0,0,150000.0,sold,2024 Mercedes-Benz G550 Final Edition,"Ended December 6th, 2025 at 3:43 AM","West Chester, PA 19382",2.0
Toyota,Tacoma,Truck,Manual,4WD/AWD,Private Party,2024.0,10200.0,19.0,1,0,1,0,40251.0,sold,2024 Toyota Tacoma TRD Off-Road Double Cab 4x4,Ended January 8th at 2:48 AM,"Yorba Linda, CA 92886",2.0
Mercedes-Benz,C-Class,Sedan,Automatic,RWD,Private Party,2005.0,53000.0,20.0,0,1,1,0,5400.0,sold,2005 Mercedes-Benz C230 Kompressor Sport Sedan,"Ended November 8th, 2025 at 4:50 AM","Monmouth Beach, NJ 07750",21.0
Tesla,Model Y,SUV/Crossover,Automatic,4WD/AWD,Private Party,2022.0,48100.0,14.0,0,0,1,0,24500.0,sold,2022 Tesla Model Y Long Range AWD,Ended February 25th at 2:54 AM,"Rossville, TN 38066",4.0
BMW,Z3,Coupe,Manual,RWD,Private Party,1999.0,111100.0,28.0,1,1,1,1,21750.0,sold,1999 BMW Z3 M Coupe,Ended January 6th at 4:06 AM,"Jupiter, FL 33478",27.0
Toyota,RAV4,SUV/Crossover,Manual,4WD/AWD,Dealer,1999.0,121200.0,30.0,1,0,0,1,9600.0,sold,1999 Toyota RAV4 Convertible,Ended February 28th at 4:59 AM,"Miami, FL 33142",27.0
Daihatsu,Hijet,Truck,Manual,4WD/AWD,Private Party,1999.0,64700.0,24.0,1,0,1,0,6600.0,sold,1999 Daihatsu Hijet Dump Truck 4WD,"Ended November 8th, 2025 at 3:10 AM","Danbury, CT 06811",27.0
Honda,S2000,Convertible,Manual,RWD,Private Party,2002.0,49000.0,11.0,1,1,1,0,30035.0,sold,2002 Honda S2000,"Ended November 26th, 2025 at 3:30 AM","Lockeford, CA 95237",24.0
Ford,Mustang,Convertible,Automatic,RWD,Dealer,2001.0,54700.0,31.0,0,1,0,0,8027.0,sold,2001 Ford Mustang GT Convertible,"Ended December 20th, 2025 at 3:35 AM","Chantilly, VA 20152",25.0
Volvo,XC90,SUV/Crossover,Automatic,4WD/AWD,Dealer,2017.0,68400.0,26.0,0,0,0,0,26500.0,sold,2017 Volvo XC90 T8 E-AWD Excellence,Ended January 6th at 4:34 AM,"New Alexandria, PA 15670",9.0
Porsche,996 911,Convertible,Manual,RWD,Private Party,1999.0,45200.0,19.0,1,1,1,0,27000.0,sold,1999 Porsche 911 Carrera Cabriolet,"Ended December 5th, 2025 at 3:36 AM","Vista, CA 92081",27.0
Porsche,991 911,Coupe,Manual,4WD/AWD,Private Party,2014.0,36500.0,56.0,1,0,1,0,91000.0,sold,2014 Porsche 911 Carrera 4S Coupe,Ended February 26th at 3:51 AM,"St. Robert, MO 65584",12.0
Porsche,718 Boxster,Convertible,Manual,RWD,Private Party,2018.0,15600.0,55.0,1,1,1,0,56000.0,sold,2018 Porsche 718 Boxster S,"Ended November 4th, 2025 at 2:44 AM","Brownsville, TX 78526",8.0
Bentley,Continental,Convertible,Automatic,4WD/AWD,Private Party,2017.0,15100.0,52.0,0,0,1,0,87500.0,sold,2017 Bentley Continental GTC V8 S,Ended January 3rd at 4:10 AM,"Los Gatos, CA 95030",9.0
Mercedes-Benz,S-Class,Sedan,Automatic,4WD/AWD,Private Party,2010.0,147100.0,25.0,0,0,1,1,6800.0,sold,2010 Mercedes-Benz S550 4Matic,Ended February 24th at 3:47 AM,"Springfield, IL 62711",16.0
Acura,RL,Sedan,Automatic,FWD,Private Party,1998.0,78300.0,30.0,0,0,1,0,6700.0,sold,1998 Acura 3.5RL,"Ended November 14th, 2025 at 3:40 AM","Westwood, NJ 07675",28.0
Mercedes-Benz,C-Class AMG,Sedan,Automatic,RWD,Dealer,2005.0,118100.0,57.0,0,1,0,1,11300.0,sold,2005 Mercedes-Benz C55 AMG,"Ended November 14th, 2025 at 4:19 AM","Orlando, FL 32820",21.0
Suzuki,Alto,Hatchback,Manual,FWD,Private Party,1995.0,101000.0,23.0,1,0,1,1,4500.0,sold,1995 Suzuki Alto Works ie/s,"Ended November 15th, 2025 at 3:00 AM","Austin, TX 78702",31.0
Mercedes-Benz,E-Class,Wagon,Automatic,4WD/AWD,Private Party,2019.0,53000.0,35.0,0,0,1,0,37950.0,sold,2019 Mercedes-Benz E450 4Matic Wagon,Ended January 6th at 3:03 AM,"South San Francisco, CA 94080",7.0
Ferrari,360,Convertible,Automatic,RWD,Private Party,2001.0,22600.0,25.0,0,1,1,0,82500.0,sold,2001 Ferrari 360 Spider,"Ended December 30th, 2025 at 4:23 AM","Berkley, MA 02779",25.0
Mercedes-Benz,C-Class,Sedan,Automatic,RWD,Private Party,2005.0,87200.0,28.0,0,1,1,0,5000.0,sold,2005 Mercedes-Benz C230 Kompressor Sport Sedan,Ended January 27th at 2:46 AM,"East Islip, NY 11730",21.0
Mercedes-Benz,GLA AMG,SUV/Crossover,Automatic,4WD/AWD,Private Party,2016.0,71200.0,33.0,0,0,1,0,22000.0,sold,2016 Mercedes-AMG GLA45,Ended February 10th at 4:00 AM,"Las Vegas, NV 89103",10.0
Ford,Transit,Van/Minivan,Automatic,4WD/AWD,Private Party,2020.0,31200.0,96.0,0,0,1,0,52500.0,sold,2020 Ford Transit 150 XLT AWD,"Ended December 20th, 2025 at 4:49 AM","Dupont, WA 98327",6.0
Volkswagen,Golf,Wagon,Manual,4WD/AWD,Private Party,2019.0,76100.0,20.0,1,0,1,0,16500.0,sold,2019 Volkswagen Golf Alltrack S,"Ended October 17th, 2025 at 2:37 AM","Carbondale, CO 81623",7.0
Ferrari,California,Convertible,Automatic,RWD,Private Party,2010.0,77800.0,35.0,0,1,1,0,58500.0,sold,2010 Ferrari California,Ended January 3rd at 4:54 AM,"Ben Lomond, CA 95005",16.0
Porsche,981 Boxster,Convertible,Manual,RWD,Private Party,2015.0,22600.0,31.0,1,1,1,0,25750.0,sold,2015 Porsche Boxster,"Ended November 25th, 2025 at 3:28 AM","Houston, TX 77007",11.0
Volkswagen,Beetle,Truck,Automatic,FWD,Private Party,2000.0,89500.0,45.0,0,0,1,0,12000.0,sold,2000 Volkswagen New Beetle 1.8T,"Ended October 25th, 2025 at 4:12 AM","Southampton, PA 18966",26.0
Porsche,981 Boxster,Convertible,Manual,RWD,Private Party,2016.0,19800.0,31.0,1,1,1,0,105481.0,sold,2016 Porsche Boxster Spyder,"Ended November 15th, 2025 at 3:32 AM","Birmingham, AL 35213",10.0
Jaguar,F-Type,Coupe,Automatic,4WD/AWD,Private Party,2018.0,34700.0,12.0,0,0,1,0,51000.0,sold,2018 Jaguar F-Type SVR Coupe,"Ended December 9th, 2025 at 2:42 AM","Portland, OR 97209",8.0
Volkswagen,Mk7 GTI,Hatchback,Manual,FWD,Private Party,2020.0,41200.0,35.0,1,0,1,0,18250.0,sold,2020 Volkswagen GTI S,"Ended October 29th, 2025 at 3:43 AM","Riverton, UT 84065",6.0
Volvo,V70,Wagon,Automatic,4WD/AWD,Private Party,2006.0,136000.0,33.0,0,0,1,1,8000.0,sold,2006 Volvo V70R,Ended January 22nd at 2:43 AM,"Edmonds, WA 98020",20.0
Porsche,Macan,SUV/Crossover,Automatic,4WD/AWD,Dealer,2015.0,114400.0,44.0,0,0,0,1,13623.0,sold,2015 Porsche Macan S,"Ended November 1st, 2025 at 2:46 AM","Pompano Beach, FL 33060",11.0
Audi,R8,Convertible,Automatic,RWD,Private Party,2014.0,76500.0,13.0,0,1,1,0,66050.0,sold,2014 Audi R8 V10 Spyder,"Ended November 22nd, 2025 at 2:55 AM","Boise, ID 83709",12.0
Porsche,Cayenne,SUV/Crossover,Manual,4WD/AWD,Private Party,2014.0,82000.0,51.0,1,0,1,0,70000.0,sold,2014 Porsche Cayenne,"Ended December 9th, 2025 at 2:59 AM","Palm City, FL 34990",12.0
Subaru,WRX STI,Sedan,Manual,4WD/AWD,Dealer,1998.0,117200.0,41.0,1,0,0,1,13600.0,sold,1998 Subaru Impreza WRX STI,Ended February 25th at 3:25 AM,"Ceres, CA 95307",28.0
Mercedes-Benz,R129 SL,Convertible,Automatic,RWD,Private Party,1999.0,90000.0,44.0,0,1,1,0,11200.0,sold,1999 Mercedes-Benz SL500,Ended January 29th at 3:59 AM,"Sewell, NJ 08080",27.0
Honda,Civic,Sedan,Manual,FWD,Dealer,2003.0,88900.0,26.0,1,0,0,0,6700.0,sold,2003 Honda Civic Hybrid,Ended January 6th at 4:44 AM,"Beaverton, OR 97007",23.0
Subaru,WRX,Sedan,Manual,4WD/AWD,Private Party,2022.0,27100.0,39.0,1,0,1,0,22500.0,sold,2022 Subaru WRX,Ended February 26th at 2:46 AM,"Libertyville, IL 60048",4.0
Nissan,Gloria,Sedan,Automatic,RWD,Dealer,1999.0,42000.0,12.0,0,1,0,0,6700.0,sold,1999 Nissan Gloria Ultima,"Ended October 30th, 2025 at 1:58 AM","Tacoma, WA 98409",27.0
Porsche,997 911,Coupe,Manual,RWD,Private Party,2006.0,186400.0,24.0,1,1,1,1,20997.0,sold,2006 Porsche 911 Carrera Coupe,"Ended November 12th, 2025 at 4:10 AM","Malden, MA 02148",20.0
Nissan,240SX,Coupe,Manual,RWD,Private Party,1989.0,166000.0,11.0,1,1,1,1,11225.0,sold,1989 Nissan 240SX SE,Ended February 6th at 3:38 AM,"Birmingham, AL 35242",37.0
Jaguar,XF,Sedan,Automatic,RWD,Private Party,2012.0,83000.0,37.0,0,1,1,0,10000.0,sold,2012 Jaguar XF Supercharged,Ended January 17th at 3:43 AM,"Fort Mill, SC 29707",14.0
Lexus,LX,SUV/Crossover,Automatic,4WD/AWD,Private Party,2002.0,300300.0,38.0,0,0,1,1,12900.0,sold,2002 Lexus LX 470,Ended February 12th at 3:32 AM,"Marietta, GA 30060",24.0
Porsche,Cayenne,SUV/Crossover,Manual,4WD/AWD,Private Party,2009.0,154800.0,24.0,1,0,1,1,35000.0,sold,2009 Porsche Cayenne GTS,"Ended November 6th, 2025 at 2:34 AM","Monroe, WA 98272",17.0
Lexus,IS F,Sedan,Automatic,RWD,Private Party,2011.0,137500.0,22.0,0,1,1,1,24500.0,sold,2011 Lexus IS F,Ended February 27th at 2:54 AM,"North Billerica, MA 01862",15.0
Toyota,HiAce,Van/Minivan,Automatic,4WD/AWD,Private Party,1994.0,71600.0,31.0,0,0,1,0,15500.0,sold,1994 Toyota HiAce Super Custom Limited 4WD,Ended February 4th at 2:50 AM,"Gig Harbor, WA 98329",32.0
Lexus,LX,SUV/Crossover,Automatic,4WD/AWD,Dealer,2004.0,276800.0,20.0,0,0,0,1,9000.0,sold,2004 Lexus LX 470,"Ended October 23rd, 2025 at 3:11 AM","Pompano Beach, FL 33060",22.0
Volkswagen,Golf R,Hatchback,Manual,4WD/AWD,Private Party,2013.0,94800.0,38.0,1,0,1,0,12000.0,sold,2013 Volkswagen Golf R,Ended February 4th at 4:36 AM,"Seattle, WA 98146",13.0
BMW,E46 M3,Coupe,Manual,RWD,Private Party,2001.0,156800.0,35.0,1,1,1,1,22250.0,sold,2001 BMW M3 Coupe,"Ended December 13th, 2025 at 4:55 AM","Portland, OR 97212",25.0
Porsche,986 Boxster,Convertible,Manual,RWD,Private Party,2003.0,99100.0,46.0,1,1,1,0,13901.0,sold,2003 Porsche Boxster S,"Ended November 1st, 2025 at 3:34 AM","Owens Cross Roads, AL 35763",23.0
Toyota,Land Cruiser,SUV/Crossover,Automatic,4WD/AWD,Dealer,2003.0,313100.0,47.0,0,0,0,1,13000.0,sold,2003 Toyota Land Cruiser,"Ended November 15th, 2025 at 3:31 AM","Boyds, MD 20841",23.0
Mercedes-Benz,C-Class,Sedan,Automatic,RWD,Dealer,2003.0,49800.0,18.0,0,1,0,0,5000.0,sold,2003 Mercedes-Benz C240 Sedan,"Ended November 20th, 2025 at 4:30 AM","Beverly Hills, CA 90210",23.0
Mazda,NA Miata,Convertible,Manual,RWD,Private Party,1990.0,24100.0,17.0,1,1,1,0,12900.0,sold,1990 Mazda MX-5 Miata,"Ended December 12th, 2025 at 3:18 AM","Kennewick, WA 99336",36.0
BMW,3 Series,Hatchback,Manual,RWD,Private Party,1998.0,105000.0,5.0,1,1,1,1,3500.0,sold,1998 BMW 318ti,"Ended November 21st, 2025 at 4:10 AM","Naples, FL 34117",28.0
Land Rover,Range Rover,SUV/Crossover,Automatic,4WD/AWD,Private Party,2008.0,130400.0,40.0,0,0,1,1,9000.0,sold,2008 Range Rover HSE,"Ended October 17th, 2025 at 2:20 AM","Carson City, NV 89706",18.0
Nissan,Leopard,Sedan,Automatic,RWD,Private Party,1997.0,10600.0,63.0,0,1,1,0,19500.0,sold,1997 Nissan Leopard XV,"Ended November 14th, 2025 at 3:29 AM","Cumming, GA 30028",29.0
Cadillac,Escalade,Truck,Automatic,4WD/AWD,Dealer,2007.0,177600.0,21.0,0,0,0,1,6969.0,sold,2007 Cadillac Escalade EXT,"Ended November 6th, 2025 at 3:43 AM","Saint George, UT 84770",19.0
BMW,3 Series,Sedan,Automatic,4WD/AWD,Private Party,2014.0,94700.0,59.0,0,0,1,0,13100.0,sold,2014 BMW 335i xDrive Sedan,"Ended December 20th, 2025 at 4:05 AM","West Palm Beach, FL 33401",12.0
Porsche,997 911,Coupe,Manual,RWD,Private Party,2008.0,28800.0,36.0,1,1,1,0,42500.0,sold,2008 Porsche 911 Carrera S Coupe,"Ended December 3rd, 2025 at 2:44 AM","York, ME 03909",18.0
Mazda,NA Miata,Convertible,Manual,RWD,Private Party,1992.0,208000.0,20.0,1,1,1,1,5600.0,sold,1992 Mazda MX-5 Miata,"Ended December 3rd, 2025 at 4:31 AM","Rocklin, CA 95765",34.0
Tesla,Model X,SUV/Crossover,Automatic,4WD/AWD,Private Party,2019.0,33600.0,18.0,0,0,1,0,29751.0,sold,2019 Tesla Model X Long Range,Ended January 7th at 3:13 AM,"Bend, OR 97703",7.0
Porsche,986 Boxster,Convertible,Automatic,RWD,Dealer,1999.0,41500.0,28.0,0,1,0,0,13400.0,sold,1999 Porsche Boxster,"Ended November 13th, 2025 at 2:48 AM","Newbury Park, CA 91320",27.0
BMW,X6,SUV/Crossover,Automatic,4WD/AWD,Private Party,2014.0,106600.0,47.0,0,0,1,1,7500.0,sold,2014 BMW X6 xDrive35i,Ended March 3rd at 2:57 AM,"Fort Lauderdale, FL 33309",12.0
Jeep,Wrangler,SUV/Crossover,Manual,4WD/AWD,Private Party,2013.0,94300.0,39.0,1,0,1,0,13000.0,sold,2013 Jeep Wrangler Unlimited Sport 4x4,Ended February 5th at 2:55 AM,"Alexandria, VA 22305",13.0
Mercedes-Benz,S-Class,Sedan,Automatic,RWD,Dealer,2017.0,77000.0,13.0,0,1,0,0,21250.0,sold,2017 Mercedes-Benz S550 Sedan,"Ended November 29th, 2025 at 4:38 AM","La Mesa, CA 91941",9.0
Tesla,Model S,Sedan,Automatic,4WD/AWD,Private Party,2021.0,39900.0,22.0,0,0,1,0,49500.0,sold,2021 Tesla Model S Plaid,Ended February 17th at 2:46 AM,"San Diego, CA 92126",5.0
Porsche,Cayenne,SUV/Crossover,Automatic,4WD/AWD,Dealer,2009.0,113300.0,24.0,0,0,0,1,10800.0,sold,2009 Porsche Cayenne S,"Ended November 29th, 2025 at 5:37 AM","Medford, OR 97504",17.0
Volvo,C30,Hatchback,Manual,FWD,Private Party,2013.0,73000.0,19.0,1,0,1,0,12200.0,sold,2013 Volvo C30 Polestar Limited Edition,"Ended December 30th, 2025 at 5:30 AM","Redwood City, CA 94063",13.0
Lexus,GX,SUV/Crossover,Automatic,4WD/AWD,Private Party,2013.0,207700.0,19.0,0,0,1,1,13700.0,sold,2013 Lexus GX 460,Ended January 14th at 2:58 AM,"Broomfield, CO 80020",13.0
BMW,7 Series,Sedan,Automatic,RWD,Private Party,1994.0,130500.0,12.0,0,1,1,1,3000.0,sold,1994 BMW 740i,Ended January 13th at 4:42 AM,"Los Angeles, CA 90045",32.0
Ford,Mustang,Coupe,Manual,RWD,Private Party,2003.0,17600.0,71.0,1,1,1,0,14000.0,sold,2003 Ford Mustang GT Coupe,"Ended November 5th, 2025 at 3:57 AM","Linden, NJ 07036",23.0
Porsche,996 911,Convertible,Manual,RWD,Private Party,2001.0,130100.0,41.0,1,1,1,1,17250.0,sold,2001 Porsche 911 Carrera Cabriolet,"Ended December 13th, 2025 at 3:17 AM","Gilbert, AZ 85296",25.0
BMW,8 Series,Coupe,Automatic,RWD,Private Party,1991.0,92200.0,18.0,0,1,1,0,9600.0,sold,1991 BMW 850i,"Ended December 4th, 2025 at 4:40 AM","Airdrie, AB, Canada",35.0
Subaru,Impreza,Wagon,Manual,4WD/AWD,Private Party,1998.0,55700.0,63.0,1,0,1,0,13300.0,sold,1998 Subaru Impreza Outback Sport,Ended January 21st at 5:16 AM,"Ventura, CA 93001",28.0
Lincoln,Town Car,Sedan,Automatic,RWD,Private Party,2006.0,45000.0,17.0,0,1,1,0,11000.0,sold,2006 Lincoln Town Car Designer Series,Ended January 15th at 3:13 AM,"Mobile, AL 36619",20.0
Toyota,Celica,Coupe,Manual,FWD,Private Party,2000.0,48400.0,23.0,1,0,1,0,7500.0,sold,2000 Toyota Celica GT,Ended March 3rd at 3:54 AM,"San Jose, CA 95121",26.0
Chevrolet,Camaro,Coupe,Manual,RWD,Private Party,1994.0,81400.0,45.0,1,1,1,0,9500.0,sold,1994 Chevrolet Camaro Z28 Coupe,"Ended November 4th, 2025 at 2:54 AM","Poplar Bluff, MO 63901",32.0
Subaru,WRX STI,Sedan,Manual,4WD/AWD,Private Party,2004.0,880.0,32.0,1,0,1,0,107000.0,sold,2004 Subaru Impreza WRX STI,Ended February 27th at 2:27 AM,"San Diego, CA 92103",22.0
Nissan,R35 GT-R,Coupe,Automatic,4WD/AWD,Private Party,2013.0,31500.0,32.0,0,0,1,0,83000.0,sold,2013 Nissan GT-R Black Edition,Ended February 25th at 2:42 AM,"Sunland, CA 91040",13.0
BMW,3 Series,Sedan,Manual,RWD,Private Party,2013.0,119600.0,32.0,1,1,1,1,11100.0,sold,2013 BMW 335i Sedan,"Ended November 19th, 2025 at 3:10 AM","Westfield, NJ 07090",13.0
Lotus,Emira,Coupe,Manual,RWD,Private Party,2024.0,6100.0,49.0,1,1,1,0,85600.0,sold,2024 Lotus Emira V6 First Edition,"Ended October 24th, 2025 at 3:18 AM","Morristown, NJ 07960",2.0
Bentley,Continental,Coupe,Automatic,4WD/AWD,Private Party,2005.0,49300.0,23.0,0,0,1,0,16500.0,sold,2005 Bentley Continental GT,"Ended October 16th, 2025 at 2:02 AM","Sanford, NC 27330",21.0
BMW,E36 M3,Coupe,Manual,RWD,Private Party,1999.0,174000.0,52.0,1,1,1,1,20036.0,sold,1999 BMW M3 Coupe,"Ended November 26th, 2025 at 5:25 AM","Hermitage, TN 37076",27.0
BMW,5 Series,Sedan,Automatic,RWD,Private Party,2003.0,98800.0,58.0,0,1,1,0,11100.0,sold,2003 BMW 540i Sedan,"Ended November 1st, 2025 at 1:59 AM","Sonora, CA 95370",23.0
Rivian,R1T,Truck,Automatic,4WD/AWD,Private Party,2023.0,16500.0,6.0,0,0,1,0,52000.0,sold,2023 Rivian R1T Adventure Edition,"Ended November 22nd, 2025 at 3:50 AM","Glendale, CA 91208",3.0
Ford,F-150,Truck,Automatic,RWD,Private Party,2002.0,129300.0,42.0,0,1,1,1,12500.0,sold,2002 Ford F-150 Harley-Davidson Edition,Ended January 24th at 4:24 AM,"Homosassa, FL 34446",24.0
Porsche,996 911,Coupe,Manual,RWD,Private Party,1999.0,125600.0,62.0,1,1,1,1,25750.0,sold,1999 Porsche 911 Carrera Coupe,"Ended October 21st, 2025 at 3:06 AM","Seattle, WA 98103",27.0
Tesla,Model 3,Sedan,Automatic,4WD/AWD,Private Party,2018.0,49500.0,17.0,0,0,1,0,16555.0,sold,2018 Tesla Model 3 Performance,Ended February 5th at 3:54 AM,"Scottsdale, AZ 85257",8.0
Porsche,Cayenne,SUV/Crossover,Automatic,4WD/AWD,Private Party,2013.0,134000.0,28.0,0,0,1,1,9752.0,sold,2013 Porsche Cayenne S Hybrid,"Ended November 25th, 2025 at 3:06 AM","La Palma, CA 90623",13.0
Ferrari,360,Coupe,Manual,RWD,Dealer,2000.0,23600.0,17.0,1,1,0,0,83888.0,sold,2000 Ferrari 360 Modena,"Ended November 12th, 2025 at 4:18 AM","Roswell, GA 30075",26.0
Mercedes-Benz,E-Class,Wagon,Automatic,4WD/AWD,Dealer,2001.0,145000.0,24.0,0,0,0,1,5000.0,sold,2001 Mercedes-Benz E320 4Matic Wagon,"Ended November 15th, 2025 at 4:43 AM","Haverford, PA 19041",25.0
Rivian,R1S,SUV/Crossover,Automatic,4WD/AWD,Private Party,2023.0,4200.0,28.0,0,0,1,0,61008.0,sold,2023 Rivian R1S Launch Edition,"Ended December 20th, 2025 at 4:44 AM","Winter Park, FL 32789",3.0
Toyota,Tacoma,Truck,Automatic,4WD/AWD,Private Party,2025.0,700.0,31.0,0,0,1,0,44250.0,sold,2025 Toyota Tacoma TRD Sport Double Cab 4x4,Ended February 7th at 3:27 AM,"Phoenix, AZ 85023",1.0
Mercedes-Benz,G Wagen,SUV/Crossover,Manual,4WD/AWD,Private Party,1985.0,25000.0,49.0,1,0,1,0,40500.0,sold,1985 Mercedes-Benz 240GD,Ended January 9th at 3:37 AM,"San Jose, CA 95132",41.0
BMW,E9X M3,Sedan,Manual,RWD,Private Party,2011.0,78000.0,40.0,1,1,1,0,34000.0,sold,2011 BMW M3 Sedan,Ended February 7th at 4:59 AM,"Saint James, NY 11780",15.0
Audi,A6,Sedan,Automatic,FWD,Dealer,2014.0,44600.0,26.0,0,0,0,0,9600.0,sold,2014 Audi A6 2.0T Premium Plus,"Ended November 27th, 2025 at 3:32 AM","Hollywood, FL 33023",12.0
Toyota,Supra,Coupe,Manual,RWD,Dealer,1998.0,45800.0,54.0,1,1,0,0,93000.0,sold,1998 Toyota Supra Turbo,"Ended November 15th, 2025 at 4:42 AM","Alhambra, CA 91803",28.0
Infiniti,G35,Coupe,Manual,RWD,Private Party,2003.0,104700.0,45.0,1,1,1,1,9600.0,sold,2003 Infiniti G35 Coupe,"Ended December 31st, 2025 at 3:22 AM","Woodland Hills, CA 91367",23.0
Toyota,4Runner,SUV/Crossover,Automatic,4WD/AWD,Dealer,2005.0,183100.0,32.0,0,0,0,1,8000.0,sold,2005 Toyota 4Runner SR5 4x4,"Ended December 20th, 2025 at 4:27 AM","Marietta, GA 30062",21.0
Mercedes-Benz,R107 SL,Convertible,Automatic,RWD,Private Party,1989.0,103700.0,14.0,0,1,1,1,9300.0,sold,1989 Mercedes-Benz 560SL,"Ended November 29th, 2025 at 4:54 AM","Mount Pleasant, SC 29466",37.0
Porsche,987 Cayman,Coupe,Manual,RWD,Private Party,2007.0,107800.0,15.0,1,1,1,1,26000.0,sold,2007 Porsche Cayman S,"Ended December 13th, 2025 at 4:18 AM","Moraga, CA 94556",19.0
Mazda,NC Miata,Convertible,Manual,RWD,Dealer,2014.0,73200.0,37.0,1,1,0,0,13050.0,sold,2014 Mazda MX-5 Miata Club,Ended February 5th at 2:42 AM,"Pompano Beach, FL 33060",12.0
Alfa Romeo,Giulia,Sedan,Automatic,4WD/AWD,Private Party,2022.0,51000.0,40.0,0,0,1,0,19000.0,sold,2022 Alfa Romeo Giulia Veloce,Ended February 5th at 4:41 AM,"Morristown, NJ 07960",4.0
Porsche,987 Boxster,Convertible,Manual,RWD,Private Party,2007.0,100200.0,47.0,1,1,1,1,17000.0,sold,2007 Porsche Boxster,"Ended October 17th, 2025 at 2:38 AM","Kalispell, MT 59901",19.0
Toyota,Solara,Convertible,Automatic,FWD,Private Party,2008.0,10400.0,43.0,0,0,1,0,16100.0,sold,2008 Toyota Camry Solara SLE V6 Convertible,"Ended December 6th, 2025 at 3:30 AM","Las Cruces, NM 88011",18.0
Acura,NSX,Coupe,Manual,RWD,Private Party,1991.0,59600.0,17.0,1,1,1,0,61000.0,sold,1991 Acura NSX,"Ended December 6th, 2025 at 2:30 AM","Chatsworth, CA 91311",35.0
BMW,X5,SUV/Crossover,Automatic,4WD/AWD,Private Party,2017.0,116100.0,46.0,0,0,1,1,14500.0,sold,2017 BMW X5 xDrive35i,"Ended October 17th, 2025 at 3:07 AM","Houston, TX 77084",9.0
Jeep,Grand Cherokee,SUV/Crossover,Automatic,4WD/AWD,Private Party,2016.0,106100.0,56.0,0,0,1,1,11200.0,sold,2016 Jeep Grand Cherokee Summit 4x4,Ended January 6th at 4:19 AM,"Fairfax, VA 22032",10.0
Ford,Mustang,Convertible,Manual,RWD,Dealer,2003.0,86200.0,49.0,1,1,0,0,7250.0,sold,2003 Ford Mustang GT Convertible Centennial Edition,"Ended November 8th, 2025 at 4:16 AM","Eugene, OR 97404",23.0
Lexus,GX,SUV/Crossover,Automatic,4WD/AWD,Private Party,2025.0,2200.0,28.0,0,0,1,0,86500.0,sold,2025 Lexus GX 550 Overtrail+,"Ended October 29th, 2025 at 3:40 AM","Salt Lake City, UT 84117",1.0
Lucid,Air,Sedan,Automatic,4WD/AWD,Private Party,2022.0,10800.0,25.0,0,0,1,0,52500.0,sold,2022 Lucid Air Grand Touring,Ended February 17th at 3:41 AM,"South Pasadena, CA 91030",4.0
BMW,Z3,Convertible,Manual,RWD,Private Party,2001.0,91400.0,42.0,1,1,1,0,9000.0,sold,2001 BMW Z3 2.5i Roadster,"Ended October 30th, 2025 at 2:41 AM","Eugene, OR 97404",25.0
Audi,S5,Coupe,Automatic,4WD/AWD,Private Party,2009.0,85000.0,30.0,0,0,1,0,9800.0,sold,2009 Audi S5 Coupe,Ended January 3rd at 4:48 AM,"Dora, AL 35062",17.0
Mercedes-Benz,SLK-Class,Convertible,Automatic,RWD,Dealer,2005.0,87400.0,30.0,0,1,0,0,9200.0,sold,2005 Mercedes-Benz SLK350,Ended February 10th at 5:01 AM,"Marietta, GA 30062",21.0
BMW,1 Series,Coupe,Automatic,RWD,Private Party,2013.0,22800.0,53.0,0,1,1,0,28750.0,sold,2013 BMW 135is Coupe,Ended February 14th at 4:00 AM,"South Jordan, UT 84095",13.0
Land Rover,Range Rover,SUV/Crossover,Automatic,4WD/AWD,Dealer,2015.0,114100.0,42.0,0,0,0,1,11700.0,sold,2015 Range Rover HSE,"Ended October 25th, 2025 at 3:42 AM","Roswell, GA 30075",11.0
Jeep,Wrangler,SUV/Crossover,Manual,4WD/AWD,Private Party,2015.0,63400.0,50.0,1,0,1,0,11555.0,sold,2015 Jeep Wrangler Sport 4x4,Ended January 3rd at 3:49 AM,"Alexandria, VA 22305",11.0
Acura,RSX,Coupe,Manual,FWD,Dealer,2005.0,125700.0,43.0,1,0,0,1,10405.0,sold,2005 Acura RSX Type-S,"Ended November 25th, 2025 at 3:43 AM","Brisbane, CA 94005",21.0
BMW,3 Series,Sedan,Manual,RWD,Private Party,2004.0,152800.0,57.0,1,1,1,1,12200.0,sold,2004 BMW 330i ZHP Sedan,Ended January 6th at 2:47 AM,"Savannah, GA 31405",22.0
Ferrari,360,Convertible,Automatic,RWD,Dealer,2003.0,33100.0,26.0,0,1,0,0,67500.0,sold,2003 Ferrari 360 Spider,"Ended October 24th, 2025 at 3:58 AM","King Of Prussia, PA 19406",23.0
Porsche,Cayenne,SUV/Crossover,Automatic,4WD/AWD,Private Party,2006.0,153900.0,25.0,0,0,1,1,14600.0,sold,2006 Porsche Cayenne Turbo S,Ended February 20th at 2:38 AM,"Irvine, CA 92618",20.0
Mercedes-Benz,S-Class,Sedan,Automatic,4WD/AWD,Private Party,2009.0,165500.0,45.0,0,0,1,1,7000.0,sold,2009 Mercedes-Benz S550 4Matic,"Ended November 21st, 2025 at 4:04 AM","East Lansing, MI 48823",17.0
Porsche,987 Cayman,Coupe,Manual,RWD,Private Party,2011.0,85100.0,19.0,1,1,1,0,27000.0,sold,2011 Porsche Cayman,"Ended November 22nd, 2025 at 3:23 AM","Ashburn, VA 20147",15.0
Volkswagen,Passat,Sedan,Automatic,FWD,Private Party,2003.0,80800.0,20.0,0,0,1,0,5350.0,sold,2003 Volkswagen Passat GLX Sedan,Ended January 28th at 3:36 AM,"Martinez, CA 94553",23.0
BMW,3 Series,Sedan,Manual,4WD/AWD,Private Party,2017.0,86100.0,56.0,1,0,1,0,27000.0,sold,2017 BMW 340i xDrive Sedan,"Ended December 17th, 2025 at 3:43 AM","Peachtree City, GA 30269",9.0
Audi,TT,Convertible,Automatic,4WD/AWD,Private Party,2020.0,54400.0,41.0,0,0,1,0,25300.0,sold,2020 Audi TT Roadster,Ended February 27th at 2:53 AM,"Bradenton, FL 34212",6.0
Honda,Civic Type R,Hatchback,Manual,FWD,Private Party,2023.0,57800.0,17.0,1,0,1,0,34400.0,sold,2023 Honda Civic Type R,Ended February 3rd at 3:26 AM,"Clarksville, TN 37043",3.0
Audi,e-Tron,SUV/Crossover,Automatic,4WD/AWD,Private Party,2021.0,50900.0,54.0,0,0,1,0,19750.0,sold,2021 Audi e-tron Premium Plus,Ended January 6th at 3:37 AM,"W Hartford, CT 06117",5.0
Alfa Romeo,Giulia,Sedan,Automatic,4WD/AWD,Private Party,2017.0,68000.0,3.0,0,0,1,0,11600.0,sold,2017 Alfa Romeo Giulia Ti AWD,Ended February 24th at 4:30 AM,"Tacoma, WA 98402",9.0
BMW,E39 M5,Sedan,Manual,RWD,Dealer,2000.0,63900.0,36.0,1,1,0,0,37000.0,sold,2000 BMW M5,Ended January 9th at 3:14 AM,"Stratham, NH 03885",26.0
Ford,Bronco,SUV/Crossover,Automatic,4WD/AWD,Private Party,1995.0,129300.0,66.0,0,0,1,1,23000.0,sold,1995 Ford Bronco XLT 4x4,"Ended October 18th, 2025 at 1:53 AM","Desert Hot Springs, CA 92240",31.0
Porsche,718 Boxster,Convertible,Manual,RWD,Private Party,2020.0,7000.0,38.0,1,1,1,0,112718.0,sold,2020 Porsche 718 Boxster Spyder,"Ended December 23rd, 2025 at 2:34 AM","Irving, TX 75063",6.0
Audi,Q5,SUV/Crossover,Automatic,4WD/AWD,Private Party,2014.0,116500.0,44.0,0,0,1,1,11000.0,sold,2014 Audi Q5 TDI Premium Plus,"Ended November 25th, 2025 at 3:01 AM","Martinez, CA 94553",12.0
Land Rover,Range Rover Sport,SUV/Crossover,Automatic,4WD/AWD,Dealer,2011.0,99300.0,48.0,0,0,0,0,9500.0,sold,2011 Range Rover Sport HSE Luxury,Ended January 13th at 4:29 AM,"Lathrop, CA 95330",15.0
Pontiac,Solstice,Convertible,Manual,RWD,Private Party,2008.0,132800.0,17.0,1,1,1,1,6777.0,sold,2008 Pontiac Solstice GXP,Ended February 5th at 3:10 AM,"Decatur, GA 30033",18.0
Toyota,Land Cruiser,SUV/Crossover,Automatic,4WD/AWD,Dealer,2000.0,217400.0,32.0,0,0,0,1,11300.0,sold,2000 Toyota Land Cruiser,"Ended October 28th, 2025 at 3:27 AM","Hagerstown, MD 21740",26.0
Land Rover,Defender,SUV/Crossover,Manual,4WD/AWD,Private Party,1994.0,26300.0,17.0,1,0,1,0,74500.0,sold,1994 Land Rover Defender 90 NAS,"Ended November 22nd, 2025 at 2:35 AM","Denver, NC 28037",32.0
Ford,Mustang,Convertible,Manual,RWD,Dealer,2006.0,26900.0,49.0,1,1,0,0,15001.0,sold,2006 Ford Mustang GT Convertible,"Ended November 27th, 2025 at 3:52 AM","Venus, TX 76084",20.0
Subaru,WRX STI,Sedan,Manual,4WD/AWD,Private Party,2018.0,50600.0,13.0,1,0,1,0,26200.0,sold,2018 Subaru WRX STI Type RA,Ended February 4th at 3:11 AM,"Canton, GA 30115",8.0
Cadillac,CTS-V,Wagon,Automatic,RWD,Private Party,2012.0,104500.0,49.0,0,1,1,1,35500.0,sold,2012 Cadillac CTS-V Wagon,"Ended November 27th, 2025 at 3:44 AM","Placerville, CA 95667",14.0
Porsche,997 911,Coupe,Manual,RWD,Private Party,2005.0,130100.0,46.0,1,1,1,1,27250.0,sold,2005 Porsche 911 Carrera Coupe,"Ended November 7th, 2025 at 4:02 AM","Henderson, NV 89014",21.0
Mercedes-Benz,S-Class,Sedan,Automatic,4WD/AWD,Dealer,2005.0,103200.0,18.0,0,0,0,1,5900.0,sold,2005 Mercedes-Benz S500 4Matic,"Ended November 20th, 2025 at 4:50 AM","Hollywood, FL 33023",21.0
Lexus,LS,Sedan,Automatic,RWD,Private Party,2003.0,98100.0,26.0,0,1,1,0,8800.0,sold,2003 Lexus LS 430,"Ended December 23rd, 2025 at 3:10 AM","Shalimar, FL 32579",23.0
Jaguar,XFR,Sedan,Automatic,RWD,Private Party,2015.0,60000.0,57.0,0,1,1,0,34500.0,sold,2015 Jaguar XFR-S,Ended January 13th at 4:41 AM,"Naperville, IL 60563",11.0
Polaris,Slingshot,Convertible,Automatic,RWD,Dealer,2020.0,30200.0,59.0,0,1,0,0,12000.0,sold,2020 Polaris Slingshot SL,Ended February 27th at 3:39 AM,"Houston, TX 77042",6.0
BMW,Z4,Convertible,Manual,RWD,Dealer,2004.0,85400.0,14.0,1,1,0,0,7600.0,sold,2004 BMW Z4 3.0i Roadster,"Ended December 30th, 2025 at 5:00 AM","Marietta, GA 30062",22.0
Land Rover,Discovery,SUV/Crossover,Automatic,4WD/AWD,Private Party,2000.0,158900.0,51.0,0,0,1,1,12150.0,sold,2000 Land Rover Discovery II,"Ended November 20th, 2025 at 2:38 AM","McLean, VA 22101",26.0
Rivian,R1S,SUV/Crossover,Automatic,4WD/AWD,Private Party,2023.0,58500.0,37.0,0,0,1,0,52600.0,sold,2023 Rivian R1S All-Terrain,"Ended December 4th, 2025 at 4:47 AM","Turner, OR 97392",3.0
Toyota,4Runner,SUV/Crossover,Automatic,4WD/AWD,Private Party,2018.0,56300.0,41.0,0,0,1,0,30000.0,sold,2018 Toyota 4Runner TRD Off-Road 4x4,Ended January 6th at 3:31 AM,"Lawton, OK 73507",8.0
Porsche,Cayenne,SUV/Crossover,Automatic,4WD/AWD,Private Party,2015.0,111000.0,22.0,0,0,1,1,18750.0,sold,2015 Porsche Cayenne Diesel,"Ended October 31st, 2025 at 2:08 AM","Greensboro, NC 27410",11.0
Ford,Mustang,Coupe,Manual,RWD,Private Party,2019.0,3800.0,23.0,1,1,1,0,63500.0,sold,2019 Ford Mustang Shelby GT350,Ended February 10th at 4:58 AM,"Sunderland, MD 20689",7.0
MINI,Cooper,Convertible,Manual,FWD,Dealer,2009.0,63900.0,47.0,1,0,0,0,9500.0,sold,2009 Mini Cooper John Cooper Works Convertible,"Ended December 30th, 2025 at 3:26 AM","Orlando, FL 32820",17.0
Honda,Acty,Truck,Manual,4WD/AWD,Dealer,1993.0,55100.0,22.0,1,0,0,0,4600.0,sold,1993 Honda Acty SDX 4WD,"Ended October 17th, 2025 at 3:58 AM","Tacoma, WA 98409",33.0
Land Rover,Range Rover Sport,SUV/Crossover,Automatic,4WD/AWD,Private Party,2016.0,54800.0,43.0,0,0,1,0,14500.0,sold,2016 Range Rover Sport HSE,Ended January 15th at 4:02 AM,"Vancouver, WA 98685",10.0
Tesla,Model S,Sedan,Automatic,4WD/AWD,Dealer,2014.0,47100.0,64.0,0,0,0,0,25000.0,sold,2014 Tesla Model S P85D,"Ended October 25th, 2025 at 3:17 AM","Cordova, TN 38018",12.0
Ford,Explorer,SUV/Crossover,Automatic,4WD/AWD,Private Party,1994.0,130200.0,15.0,0,0,1,1,7500.0,sold,1994 Ford Explorer Limited 4x4,"Ended December 20th, 2025 at 3:42 AM","Los Angeles, CA 90025",32.0
Nissan,Stagea,Wagon,Automatic,4WD/AWD,Dealer,2000.0,66900.0,29.0,0,0,0,0,23000.0,sold,2000 Nissan Stagea RS Four,"Ended December 20th, 2025 at 2:48 AM","Winter Garden, FL 34787",26.0
Chevrolet,Camaro,Coupe,Automatic,RWD,Dealer,1994.0,82200.0,36.0,0,1,0,0,6900.0,sold,1994 Chevrolet Camaro Z28 Coupe,Ended February 6th at 2:41 AM,"Windsor, CO 80550",32.0
Audi,A4,Sedan,Manual,4WD/AWD,Private Party,1997.0,69700.0,18.0,1,0,1,0,3944.0,sold,1997 Audi A4 1.8T Quattro Sedan,"Ended October 31st, 2025 at 3:26 AM","Maynard, MA 01754",29.0
Chevrolet,Camaro,Coupe,Manual,RWD,Private Party,2013.0,39700.0,20.0,1,1,1,0,37500.0,sold,2013 Chevrolet Camaro ZL1 Coupe,"Ended November 8th, 2025 at 2:56 AM","Barto, PA 19504",13.0
Toyota,MR2 Spyder,Convertible,Automatic,RWD,Dealer,2003.0,72900.0,18.0,0,1,0,0,5500.0,sold,2003 Toyota MR2 Spyder,"Ended December 5th, 2025 at 3:48 AM","Lees Summit, MO 64086",23.0
Ford,F-150,Truck,Automatic,4WD/AWD,Private Party,2024.0,14900.0,18.0,0,0,1,0,47500.0,sold,2024 Ford F-150 XL 4x4,"Ended December 17th, 2025 at 3:09 AM","Belleville, IL 62223",2.0
Toyota,Land Cruiser,SUV/Crossover,Automatic,4WD/AWD,Private Party,2008.0,277900.0,25.0,0,0,1,1,15000.0,sold,2008 Toyota Land Cruiser,"Ended October 23rd, 2025 at 2:06 AM","Miami, FL 33142",18.0
Chevrolet,C8 Corvette,Convertible,Automatic,RWD,Private Party,2022.0,13500.0,31.0,0,1,1,0,67000.0,sold,2022 Chevrolet Corvette Stingray Convertible,"Ended December 2nd, 2025 at 5:04 AM","La Jolla, CA 92037",4.0
Mazda,NB Miata,Convertible,Manual,RWD,Private Party,2000.0,64800.0,11.0,1,1,1,0,7900.0,sold,2000 Mazda MX-5 Miata,Ended January 1st at 3:50 AM,"Danville, CA 94506",26.0
Jeep,Cherokee,SUV/Crossover,Automatic,RWD,Private Party,2000.0,185800.0,11.0,0,1,1,1,4500.0,sold,2000 Jeep Cherokee Sport,"Ended October 18th, 2025 at 2:50 AM","Charlotte, NC 28210",26.0
BMW,3 Series,Sedan,Manual,4WD/AWD,Private Party,2004.0,136500.0,22.0,1,0,1,1,5400.0,sold,2004 BMW 325xi Sedan,Ended January 14th at 3:52 AM,"Woodland Hills, CA 91367",22.0
Land Rover,Discovery,SUV/Crossover,Automatic,4WD/AWD,Private Party,2004.0,131800.0,77.0,0,0,1,1,20000.0,sold,2004 Land Rover Discovery II HSE7,"Ended December 16th, 2025 at 4:01 AM","Queensbury, NY 12804",22.0
Mitsubishi,Eclipse,Convertible,Automatic,FWD,Dealer,2009.0,51800.0,20.0,0,0,0,0,5700.0,sold,2009 Mitsubishi Eclipse Spyder GT,"Ended December 18th, 2025 at 3:14 AM","Pompano Beach, FL 33062",17.0
Volkswagen,Eurovan,Van/Minivan,Automatic,FWD,Private Party,1997.0,105500.0,51.0,0,0,1,1,14000.0,sold,1997 Volkswagen EuroVan Winnebago Rialta,"Ended November 11th, 2025 at 2:45 AM","Sunnyvale, CA 94086",29.0
Tesla,Model S,Sedan,Automatic,4WD/AWD,Private Party,2015.0,72000.0,29.0,0,0,1,0,21250.0,sold,2015 Tesla Model S P90D,"Ended December 31st, 2025 at 3:35 AM","Goleta, CA 93117",11.0
Land Rover,Range Rover Sport,SUV/Crossover,Automatic,4WD/AWD,Private Party,2011.0,68900.0,53.0,0,0,1,0,12250.0,sold,2011 Range Rover Sport HSE,"Ended November 7th, 2025 at 3:04 AM","Denver, CO 80246",15.0
Suzuki,Carry Truck,Truck,Automatic,RWD,Dealer,1995.0,13900.0,30.0,0,1,0,0,7000.0,sold,1995 Suzuki Carry Truck,Ended January 28th at 3:12 AM,"Venus, TX 76084",31.0
Lexus,LS,Sedan,Automatic,RWD,Private Party,1998.0,45800.0,32.0,0,1,1,0,15650.0,sold,1998 Lexus LS 400,Ended January 3rd at 3:09 AM,"La Canada Flintridge, CA 91011",28.0
Chevrolet,C4 Corvette,Coupe,Automatic,RWD,Private Party,1991.0,95500.0,17.0,0,1,1,0,6000.0,sold,1991 Chevrolet Corvette Coupe,Ended January 30th at 2:42 AM,"Happy Valley, OR 97086",35.0
Mercedes-Benz,CLK AMG,Coupe,Automatic,RWD,Private Party,2003.0,93800.0,28.0,0,1,1,0,8500.0,sold,2003 Mercedes-Benz CLK55 AMG Coupe,"Ended December 31st, 2025 at 3:46 AM","Seattle, WA 98119",23.0
MINI,Cooper Countryman,SUV/Crossover,Manual,FWD,Private Party,2016.0,126800.0,27.0,1,0,1,1,4211.0,sold,2016 Mini Cooper S Countryman,Ended February 14th at 4:18 AM,"Buford, GA 30519",10.0
Toyota,FJ Cruiser,SUV/Crossover,Automatic,RWD,Dealer,2008.0,48700.0,9.0,0,1,0,0,8526.0,sold,2008 Toyota FJ Cruiser,"Ended December 13th, 2025 at 4:30 AM","Bay Shore, NY 11706",18.0
Suzuki,Jimny,SUV/Crossover,Automatic,4WD/AWD,Private Party,1999.0,73500.0,18.0,0,0,1,0,6766.0,sold,1999 Suzuki Jimny 4x4 Kansai Yamamoto Edition,Ended February 12th at 2:47 AM,"Brookpark, OH 44142",27.0
Toyota,4Runner,SUV/Crossover,Automatic,4WD/AWD,Private Party,2001.0,229600.0,19.0,0,0,1,1,7100.0,sold,2001 Toyota 4Runner SR5 4x4,Ended February 10th at 3:50 AM,"Portland, OR 97206",25.0
Lotus,Elise,Convertible,Manual,RWD,Private Party,2005.0,25500.0,27.0,1,1,1,0,37000.0,sold,2005 Lotus Elise,"Ended October 30th, 2025 at 2:31 AM","Caseyville, IL 62232",21.0
Lucid,Air,Sedan,Automatic,4WD/AWD,Private Party,2025.0,6500.0,47.0,0,0,1,0,75500.0,sold,2025 Lucid Air Grand Touring,Ended January 15th at 4:20 AM,"Gaithersburg, MD 20878",1.0
Think,Neighbor,Convertible,Automatic,RWD,Dealer,2002.0,700.0,15.0,0,1,0,0,7800.0,sold,2002 Th!nk Neighbor,Ended January 31st at 2:50 AM,"Indio, CA 92201",24.0
Ferrari,FF,Coupe,Automatic,4WD/AWD,Dealer,2016.0,15000.0,20.0,0,0,0,0,150000.0,sold,2016 Ferrari FF,"Ended October 17th, 2025 at 4:06 AM","Hollywood, FL 33021",10.0
Mercedes-Benz,EQS,SUV/Crossover,Automatic,4WD/AWD,Private Party,2023.0,25800.0,57.0,0,0,1,0,59500.0,sold,2023 Mercedes-Benz EQS 580 4Matic SUV,Ended January 8th at 4:17 AM,"Louisville, KY 40223",3.0
Land Rover,Range Rover Sport,SUV/Crossover,Automatic,4WD/AWD,Dealer,2013.0,70800.0,42.0,0,0,0,0,13100.0,sold,2013 Range Rover Sport HSE,"Ended December 2nd, 2025 at 3:13 AM","Pompano Beach, FL 33060",13.0
Nissan,S Cargo,Van/Minivan,Automatic,FWD,Private Party,1990.0,157200.0,10.0,0,0,1,1,4000.0,sold,1990 Nissan S-Cargo,"Ended October 30th, 2025 at 2:46 AM","Vancouver, BC, Canada",36.0
Porsche,Panamera,Sedan,Automatic,4WD/AWD,Private Party,2010.0,85500.0,33.0,0,0,1,0,18000.0,sold,2010 Porsche Panamera 4S,Ended February 13th at 4:24 AM,"Winston Salem, NC 27101",16.0
Mercedes-Benz,W213 E-Class AMG,Wagon,Automatic,4WD/AWD,Private Party,2018.0,64100.0,39.0,0,0,1,0,65000.0,sold,2018 Mercedes-AMG E63 S Wagon,Ended January 27th at 3:38 AM,"Leesburg, VA 20175",8.0
Honda,Insight,Hatchback,Manual,FWD,Private Party,2005.0,171200.0,31.0,1,0,1,1,6000.0,sold,2005 Honda Insight,Ended January 28th at 4:36 AM,"Rescue, CA 95672",21.0
Rivian,R1T,Truck,Automatic,4WD/AWD,Private Party,2022.0,15800.0,25.0,0,0,1,0,54000.0,sold,2022 Rivian R1T Launch Edition,"Ended October 29th, 2025 at 1:57 AM","Johnson City, TN 37601",4.0
Mercedes-Benz,B-Class,Hatchback,Automatic,FWD,Private Party,2017.0,10500.0,32.0,0,0,1,0,9100.0,sold,2017 Mercedes-Benz B250e,Ended February 4th at 4:20 AM,"Blue Bell, PA 19422",9.0
MINI,Cooper Countryman,SUV/Crossover,Automatic,4WD/AWD,Dealer,2016.0,16700.0,48.0,0,0,0,0,15250.0,sold,2016 Mini Cooper S Countryman ALL4,"Ended December 23rd, 2025 at 4:08 AM","Vero Beach, FL 32960",10.0
Toyota,Aristo,Sedan,Automatic,RWD,Private Party,1997.0,130000.0,16.0,0,1,1,1,5900.0,sold,1997 Toyota Aristo S300 Vertex Edition,Ended January 15th at 3:36 AM,"Mishawaka, IN 46545",29.0
BMW,E9X M3,Convertible,Automatic,RWD,Dealer,2009.0,56100.0,20.0,0,1,0,0,21018.0,sold,2009 BMW M3 Convertible,"Ended November 25th, 2025 at 2:34 AM","Saint Louis, MO 63104",17.0
Jeep,Wrangler,SUV/Crossover,Automatic,4WD/AWD,Private Party,1998.0,236100.0,34.0,0,0,1,1,7300.0,sold,1998 Jeep Wrangler Sport 4x4,Ended February 4th at 3:29 AM,"Provo, UT 84601",28.0
Mazda,FD RX-7,Coupe,Manual,RWD,Private Party,1995.0,51000.0,33.0,1,1,1,0,30000.0,sold,1995 Mazda RX-7,"Ended October 30th, 2025 at 2:20 AM","Wheat Ridge, CO 80033",31.0
Chevrolet,C7 Corvette,Coupe,Automatic,RWD,Dealer,2016.0,22700.0,34.0,0,1,0,0,27250.0,sold,2016 Chevrolet Corvette Stingray Coupe,Ended February 25th at 4:54 AM,"Alpharetta, GA 30004",10.0
Porsche,987 Boxster,Convertible,Automatic,RWD,Private Party,2011.0,75000.0,42.0,0,1,1,0,27500.0,sold,2011 Porsche Boxster,Ended January 6th at 4:24 AM,"Chula Vista, CA 91911",15.0
Ferrari,599,Coupe,Automatic,RWD,Dealer,2007.0,28500.0,10.0,0,1,0,0,152000.0,sold,2007 Ferrari 599 GTB Fiorano,Ended February 17th at 2:38 AM,"Cedar Rapids, IA 52404",19.0
Audi,A8,Sedan,Automatic,4WD/AWD,Private Party,2005.0,30700.0,41.0,0,0,1,0,10300.0,sold,2005 Audi A8 4.2 Quattro,"Ended November 13th, 2025 at 2:38 AM","Chestnut Hill, MA 02467",21.0
MINI,Cooper,Hatchback,Manual,FWD,Private Party,2006.0,122300.0,12.0,1,0,1,1,3900.0,sold,2006 Mini Cooper,"Ended October 17th, 2025 at 3:37 AM","Kenosha, WI 53143",20.0
Land Rover,Range Rover Sport,SUV/Crossover,Automatic,4WD/AWD,Dealer,2012.0,128500.0,43.0,0,0,0,1,10299.0,sold,2012 Range Rover Sport HSE Luxury,"Ended November 21st, 2025 at 2:45 AM","Lathrop, CA 95330",14.0
Porsche,991 911,Coupe,Automatic,RWD,Private Party,2013.0,50500.0,28.0,0,1,1,0,71050.0,sold,2013 Porsche 911 Carrera S Coupe,"Ended November 8th, 2025 at 4:14 AM","Marina Del Rey, CA 90292",13.0
Toyota,Land Cruiser,SUV/Crossover,Automatic,4WD/AWD,Private Party,2016.0,216400.0,47.0,0,0,1,1,35000.0,sold,2016 Toyota Land Cruiser,Ended February 20th at 3:08 AM,"Anthem, AZ 85086",10.0
Chevrolet,C7 Corvette,Coupe,Manual,RWD,Private Party,2017.0,32500.0,34.0,1,1,1,0,57500.0,sold,2017 Chevrolet Corvette Grand Sport Coupe Collector Edition,Ended January 22nd at 3:19 AM,"Palm Coast, FL 32164",9.0
Lexus,GX,SUV/Crossover,Automatic,4WD/AWD,Dealer,2008.0,224100.0,26.0,0,0,0,1,10200.0,sold,2008 Lexus GX 470,Ended February 12th at 3:54 AM,"Pompano Beach, FL 33060",18.0
BMW,F90 M5,Sedan,Automatic,4WD/AWD,Private Party,2018.0,50300.0,16.0,0,0,1,0,39750.0,sold,2018 BMW M5,Ended February 3rd at 3:30 AM,"Phoenix, AZ 85022",8.0
Porsche,997 911,Coupe,Manual,RWD,Private Party,2009.0,65400.0,32.0,1,1,1,0,52005.0,sold,2009 Porsche 911 Carrera Coupe,Ended February 14th at 2:51 AM,"Herndon, VA 20171",17.0
Bentley,Continental,Sedan,Automatic,4WD/AWD,Private Party,2013.0,79900.0,41.0,0,0,1,0,30255.0,sold,2013 Bentley Continental Flying Spur Speed,Ended February 24th at 4:09 AM,"Hollywood, FL 33026",13.0
Mercedes-Benz,ML-Class,SUV/Crossover,Automatic,4WD/AWD,Dealer,2007.0,120100.0,38.0,0,0,0,1,7600.0,sold,2007 Mercedes-Benz ML320 CDI,Ended February 5th at 3:21 AM,"Orlando, FL 32820",19.0
Volkswagen,Golf,Wagon,Manual,4WD/AWD,Private Party,2019.0,39400.0,16.0,1,0,1,0,21750.0,sold,2019 Volkswagen Golf Alltrack S,"Ended October 31st, 2025 at 2:58 AM","Chicago, IL 60625",7.0
Jaguar,F-Type,Convertible,Automatic,4WD/AWD,Private Party,2017.0,18200.0,55.0,0,0,1,0,57117.0,sold,2017 Jaguar F-Type SVR Convertible,"Ended November 5th, 2025 at 5:05 AM","Falls Church, VA 22041",9.0
Lexus,RX,SUV/Crossover,Automatic,4WD/AWD,Dealer,2002.0,127300.0,26.0,0,0,0,1,6900.0,sold,2002 Lexus RX 300,Ended February 20th at 2:24 AM,"San Diego, CA 92115",24.0
Ford,Super Duty,Truck,Automatic,4WD/AWD,Private Party,2004.0,51500.0,10.0,0,0,1,0,31000.0,sold,2004 Ford F-350 Super Duty Lariat 4x4,Ended January 30th at 3:18 AM,"Bellingham, WA 98229",22.0
Alfa Romeo,Stelvio,SUV/Crossover,Automatic,4WD/AWD,Private Party,2020.0,64000.0,53.0,0,0,1,0,18000.0,sold,2020 Alfa Romeo Stelvio Ti Sport Q4,Ended January 1st at 3:10 AM,"Greensboro, NC 27408",6.0
Audi,Q5,SUV/Crossover,Automatic,4WD/AWD,Private Party,2014.0,106800.0,19.0,0,0,1,1,8500.0,sold,2014 Audi Q5 3.0T Prestige,Ended February 25th at 3:10 AM,"Battle Creek, MI 49017",12.0
Polestar,1,Coupe,Automatic,4WD/AWD,Private Party,2021.0,8600.0,42.0,0,0,1,0,62500.0,sold,2021 Polestar 1,"Ended November 29th, 2025 at 2:50 AM","Spring Hill, TN 37174",5.0
BMW,5 Series,Sedan,Automatic,RWD,Dealer,2000.0,53600.0,17.0,0,1,0,0,6700.0,sold,2000 BMW 528i,"Ended December 9th, 2025 at 3:50 AM","Lathrop, CA 95330",26.0
Land Rover,Range Rover,SUV/Crossover,Automatic,4WD/AWD,Dealer,2009.0,169200.0,34.0,0,0,0,1,11300.0,sold,2009 Range Rover Autobiography,"Ended November 5th, 2025 at 3:46 AM","Los Angeles, CA 90041",17.0
Rolls-Royce,Silver Shadow,Sedan,Automatic,RWD,Private Party,1970.0,10400.0,53.0,0,1,1,0,25001.0,sold,1970 Rolls-Royce Silver Shadow,Ended February 10th at 5:11 AM,"Federal Way, WA 98003",56.0
Ford,Mustang,Convertible,Automatic,RWD,Dealer,2021.0,2800.0,55.0,0,1,0,0,79000.0,sold,2021 Ford Mustang GT Shelby Super Snake Convertible,"Ended October 22nd, 2025 at 2:36 AM","San Antonio, TX 78216",5.0
Lexus,LX,SUV/Crossover,Automatic,4WD/AWD,Private Party,2013.0,135200.0,34.0,0,0,1,1,25600.0,sold,2013 Lexus LX 570,Ended January 1st at 4:50 AM,"Atlanta, GA 30324",13.0
Lexus,GX,SUV/Crossover,Automatic,4WD/AWD,Dealer,2007.0,180600.0,18.0,0,0,0,1,14500.0,sold,2007 Lexus GX 470,"Ended November 27th, 2025 at 4:04 AM","Pompano Beach, FL 33060",19.0
Porsche,986 Boxster,Convertible,Manual,RWD,Private Party,2002.0,120500.0,31.0,1,1,1,1,12000.0,sold,2002 Porsche Boxster S,"Ended December 12th, 2025 at 3:49 AM","San Diego, CA 92124",24.0
Aston Martin,Vantage,Coupe,Automatic,RWD,Dealer,2008.0,40700.0,64.0,0,1,0,0,35500.0,sold,2008 Aston Martin V8 Vantage,Ended February 25th at 2:59 AM,"Layton, UT 84041",18.0
International,Scout,SUV/Crossover,Manual,4WD/AWD,Private Party,1969.0,38100.0,33.0,1,0,1,0,28500.0,sold,1969 International Harvester Scout 800A,"Ended December 23rd, 2025 at 4:06 AM","Martinez, CA 94553",57.0
Aston Martin,Vantage,Coupe,Automatic,RWD,Private Party,2009.0,48300.0,39.0,0,1,1,0,30500.0,sold,2009 Aston Martin V8 Vantage,"Ended November 14th, 2025 at 2:38 AM","Moorpark, CA 93021",17.0
Porsche,Macan,SUV/Crossover,Automatic,4WD/AWD,Dealer,2018.0,53300.0,59.0,0,0,0,0,26000.0,sold,2018 Porsche Macan S,"Ended October 21st, 2025 at 2:37 AM","Medford, OR 97504",8.0
Land Rover,LR4,SUV/Crossover,Automatic,4WD/AWD,Dealer,2011.0,68500.0,21.0,0,0,0,0,14500.0,sold,2011 Land Rover LR4 HSE LUX,"Ended December 31st, 2025 at 5:10 AM","Fort Lauderdale, FL 33317",15.0
Volkswagen,Mk7 GTI,Hatchback,Manual,FWD,Private Party,2015.0,130100.0,23.0,1,0,1,1,8500.0,sold,2015 Volkswagen GTI SE,"Ended December 10th, 2025 at 4:45 AM","Lawrenceburg, IN 47025",11.0
Mercedes-Benz,Metris,Van/Minivan,Automatic,RWD,Dealer,2018.0,43500.0,61.0,0,1,0,0,35850.0,sold,2018 Mercedes-Benz Metris Explorer Conversion,"Ended October 24th, 2025 at 2:09 AM","Loveland, CO 80538",8.0
BMW,1 Series,Coupe,Manual,RWD,Private Party,2012.0,8600.0,25.0,1,1,1,0,24500.0,sold,2012 BMW 128i Coupe,"Ended November 8th, 2025 at 3:33 AM","North Plains, OR 97133",14.0
BMW,E46 M3,Coupe,Manual,RWD,Private Party,2002.0,84500.0,44.0,1,1,1,0,48018.0,sold,2002 BMW M3 Coupe,Ended February 27th at 3:08 AM,"Houston, TX 77098",24.0
Porsche,987 Boxster,Convertible,Manual,RWD,Private Party,2008.0,116800.0,13.0,1,1,1,1,23750.0,sold,2008 Porsche Boxster RS 60 Spyder,"Ended October 30th, 2025 at 1:36 AM","Waterford, VA 20197",18.0
Fiat,X1/9,Convertible,Manual,RWD,Private Party,1974.0,68500.0,20.0,1,1,1,0,6800.0,sold,1974 Fiat X1/9,"Ended November 1st, 2025 at 3:53 AM","South Salem, NY 10590",52.0
Hyundai,Equus,Sedan,Automatic,RWD,Private Party,2016.0,100900.0,57.0,0,1,1,1,10200.0,sold,2016 Hyundai Equus Signature,Ended February 17th at 3:10 AM,"Lafayette, LA 70508",10.0
Mazda,ND Miata,Convertible,Manual,RWD,Private Party,2016.0,42300.0,25.0,1,1,1,0,16000.0,sold,2016 Mazda MX-5 Miata Club,Ended February 21st at 3:10 AM,"Elk Grove, CA 95758",10.0
Land Rover,Range Rover,SUV/Crossover,Automatic,4WD/AWD,Dealer,2011.0,92700.0,23.0,0,0,0,0,10600.0,sold,2011 Range Rover HSE,"Ended October 29th, 2025 at 2:02 AM","King Of Prussia, PA 19406",15.0
Land Rover,Range Rover,SUV/Crossover,Automatic,4WD/AWD,Private Party,2016.0,84400.0,33.0,0,0,1,0,21500.0,sold,2016 Range Rover HSE Td6,"Ended December 9th, 2025 at 4:06 AM","Alpine, NJ 07620",10.0
Ram,5500,Truck,Automatic,4WD/AWD,Private Party,2011.0,28600.0,81.0,0,0,1,0,70450.0,sold,2011 Ram 5500 Crew Cab SLT 4x4,Ended January 29th at 2:50 AM,"Elk Grove, CA 95624",15.0
Porsche,Macan,SUV/Crossover,Automatic,4WD/AWD,Private Party,2018.0,92900.0,23.0,0,0,1,0,20000.0,sold,2018 Porsche Macan S,Ended January 13th at 3:54 AM,"Port Saint Lucie, FL 34987",8.0
Toyota,Corolla,Sedan,Manual,FWD,Private Party,2005.0,51500.0,32.0,1,0,1,0,13000.0,sold,2005 Toyota Corolla XRS,Ended February 5th at 3:16 AM,"Fountain Valley, CA 92708",21.0
Volvo,XC70,Wagon,Automatic,4WD/AWD,Private Party,2010.0,63800.0,70.0,0,0,1,0,15300.0,sold,2010 Volvo XC70 T6 AWD,"Ended November 6th, 2025 at 3:28 AM","Stamford, CT 06901",16.0
BMW,5 Series,Sedan,Manual,RWD,Private Party,2002.0,99600.0,37.0,1,1,1,0,16500.0,sold,2002 BMW 540i Sedan,Ended January 7th at 4:05 AM,"Bel Air, MD 21015",24.0
Porsche,928,Coupe,Automatic,RWD,Private Party,1987.0,94800.0,8.0,0,1,1,0,17500.0,sold,1987 Porsche 928 S4,Ended February 26th at 4:30 AM,"Kenmore, WA 98028",39.0
BMW,5 Series,Sedan,Manual,RWD,Private Party,1989.0,238500.0,6.0,1,1,1,1,30000.0,sold,1989 BMW Alpina B10 3.5,"Ended October 30th, 2025 at 1:30 AM","Plainfield, IL 60585",37.0
Tesla,Model 3,Sedan,Automatic,4WD/AWD,Private Party,2019.0,78000.0,25.0,0,0,1,0,22000.0,sold,2019 Tesla Model 3 Performance,"Ended November 6th, 2025 at 4:09 AM","Boston, MA 02114",7.0
MINI,Cooper Countryman,SUV/Crossover,Automatic,FWD,Private Party,2016.0,105600.0,31.0,0,0,1,1,5900.0,sold,2016 Mini Cooper S Countryman,"Ended December 16th, 2025 at 4:51 AM","Boca Raton, FL 33496",10.0
Audi,TTS,Coupe,Automatic,4WD/AWD,Private Party,2021.0,15600.0,64.0,0,0,1,0,40000.0,sold,2021 Audi TTS Coupe,Ended January 22nd at 4:01 AM,"Santa Monica, CA 90403",5.0
Toyota,Tundra,Truck,Automatic,RWD,Private Party,2004.0,73300.0,51.0,0,1,1,0,10800.0,sold,2004 Toyota Tundra Limited Access Cab Stepside V8,"Ended December 20th, 2025 at 3:34 AM","Fort Lauderdale, FL 33311",22.0
BMW,X5,SUV/Crossover,Automatic,4WD/AWD,Private Party,2013.0,138000.0,3.0,0,0,1,1,10000.0,sold,2013 BMW X5 M,Ended January 9th at 2:54 AM,"Ridgeland, SC 29936",13.0
Nissan,Elgrand,Van/Minivan,Automatic,RWD,Dealer,1999.0,75200.0,37.0,0,1,0,0,7100.0,sold,1999 Nissan Elgrand Highway Star,Ended February 17th at 4:50 AM,"Ceres, CA 95307",27.0
Porsche,986 Boxster,Convertible,Manual,RWD,Private Party,2004.0,79400.0,53.0,1,1,1,0,13600.0,sold,2004 Porsche Boxster S,"Ended November 8th, 2025 at 4:36 AM","Minneapolis, MN 55441",22.0
Mercedes-Benz,S-Class AMG,Coupe,Automatic,RWD,Dealer,2016.0,6900.0,63.0,0,1,0,0,120500.0,sold,2016 Mercedes-AMG S65 Coupe,"Ended November 25th, 2025 at 4:20 AM","Fort Worth, TX 76108",10.0
BMW,Z3,Convertible,Manual,RWD,Private Party,1998.0,86600.0,36.0,1,1,1,0,9200.0,sold,1998 BMW Z3 M Roadster,"Ended November 12th, 2025 at 3:48 AM","West Palm Beach, FL 33411",28.0
Mercedes-Benz,C-Class AMG,Sedan,Automatic,RWD,Private Party,1999.0,152100.0,23.0,0,1,1,1,10350.0,sold,1999 Mercedes-Benz C43 AMG,Ended January 22nd at 3:11 AM,"Fullerton, CA 92832",27.0
Porsche,Macan,SUV/Crossover,Automatic,4WD/AWD,Dealer,2018.0,58400.0,32.0,0,0,0,0,24750.0,sold,2018 Porsche Macan S,"Ended December 2nd, 2025 at 3:28 AM","Savannah, GA 31405",8.0
Audi,S6,Sedan,Automatic,4WD/AWD,Private Party,2018.0,45100.0,37.0,0,0,1,0,30250.0,sold,2018 Audi S6,"Ended November 18th, 2025 at 2:58 AM","Mansfield, TX 76063",8.0
Toyota,Land Cruiser,SUV/Crossover,Automatic,4WD/AWD,Dealer,1992.0,154300.0,37.0,0,0,0,1,21250.0,sold,1992 Toyota Land Cruiser VX Limited,"Ended December 18th, 2025 at 3:08 AM","Hagerstown, MD 21740",34.0
Volkswagen,Eurovan,Van/Minivan,Automatic,FWD,Private Party,1997.0,39100.0,35.0,0,0,1,0,7088.0,sold,1997 Volkswagen EuroVan Winnebago Rialta,"Ended November 20th, 2025 at 2:59 AM","Las Vegas, NV 89123",29.0
Subaru,BRZ,Coupe,Manual,RWD,Private Party,2022.0,18500.0,21.0,1,1,1,0,26919.0,sold,2022 Subaru BRZ Limited,"Ended November 15th, 2025 at 3:06 AM","Larchmont, NY 10538",4.0
Mercedes-Benz,R107 SL,Convertible,Automatic,RWD,Private Party,1981.0,105100.0,7.0,0,1,1,1,4318.0,sold,1981 Mercedes-Benz 380SL,"Ended October 29th, 2025 at 1:50 AM","Saint Louis, MO 63105",45.0
Mazda,Mazda6,Wagon,Manual,FWD,Private Party,2006.0,187400.0,40.0,1,0,1,1,5600.0,sold,2006 Mazda6 S Sport Wagon,"Ended December 2nd, 2025 at 3:28 AM","Yorktown, VA 23692",20.0
Mercedes-Benz,E-Class,Sedan,Automatic,RWD,Private Party,2000.0,50200.0,5.0,0,1,1,0,7777.0,sold,2000 Mercedes-Benz E430 Sedan,"Ended October 23rd, 2025 at 3:22 AM","Centreville, VA 20121",26.0
Mercedes-Benz,W212 E63 AMG,Wagon,Automatic,4WD/AWD,Private Party,2014.0,76600.0,21.0,0,0,1,0,42500.0,sold,2014 Mercedes-Benz E63 AMG Wagon,"Ended December 13th, 2025 at 2:50 AM","Atlanta, GA 30305",12.0
Ford,Explorer,Truck,Automatic,4WD/AWD,Private Party,2010.0,181600.0,27.0,0,0,1,1,4500.0,sold,2010 Ford Explorer Sport Trac Limited 4x4,"Ended November 15th, 2025 at 3:15 AM","Calgary, AB, Canada",16.0
Audi,A3,Hatchback,Automatic,FWD,Private Party,2013.0,121200.0,8.0,0,0,1,1,5400.0,sold,2013 Audi A3 TDI Premium Plus,"Ended December 11th, 2025 at 4:06 AM","Richmond, CA 94804",13.0
Porsche,997 911,Convertible,Manual,RWD,Private Party,2006.0,53500.0,39.0,1,1,1,0,48500.0,sold,2006 Porsche 911 Carrera S Cabriolet,Ended January 31st at 3:01 AM,"Chesterfield, MO 63005",20.0
Chevrolet,Silverado,Truck,Automatic,4WD/AWD,Private Party,2011.0,152300.0,49.0,0,0,1,1,20500.0,sold,2011 Chevrolet Silverado 2500HD LTZ 4x4,"Ended October 29th, 2025 at 3:18 AM","Santa Cruz, CA 95060",15.0
Saab,9-5,Sedan,Manual,FWD,Private Party,2011.0,116000.0,17.0,1,0,1,1,4400.0,sold,2011 Saab 9-5 Turbo4 Sedan,"Ended November 1st, 2025 at 2:06 AM","Milwaukee, WI 53209",15.0
